,pro ro hydro tot mwh/h cet h f 2026-10-07T00:00:00+02:00
2026-10-07 00:00:00+02:00,397.22144824226564
2026-10-07 01:00:00+02:00,371.86800920238625
2026-10-07 02:00:00+02:00,387.57554523956713
2026-10-07 03:00:00+02:00,385.1508920255874
2026-10-07 04:00:00+02:00,441.2868849101159
2026-10-07 05:00:00+02:00,784.7442836293588
2026-10-07 06:00:00+02:00,1478.0369732160248
2026-10-07 07:00:00+02:00,1592.4173530848043
2026-10-07 08:00:00+02:00,1330.8710651093547
2026-10-07 09:00:00+02:00,550.5016992359635
2026-10-07 10:00:00+02:00,382.778948664362
2026-10-07 11:00:00+02:00,364.96301852823507
2026-10-07 12:00:00+02:00,363.7506919211623
2026-10-07 13:00:00+02:00,382.30455999209835
2026-10-07 14:00:00+02:00,392.3194319623009
2026-10-07 15:00:00+02:00,410.87330003277043
2026-10-07 16:00:00+02:00,510.49492120813113
2026-10-07 17:00:00+02:00,1700.1035816882859
2026-10-07 18:00:00+02:00,2181.4499544790874
2026-10-07 19:00:00+02:00,2233.369159166284
2026-10-07 20:00:00+02:00,2150.9836597476874
2026-10-07 21:00:00+02:00,1699.734612721382
2026-10-07 22:00:00+02:00,1203.524061532809
2026-10-07 23:00:00+02:00,797.4473580755355
2026-10-08 00:00:00+02:00,361.0846086077583
2026-10-08 01:00:00+02:00,338.03767432701886
2026-10-08 02:00:00+02:00,352.3162323637003
2026-10-08 03:00:00+02:00,350.1121596468951
2026-10-08 04:00:00+02:00,401.1412345093601
2026-10-08 05:00:00+02:00,713.3529263473644
2026-10-08 06:00:00+02:00,1343.5739795615116
2026-10-08 07:00:00+02:00,1447.5487142592513
2026-10-08 08:00:00+02:00,1209.7963485582343
2026-10-08 09:00:00+02:00,500.4203360271275
2026-10-08 10:00:00+02:00,347.9560015539065
2026-10-08 11:00:00+02:00,331.7608585457517
2026-10-08 12:00:00+02:00,330.6588221872086
2026-10-08 13:00:00+02:00,347.5247699353462
2026-10-08 14:00:00+02:00,356.6285485494929
2026-10-08 15:00:00+02:00,373.4944962974358
2026-10-08 16:00:00+02:00,464.0531361949582
2026-10-08 17:00:00+02:00,1545.4382916724996
2026-10-08 18:00:00+02:00,1982.9946406375625
2026-10-08 19:00:00+02:00,2030.1905455577767
2026-10-08 20:00:00+02:00,1955.299987801131
2026-10-08 21:00:00+02:00,1545.1028893012708
2026-10-08 22:00:00+02:00,1094.0346162872802
2026-10-08 23:00:00+02:00,724.9003507999246
2026-10-09 00:00:00+02:00,386.7182954668658
2026-10-09 01:00:00+02:00,362.0352407800873
2026-10-09 02:00:00+02:00,377.3274451392357
2026-10-09 03:00:00+02:00,374.96690352640377
2026-10-09 04:00:00+02:00,429.6185734671709
2026-10-09 05:00:00+02:00,763.994424483713
2026-10-09 06:00:00+02:00,1438.9553772812878
2026-10-09 07:00:00+02:00,1550.3113620429012
2026-10-09 08:00:00+02:00,1295.680764628511
2026-10-09 09:00:00+02:00,535.945578271755
2026-10-09 10:00:00+02:00,372.6576780360508
2026-10-09 11:00:00+02:00,355.3128287966973
2026-10-09 12:00:00+02:00,354.1325579905573
2026-10-09 13:00:00+02:00,372.195832938147
2026-10-09 14:00:00+02:00,381.9458961199418
2026-10-09 15:00:00+02:00,400.0091710673392
2026-10-09 16:00:00+02:00,496.99664166621477
2026-10-09 17:00:00+02:00,1655.1501993080117
2026-10-09 18:00:00+02:00,2123.769025503675
2026-10-09 19:00:00+02:00,2174.3154056834733
2026-10-09 20:00:00+02:00,2094.1083069803594
2026-10-09 21:00:00+02:00,1654.790986454767
2026-10-09 22:00:00+02:00,1171.701013852832
2026-10-09 23:00:00+02:00,776.3616098881043
2026-10-10 00:00:00+02:00,338.9339263892272
2026-10-10 01:00:00+02:00,322.6747078940446
2026-10-10 02:00:00+02:00,332.74798671215325
2026-10-10 03:00:00+02:00,331.19305105572414
2026-10-10 04:00:00+02:00,367.19319179887145
2026-10-10 05:00:00+02:00,587.4532078384663
2026-10-10 06:00:00+02:00,1032.0633967540782
2026-10-10 07:00:00+02:00,1105.4157962025809
2026-10-10 08:00:00+02:00,937.6855629927591
2026-10-10 09:00:00+02:00,437.232902240116
2026-10-10 10:00:00+02:00,329.67191834818584
2026-10-10 11:00:00+02:00,318.2465215678131
2026-10-10 12:00:00+02:00,317.4690537396347
2026-10-10 13:00:00+02:00,329.3676918066946
2026-10-10 14:00:00+02:00,335.79025212714953
2026-10-10 15:00:00+02:00,347.6888901944556
2026-10-10 16:00:00+02:00,411.5764639075588
2026-10-10 17:00:00+02:00,1174.4752211204238
2026-10-10 18:00:00+02:00,1483.1637518878413
2026-10-10 19:00:00+02:00,1516.4596567066317
2026-10-10 20:00:00+02:00,1463.6256473329033
2026-10-10 21:00:00+02:00,1174.2386004777654
2026-10-10 22:00:00+02:00,856.0176380771599
2026-10-10 23:00:00+02:00,595.5997185607915
2026-10-11 00:00:00+02:00,372.75755279963903
2026-10-11 01:00:00+02:00,363.41121525781483
2026-10-11 02:00:00+02:00,369.20166970160614
2026-10-11 03:00:00+02:00,368.3078411631899
2026-10-11 04:00:00+02:00,389.0019149305434
2026-10-11 05:00:00+02:00,515.6146704868466
2026-10-11 06:00:00+02:00,771.1913392761659
2026-10-11 07:00:00+02:00,813.3567290178844
2026-10-11 08:00:00+02:00,716.9398332115817
2026-10-11 09:00:00+02:00,429.2630612645554
2026-10-11 10:00:00+02:00,367.433443680236
2026-10-11 11:00:00+02:00,360.8657470291148
2026-10-11 12:00:00+02:00,360.4188327600166
2026-10-11 13:00:00+02:00,367.2585641835554
2026-10-11 14:00:00+02:00,370.9504646678518
2026-10-11 15:00:00+02:00,377.7901960913905
2026-10-11 16:00:00+02:00,414.5148903824752
2026-10-11 17:00:00+02:00,853.0543747514282
2026-10-11 18:00:00+02:00,1030.4987706601444
2026-10-11 19:00:00+02:00,1049.6383600129518
2026-10-11 20:00:00+02:00,1019.2676207651756
2026-10-11 21:00:00+02:00,852.9183573649156
2026-10-11 22:00:00+02:00,669.9944038960416
2026-10-11 23:00:00+02:00,520.2975547851171
2026-10-12 00:00:00+02:00,393.609416784059
2026-10-12 01:00:00+02:00,368.486522745602
2026-10-12 02:00:00+02:00,384.0512263284314
2026-10-12 03:00:00+02:00,381.6486210777366
2026-10-12 04:00:00+02:00,437.27415569471
2026-10-12 05:00:00+02:00,777.6084125636457
2026-10-12 06:00:00+02:00,1464.5968227224512
2026-10-12 07:00:00+02:00,1577.937113914969
2026-10-12 08:00:00+02:00,1318.769130092658
2026-10-12 09:00:00+02:00,545.4958530907252
2026-10-12 10:00:00+02:00,379.2982463752304
2026-10-12 11:00:00+02:00,361.64432083503505
2026-10-12 12:00:00+02:00,360.44301820941155
2026-10-12 13:00:00+02:00,378.8281714348967
2026-10-12 14:00:00+02:00,388.7519757328866
2026-10-12 15:00:00+02:00,407.1371289585642
2026-10-12 16:00:00+02:00,505.85286644794917
2026-10-12 17:00:00+02:00,1684.6441253918574
2026-10-12 18:00:00+02:00,2161.6134982777435
2026-10-12 19:00:00+02:00,2213.06058898
2026-10-12 20:00:00+02:00,2131.4242409925614
2026-10-12 21:00:00+02:00,1684.2785115480663
2026-10-12 22:00:00+02:00,1192.5801238625554
2026-10-12 23:00:00+02:00,790.1959748574878
2026-10-13 00:00:00+02:00,397.35253095124756
2026-10-13 01:00:00+02:00,371.99072529994316
2026-10-13 02:00:00+02:00,387.7034448094233
2026-10-13 03:00:00+02:00,385.2779914626026
2026-10-13 04:00:00+02:00,441.43250917248463
2026-10-13 05:00:00+02:00,785.0032485137078
2026-10-13 06:00:00+02:00,1478.5247240458245
2026-10-13 07:00:00+02:00,1592.94284933229
2026-10-13 08:00:00+02:00,1331.3102513253777
2026-10-13 09:00:00+02:00,550.6833642854073
2026-10-13 10:00:00+02:00,382.9052653620832
2026-10-13 11:00:00+02:00,365.0834559852844
2026-10-13 12:00:00+02:00,363.8707293119989
2026-10-13 13:00:00+02:00,382.4307201418125
2026-10-13 14:00:00+02:00,392.44889701017786
2026-10-13 15:00:00+02:00,411.00888784046265
2026-10-13 16:00:00+02:00,510.66338405835535
2026-10-13 17:00:00+02:00,1700.6646142916047
2026-10-13 18:00:00+02:00,2182.169830937413
2026-10-13 19:00:00+02:00,2234.1061689150047
2026-10-13 20:00:00+02:00,2151.6934823586216
2026-10-13 21:00:00+02:00,1700.2955235648724
2026-10-13 22:00:00+02:00,1203.9212233555772
2026-10-13 23:00:00+02:00,797.7105149632273
2026-10-14 00:00:00+02:00,378.9780365727387
2026-10-14 01:00:00+02:00,354.7890191111135
2026-10-14 02:00:00+02:00,369.77514635360455
2026-10-14 03:00:00+02:00,367.46185154409466
2026-10-14 04:00:00+02:00,421.01965527980104
2026-10-14 05:00:00+02:00,748.7028939085632
2026-10-14 06:00:00+02:00,1410.154342295497
2026-10-14 07:00:00+02:00,1519.281510470386
2026-10-14 08:00:00+02:00,1269.74740517881
2026-10-14 09:00:00+02:00,525.218499730187
2026-10-14 10:00:00+02:00,365.19884575255145
2026-10-14 11:00:00+02:00,348.2011578065697
2026-10-14 12:00:00+02:00,347.0445104019551
2026-10-14 13:00:00+02:00,364.74624459431686
2026-10-14 14:00:00+02:00,374.3011579367849
2026-10-14 15:00:00+02:00,392.00289212904704
2026-10-14 16:00:00+02:00,487.0491353780309
2026-10-14 17:00:00+02:00,1622.0219734107384
2026-10-14 18:00:00+02:00,2081.261282059893
2026-10-14 19:00:00+02:00,2130.795964388492
2026-10-14 20:00:00+02:00,2052.194229891231
2026-10-14 21:00:00+02:00,1621.669950286358
2026-10-14 22:00:00+02:00,1148.2491386769823
2026-10-14 23:00:00+02:00,760.8225471482169
2026-10-15 00:00:00+02:00,397.58751288148284
2026-10-15 01:00:00+02:00,372.2107090467278
2026-10-15 02:00:00+02:00,387.9327205700803
2026-10-15 03:00:00+02:00,385.50583288529543
2026-10-15 04:00:00+02:00,441.69355863096683
2026-10-15 05:00:00+02:00,785.4674750238208
2026-10-15 06:00:00+02:00,1479.3990775874267
2026-10-15 07:00:00+02:00,1593.884866196091
2026-10-15 08:00:00+02:00,1332.0975468076067
2026-10-15 09:00:00+02:00,551.009021301909
2026-10-15 10:00:00+02:00,383.1317036284405
2026-10-15 11:00:00+02:00,365.2993549882413
2026-10-15 12:00:00+02:00,364.08591114558345
2026-10-15 13:00:00+02:00,382.65687777697684
2026-10-15 14:00:00+02:00,392.6809790836948
2026-10-15 15:00:00+02:00,411.25194571518784
2026-10-15 16:00:00+02:00,510.96537450321495
2026-10-15 17:00:00+02:00,1701.6703344576863
2026-10-15 18:00:00+02:00,2183.4602983159575
2026-10-15 19:00:00+02:00,2235.4273498260422
2026-10-15 20:00:00+02:00,2152.965926971826
2026-10-15 21:00:00+02:00,1701.301025462588
2026-10-15 22:00:00+02:00,1204.6331849275598
2026-10-15 23:00:00+02:00,798.1822561545962
2026-10-16 00:00:00+02:00,412.55133703873054
2026-10-16 01:00:00+02:00,386.2194377397668
2026-10-16 02:00:00+02:00,402.53317160885973
2026-10-16 03:00:00+02:00,400.0149442331873
2026-10-16 04:00:00+02:00,458.31738238984394
2026-10-16 05:00:00+02:00,815.0297645742015
2026-10-16 06:00:00+02:00,1535.078561822576
2026-10-16 07:00:00+02:00,1653.8732010714136
2026-10-16 08:00:00+02:00,1382.2331089292602
2026-10-16 09:00:00+02:00,571.7471024457927
2026-10-16 10:00:00+02:00,397.551460930714
2026-10-16 11:00:00+02:00,379.04796412617236
2026-10-16 12:00:00+02:00,377.78885043855405
2026-10-16 13:00:00+02:00,397.05876427023804
2026-10-16 14:00:00+02:00,407.4601382137146
2026-10-16 15:00:00+02:00,426.73005204566783
2026-10-16 16:00:00+02:00,530.1963507456437
2026-10-16 17:00:00+02:00,1765.7153429998953
2026-10-16 18:00:00+02:00,2265.638221161483
2026-10-16 19:00:00+02:00,2319.561133447978
2026-10-16 20:00:00+02:00,2233.996146745821
2026-10-16 21:00:00+02:00,1765.332134485779
2026-10-16 22:00:00+02:00,1249.9714276275122
2026-10-16 23:00:00+02:00,828.2230862602833
2026-10-17 00:00:00+02:00,381.81820299403415
2026-10-17 01:00:00+02:00,364.91522147439775
2026-10-17 02:00:00+02:00,375.38733892299524
2026-10-17 03:00:00+02:00,373.7708375720821
2026-10-17 04:00:00+02:00,411.19635798459393
2026-10-17 05:00:00+02:00,640.1772885084678
2026-10-17 06:00:00+02:00,1102.3912509355105
2026-10-17 07:00:00+02:00,1178.647945109941
2026-10-17 08:00:00+02:00,1004.2766471883111
2026-10-17 09:00:00+02:00,484.00920145359333
2026-10-17 10:00:00+02:00,372.18947755449574
2026-10-17 11:00:00+02:00,360.3117067569918
2026-10-17 12:00:00+02:00,359.5034560813422
2026-10-17 13:00:00+02:00,371.8732055512442
2026-10-17 14:00:00+02:00,378.55005895793283
2026-10-17 15:00:00+02:00,390.9198084276843
2026-10-17 16:00:00+02:00,457.3369291599356
2026-10-17 17:00:00+02:00,1250.4416899008966
2026-10-17 18:00:00+02:00,1571.3523494378421
2026-10-17 19:00:00+02:00,1605.9665631535913
2026-10-17 20:00:00+02:00,1551.040658547308
2026-10-17 21:00:00+02:00,1250.1957005658944
2026-10-17 22:00:00+02:00,919.3751849184385
2026-10-17 23:00:00+02:00,648.6463499351488
2026-10-18 00:00:00+02:00,397.501024885384
2026-10-18 01:00:00+02:00,384.67363430161765
2026-10-18 02:00:00+02:00,392.6207494658893
2026-10-18 03:00:00+02:00,391.3940135678604
2026-10-18 04:00:00+02:00,419.7956164200851
2026-10-18 05:00:00+02:00,593.5654231647691
2026-10-18 06:00:00+02:00,944.3318854286605
2026-10-18 07:00:00+02:00,1002.2018180015482
2026-10-18 08:00:00+02:00,869.8743500647485
2026-10-18 09:00:00+02:00,475.0520681656826
2026-10-18 10:00:00+02:00,390.19394584185414
2026-10-18 11:00:00+02:00,381.18010380990773
2026-10-18 12:00:00+02:00,380.56673586111754
2026-10-18 13:00:00+02:00,389.9539322966265
2026-10-18 14:00:00+02:00,395.0208849180995
2026-10-18 15:00:00+02:00,404.4080813536003
2026-10-18 16:00:00+02:00,454.81092585156966
2026-10-18 17:00:00+02:00,1056.684892767702
2026-10-18 18:00:00+02:00,1300.2186366584233
2026-10-18 19:00:00+02:00,1326.486785775007
2026-10-18 20:00:00+02:00,1284.8044334200988
2026-10-18 21:00:00+02:00,1056.4982155652751
2026-10-18 22:00:00+02:00,805.4440472576268
2026-10-18 23:00:00+02:00,599.9924525425324
2026-10-19 00:00:00+02:00,415.465623601345
2026-10-19 01:00:00+02:00,388.9477142397675
2026-10-19 02:00:00+02:00,405.3766892705433
2026-10-19 03:00:00+02:00,402.84067299050366
2026-10-19 04:00:00+02:00,461.554962950544
2026-10-19 05:00:00+02:00,820.787182083102
2026-10-19 06:00:00+02:00,1545.9224457820353
2026-10-19 07:00:00+02:00,1665.5562572482936
2026-10-19 08:00:00+02:00,1391.9972837476807
2026-10-19 09:00:00+02:00,575.7859571251945
2026-10-19 10:00:00+02:00,400.35978749934526
2026-10-19 11:00:00+02:00,381.725580920521
2026-10-19 12:00:00+02:00,380.4575727806364
2026-10-19 13:00:00+02:00,399.8636104010949
2026-10-19 14:00:00+02:00,410.33846025295173
2026-10-19 15:00:00+02:00,429.74449787360516
2026-10-19 16:00:00+02:00,533.9416885060809
2026-10-19 17:00:00+02:00,1778.1884585523103
2026-10-19 18:00:00+02:00,2281.6428209094
2026-10-19 19:00:00+02:00,2335.946647773996
2026-10-19 20:00:00+02:00,2249.777225043995
2026-10-19 21:00:00+02:00,1777.8025430314487
2026-10-19 22:00:00+02:00,1258.8012982611606
2026-10-19 23:00:00+02:00,834.0737021586601
2026-10-20 00:00:00+02:00,423.7197485625054
2026-10-20 01:00:00+02:00,396.67500346432
2026-10-20 02:00:00+02:00,413.4303756873807
2026-10-20 03:00:00+02:00,410.84397594799816
2026-10-20 04:00:00+02:00,470.72475251673313
2026-10-20 05:00:00+02:00,837.0938981684108
2026-10-20 06:00:00+02:00,1576.6355453076578
2026-10-20 07:00:00+02:00,1698.646141694946
2026-10-20 08:00:00+02:00,1419.6523263607612
2026-10-20 09:00:00+02:00,587.2251929386676
2026-10-20 10:00:00+02:00,408.3138022902752
2026-10-20 11:00:00+02:00,389.30938681609865
2026-10-20 12:00:00+02:00,388.01618694654775
2026-10-20 13:00:00+02:00,407.8077675588974
2026-10-20 14:00:00+02:00,418.49072300282546
2026-10-20 15:00:00+02:00,438.2823036149782
2026-10-20 16:00:00+02:00,544.5495972438603
2026-10-20 17:00:00+02:00,1813.5160257601951
2026-10-20 18:00:00+02:00,2326.9726000546493
2026-10-20 19:00:00+02:00,2382.355290118597
2026-10-20 20:00:00+02:00,2294.4739250709636
2026-10-20 21:00:00+02:00,1813.1224431912015
2026-10-20 22:00:00+02:00,1283.8101139766036
2026-10-20 23:00:00+02:00,850.6443837576658
2026-10-21 00:00:00+02:00,427.21935392545555
2026-10-21 01:00:00+02:00,399.9512396425329
2026-10-21 02:00:00+02:00,416.8449985952592
2026-10-21 03:00:00+02:00,414.2372371463258
2026-10-21 04:00:00+02:00,474.61258373990347
2026-10-21 05:00:00+02:00,844.0076620550005
2026-10-21 06:00:00+02:00,1589.657365103635
2026-10-21 07:00:00+02:00,1712.6756769437045
2026-10-21 08:00:00+02:00,1431.3775832356455
2026-10-21 09:00:00+02:00,592.0752298828897
2026-10-21 10:00:00+02:00,411.68616616358236
2026-10-21 11:00:00+02:00,392.5247885588092
2026-10-21 12:00:00+02:00,391.22090783442576
2026-10-21 13:00:00+02:00,411.1759519668295
2026-10-21 14:00:00+02:00,421.94714056102464
2026-10-21 15:00:00+02:00,441.90218469352806
2026-10-21 16:00:00+02:00,549.047165972404
2026-10-21 17:00:00+02:00,1828.4942995644708
2026-10-21 18:00:00+02:00,2346.191637680851
2026-10-21 19:00:00+02:00,2402.0317469723514
2026-10-21 20:00:00+02:00,2313.4245481669386
2026-10-21 21:00:00+02:00,1828.0974663004745
2026-10-21 22:00:00+02:00,1294.4134166902495
2026-10-21 23:00:00+02:00,857.6700644299425
2026-10-22 00:00:00+02:00,444.16820724294706
2026-10-22 01:00:00+02:00,415.5187414828598
2026-10-22 02:00:00+02:00,430.52968885692286
2026-10-22 03:00:00+02:00,428.2530300347484
2026-10-22 04:00:00+02:00,488.53715182179633
2026-10-22 05:00:00+02:00,847.2623035556275
2026-10-22 06:00:00+02:00,1562.545335187476
2026-10-22 07:00:00+02:00,1689.6084109811788
2026-10-22 08:00:00+02:00,1427.8258854042488
2026-10-22 09:00:00+02:00,636.1242443770134
2026-10-22 10:00:00+02:00,463.61003220127844
2026-10-22 11:00:00+02:00,442.7773758167745
2026-10-22 12:00:00+02:00,438.4357273763314
2026-10-22 13:00:00+02:00,454.38168963274484
2026-10-22 14:00:00+02:00,462.15949963171744
2026-10-22 15:00:00+02:00,481.35666383863503
2026-10-22 16:00:00+02:00,586.8755508951283
2026-10-22 17:00:00+02:00,1803.1739056711767
2026-10-22 18:00:00+02:00,2299.8063648550606
2026-10-22 19:00:00+02:00,2354.1129111624446
2026-10-22 20:00:00+02:00,2263.0404334811556
2026-10-22 21:00:00+02:00,1792.047571049127
2026-10-22 22:00:00+02:00,1276.6520634187768
2026-10-22 23:00:00+02:00,855.7993784247071
2026-10-23 00:00:00+02:00,459.50854247784184
2026-10-23 01:00:00+02:00,430.22030662455415
2026-10-23 02:00:00+02:00,441.39254655945416
2026-10-23 03:00:00+02:00,439.0042265805781
2026-10-23 04:00:00+02:00,499.63309785295877
2026-10-23 05:00:00+02:00,845.2001831558196
2026-10-23 06:00:00+02:00,1524.045227899199
2026-10-23 07:00:00+02:00,1650.696529279295
2026-10-23 08:00:00+02:00,1410.132782573982
2026-10-23 09:00:00+02:00,672.4249830586222
2026-10-23 10:00:00+02:00,508.7739684789505
2026-10-23 11:00:00+02:00,486.570389011319
2026-10-23 12:00:00+02:00,480.5103344713397
2026-10-23 13:00:00+02:00,496.4020536785466
2026-10-23 14:00:00+02:00,504.5142138620872
2026-10-23 15:00:00+02:00,524.3482916575556
2026-10-23 16:00:00+02:00,627.3483161549898
2026-10-23 17:00:00+02:00,1769.5660793022848
2026-10-23 18:00:00+02:00,2239.620297997105
2026-10-23 19:00:00+02:00,2289.7376557125126
2026-10-23 20:00:00+02:00,2195.979675423052
2026-10-23 21:00:00+02:00,1742.5035249681341
2026-10-23 22:00:00+02:00,1248.1477193698936
2026-10-23 23:00:00+02:00,845.9269043561673
2026-10-24 00:00:00+02:00,374.7378141885517
2026-10-24 01:00:00+02:00,353.8190010716202
2026-10-24 02:00:00+02:00,360.1642269070328
2026-10-24 03:00:00+02:00,360.6915244598452
2026-10-24 04:00:00+02:00,402.98938999596277
2026-10-24 05:00:00+02:00,634.5192208264065
2026-10-24 06:00:00+02:00,1079.1588073677892
2026-10-24 07:00:00+02:00,1167.3917276187747
2026-10-24 08:00:00+02:00,1012.871289792882
2026-10-24 09:00:00+02:00,537.6358564370902
2026-10-24 10:00:00+02:00,431.90535517348513
2026-10-24 11:00:00+02:00,415.66267513251495
2026-10-24 12:00:00+02:00,409.33644954534935
2026-10-24 13:00:00+02:00,417.56137754730764
2026-10-24 14:00:00+02:00,422.0978079344396
2026-10-24 15:00:00+02:00,438.2971885177234
2026-10-24 16:00:00+02:00,512.7189043403885
2026-10-24 17:00:00+02:00,1261.0811798957798
2026-10-24 18:00:00+02:00,1571.943709008407
2026-10-24 19:00:00+02:00,1603.4185596370908
2026-10-24 20:00:00+02:00,1534.8597636346651
2026-10-24 21:00:00+02:00,1230.6290676898238
2026-10-24 22:00:00+02:00,902.1868085853965
2026-10-24 23:00:00+02:00,634.9576660457358
2026-10-25 00:00:00+02:00,393.26227493056757
2026-10-25 01:00:00+02:00,371.710799070305
2026-10-25 02:00:00+02:00,376.7185302254354
2026-10-25 02:00:00+01:00,374.02727331453195
2026-10-25 03:00:00+01:00,373.74007999316933
2026-10-25 04:00:00+01:00,410.6268853449832
2026-10-25 05:00:00+01:00,602.0994355282916
2026-10-25 06:00:00+01:00,968.191125187476
2026-10-25 07:00:00+01:00,1048.3868782326272
2026-10-25 08:00:00+01:00,928.791137574632
2026-10-25 09:00:00+01:00,545.3440552362324
2026-10-25 10:00:00+01:00,456.6712452749815
2026-10-25 11:00:00+01:00,441.6587823672845
2026-10-25 12:00:00+01:00,436.5268805571403
2026-10-25 13:00:00+01:00,442.0100752851199
2026-10-25 14:00:00+01:00,444.2195125754759
2026-10-25 15:00:00+01:00,457.67613119383327
2026-10-25 16:00:00+01:00,522.705103051063
2026-10-25 17:00:00+01:00,1131.145089251035
2026-10-25 18:00:00+01:00,1382.9785872889681
2026-10-25 19:00:00+01:00,1405.7029203355341
2026-10-25 20:00:00+01:00,1348.8719238264164
2026-10-25 21:00:00+01:00,1103.4613163577148
2026-10-25 22:00:00+01:00,833.4011219040784
2026-10-25 23:00:00+01:00,609.0894746534462
2026-10-26 00:00:00+01:00,515.6990348378882
2026-10-26 01:00:00+01:00,480.6127992894293
2026-10-26 02:00:00+01:00,482.9958598321129
2026-10-26 03:00:00+01:00,480.0515349685738
2026-10-26 04:00:00+01:00,538.4420825075645
2026-10-26 05:00:00+01:00,839.7292248842541
2026-10-26 06:00:00+01:00,1404.3176937858104
2026-10-26 07:00:00+01:00,1527.8042397828178
2026-10-26 08:00:00+01:00,1342.2462383103407
2026-10-26 09:00:00+01:00,761.8062052489689
2026-10-26 10:00:00+01:00,631.4056583687699
2026-10-26 11:00:00+01:00,608.3651852055762
2026-10-26 12:00:00+01:00,596.9125930108132
2026-10-26 13:00:00+01:00,604.1852088643747
2026-10-26 14:00:00+01:00,615.725585673496
2026-10-26 15:00:00+01:00,648.5495769492483
2026-10-26 16:00:00+01:00,763.3673310848048
2026-10-26 17:00:00+01:00,1694.6143896097867
2026-10-26 18:00:00+01:00,2082.745055794428
2026-10-26 19:00:00+01:00,2109.7424861611657
2026-10-26 20:00:00+01:00,2010.8939968201191
2026-10-26 21:00:00+01:00,1615.2371381604578
2026-10-26 22:00:00+01:00,1187.3823151361855
2026-10-26 23:00:00+01:00,835.7130076279514
2026-10-27 00:00:00+01:00,541.1084041612991
2026-10-27 01:00:00+01:00,504.0354439475825
2026-10-27 02:00:00+01:00,499.91302284384665
2026-10-27 03:00:00+01:00,499.4916794303843
2026-10-27 04:00:00+01:00,556.6211331015315
2026-10-27 05:00:00+01:00,849.1656765300545
2026-10-27 06:00:00+01:00,1397.6931120011966
2026-10-27 07:00:00+01:00,1536.3956861087242
2026-10-27 08:00:00+01:00,1375.087255742204
2026-10-27 09:00:00+01:00,833.936242042966
2026-10-27 10:00:00+01:00,702.8955926662744
2026-10-27 11:00:00+01:00,678.3560841505414
2026-10-27 12:00:00+01:00,669.4627504704505
2026-10-27 13:00:00+01:00,679.7487209579231
2026-10-27 14:00:00+01:00,687.6754419477545
2026-10-27 15:00:00+01:00,720.0171270033737
2026-10-27 16:00:00+01:00,840.3656214802928
2026-10-27 17:00:00+01:00,1726.828421729074
2026-10-27 18:00:00+01:00,2096.5661925804993
2026-10-27 19:00:00+01:00,2118.5079972624035
2026-10-27 20:00:00+01:00,2004.244747853867
2026-10-27 21:00:00+01:00,1603.4082383589678
2026-10-27 22:00:00+01:00,1171.1962804725592
2026-10-27 23:00:00+01:00,828.9103318831366
2026-10-28 00:00:00+01:00,523.695450493388
2026-10-28 01:00:00+01:00,494.5802948578173
2026-10-28 02:00:00+01:00,500.31422908856604
2026-10-28 03:00:00+01:00,502.055119850688
2026-10-28 04:00:00+01:00,566.6396573819248
2026-10-28 05:00:00+01:00,850.8279396283749
2026-10-28 06:00:00+01:00,1364.3621867676313
2026-10-28 07:00:00+01:00,1499.9834233873041
2026-10-28 08:00:00+01:00,1351.4332756123113
2026-10-28 09:00:00+01:00,855.3994314920975
2026-10-28 10:00:00+01:00,729.8609715550762
2026-10-28 11:00:00+01:00,700.924097715373
2026-10-28 12:00:00+01:00,688.3705799290575
2026-10-28 13:00:00+01:00,696.3430626690348
2026-10-28 14:00:00+01:00,711.7508796002254
2026-10-28 15:00:00+01:00,762.4404138052334
2026-10-28 16:00:00+01:00,885.5212740812441
2026-10-28 17:00:00+01:00,1681.576830470851
2026-10-28 18:00:00+01:00,2000.2886437976451
2026-10-28 19:00:00+01:00,2002.4255780377175
2026-10-28 20:00:00+01:00,1886.5320627844408
2026-10-28 21:00:00+01:00,1519.6142887205078
2026-10-28 22:00:00+01:00,1129.6003519713192
2026-10-28 23:00:00+01:00,812.8150433074047
2026-10-29 00:00:00+01:00,552.4185389012267
2026-10-29 01:00:00+01:00,518.533838305584
2026-10-29 02:00:00+01:00,523.1711534898602
2026-10-29 03:00:00+01:00,533.5485021142797
2026-10-29 04:00:00+01:00,597.8954072986588
2026-10-29 05:00:00+01:00,860.2708655783873
2026-10-29 06:00:00+01:00,1337.7034751758213
2026-10-29 07:00:00+01:00,1477.5379825633308
2026-10-29 08:00:00+01:00,1361.7611259929554
2026-10-29 09:00:00+01:00,922.136467328022
2026-10-29 10:00:00+01:00,812.5300807203132
2026-10-29 11:00:00+01:00,789.116124533726
2026-10-29 12:00:00+01:00,777.4426603481867
2026-10-29 13:00:00+01:00,780.1084576495895
2026-10-29 14:00:00+01:00,787.655802025337
2026-10-29 15:00:00+01:00,828.964832825461
2026-10-29 16:00:00+01:00,954.5105794013004
2026-10-29 17:00:00+01:00,1692.5989161442644
2026-10-29 18:00:00+01:00,1991.9994980248748
2026-10-29 19:00:00+01:00,1982.7167529779715
2026-10-29 20:00:00+01:00,1863.3015074194016
2026-10-29 21:00:00+01:00,1507.8119592116475
2026-10-29 22:00:00+01:00,1123.4638590498957
2026-10-29 23:00:00+01:00,815.47042335449
2026-10-30 00:00:00+01:00,567.1320530206889
2026-10-30 01:00:00+01:00,542.1831133936693
2026-10-30 02:00:00+01:00,543.6301022649349
2026-10-30 03:00:00+01:00,545.7689781994001
2026-10-30 04:00:00+01:00,611.4003547775542
2026-10-30 05:00:00+01:00,861.7122086229456
2026-10-30 06:00:00+01:00,1308.472335752497
2026-10-30 07:00:00+01:00,1440.1134732077146
2026-10-30 08:00:00+01:00,1335.995091637651
2026-10-30 09:00:00+01:00,938.274225881213
2026-10-30 10:00:00+01:00,841.3729569279782
2026-10-30 11:00:00+01:00,823.3365490093305
2026-10-30 12:00:00+01:00,811.8593750377198
2026-10-30 13:00:00+01:00,807.3139084450028
2026-10-30 14:00:00+01:00,809.0347264708355
2026-10-30 15:00:00+01:00,868.1541270083858
2026-10-30 16:00:00+01:00,1014.4038532578354
2026-10-30 17:00:00+01:00,1686.0092715167978
2026-10-30 18:00:00+01:00,1946.8620286239611
2026-10-30 19:00:00+01:00,1919.0831909934448
2026-10-30 20:00:00+01:00,1790.4234218396862
2026-10-30 21:00:00+01:00,1464.0348462167626
2026-10-30 22:00:00+01:00,1120.6958809668292
2026-10-30 23:00:00+01:00,846.0989489808295
2026-10-31 00:00:00+01:00,459.1680526994823
2026-10-31 01:00:00+01:00,426.3591094925307
2026-10-31 02:00:00+01:00,422.8230757929715
2026-10-31 03:00:00+01:00,425.80660851816737
2026-10-31 04:00:00+01:00,468.6971143370571
2026-10-31 05:00:00+01:00,638.6059083560531
2026-10-31 06:00:00+01:00,940.0464991189605
2026-10-31 07:00:00+01:00,1046.0969422385851
2026-10-31 08:00:00+01:00,990.0879000056505
2026-10-31 09:00:00+01:00,734.0581653173193
2026-10-31 10:00:00+01:00,659.4614786585166
2026-10-31 11:00:00+01:00,638.1773916450599
2026-10-31 12:00:00+01:00,628.0887303485388
2026-10-31 13:00:00+01:00,633.6892503146528
2026-10-31 14:00:00+01:00,646.6562155759424
2026-10-31 15:00:00+01:00,706.536914912943
2026-10-31 16:00:00+01:00,830.2177780041285
2026-10-31 17:00:00+01:00,1295.220513914936
2026-10-31 18:00:00+01:00,1476.8349451899328
2026-10-31 19:00:00+01:00,1456.3987154604001
2026-10-31 20:00:00+01:00,1349.1532051643026
2026-10-31 21:00:00+01:00,1091.2080308424322
2026-10-31 22:00:00+01:00,819.3062679447128
2026-10-31 23:00:00+01:00,604.5932505737389
2026-11-01 00:00:00+01:00,420.2838272339366
2026-11-01 01:00:00+01:00,394.5338539864573
2026-11-01 02:00:00+01:00,396.152236984984
2026-11-01 03:00:00+01:00,401.7891220116262
2026-11-01 04:00:00+01:00,436.3812893740759
2026-11-01 05:00:00+01:00,581.2696010463981
2026-11-01 06:00:00+01:00,840.7889325558925
2026-11-01 07:00:00+01:00,950.06348975923
2026-11-01 08:00:00+01:00,912.8788617023531
2026-11-01 09:00:00+01:00,710.3427834726518
2026-11-01 10:00:00+01:00,649.0934776310864
2026-11-01 11:00:00+01:00,635.2089675626502
2026-11-01 12:00:00+01:00,625.9866155820613
2026-11-01 13:00:00+01:00,625.402689441584
2026-11-01 14:00:00+01:00,639.2929420107622
2026-11-01 15:00:00+01:00,706.894588041006
2026-11-01 16:00:00+01:00,837.2110975754885
2026-11-01 17:00:00+01:00,1218.904407302946
2026-11-01 18:00:00+01:00,1359.209914647289
2026-11-01 19:00:00+01:00,1316.8228565970796
2026-11-01 20:00:00+01:00,1212.0633486805268
2026-11-01 21:00:00+01:00,981.8136716852258
2026-11-01 22:00:00+01:00,750.329213186502
2026-11-01 23:00:00+01:00,560.6507800473408
2026-11-02 00:00:00+01:00,590.7424626417177
2026-11-02 01:00:00+01:00,538.6487646182293
2026-11-02 02:00:00+01:00,536.0950087959301
2026-11-02 03:00:00+01:00,547.3163771997534
2026-11-02 04:00:00+01:00,628.1613374156173
2026-11-02 05:00:00+01:00,845.2136701228545
2026-11-02 06:00:00+01:00,1186.6163055131565
2026-11-02 07:00:00+01:00,1333.6590661915575
2026-11-02 08:00:00+01:00,1308.4084634660323
2026-11-02 09:00:00+01:00,1085.5693787343691
2026-11-02 10:00:00+01:00,1013.1709709244034
2026-11-02 11:00:00+01:00,983.118824455693
2026-11-02 12:00:00+01:00,969.9320204306566
2026-11-02 13:00:00+01:00,969.9533737759546
2026-11-02 14:00:00+01:00,988.4069744463234
2026-11-02 15:00:00+01:00,1063.5286972519884
2026-11-02 16:00:00+01:00,1218.236583258057
2026-11-02 17:00:00+01:00,1653.8734673591268
2026-11-02 18:00:00+01:00,1804.5297335923258
2026-11-02 19:00:00+01:00,1724.8014933466823
2026-11-02 20:00:00+01:00,1568.200039020437
2026-11-02 21:00:00+01:00,1284.3232186360162
2026-11-02 22:00:00+01:00,1011.0499249146558
2026-11-02 23:00:00+01:00,794.7314941247356
2026-11-03 00:00:00+01:00,650.9523958972082
2026-11-03 01:00:00+01:00,600.6062655909336
2026-11-03 02:00:00+01:00,583.0387250169265
2026-11-03 03:00:00+01:00,591.6639506784852
2026-11-03 04:00:00+01:00,658.5814177776814
2026-11-03 05:00:00+01:00,868.7782556223195
2026-11-03 06:00:00+01:00,1179.1152281258799
2026-11-03 07:00:00+01:00,1347.0809787711876
2026-11-03 08:00:00+01:00,1342.7921103303868
2026-11-03 09:00:00+01:00,1167.7308393353424
2026-11-03 10:00:00+01:00,1097.8604401189552
2026-11-03 11:00:00+01:00,1067.1742398737308
2026-11-03 12:00:00+01:00,1050.3702893289176
2026-11-03 13:00:00+01:00,1046.7185096683927
2026-11-03 14:00:00+01:00,1050.3865731407088
2026-11-03 15:00:00+01:00,1120.980599096762
2026-11-03 16:00:00+01:00,1272.04721376125
2026-11-03 17:00:00+01:00,1637.7869127087033
2026-11-03 18:00:00+01:00,1760.909270665045
2026-11-03 19:00:00+01:00,1673.8384778127477
2026-11-03 20:00:00+01:00,1515.6173461226988
2026-11-03 21:00:00+01:00,1247.0169286142507
2026-11-03 22:00:00+01:00,997.3784548265841
2026-11-03 23:00:00+01:00,801.2500097941338
2026-11-04 00:00:00+01:00,673.915118781073
2026-11-04 01:00:00+01:00,617.7495761788163
2026-11-04 02:00:00+01:00,585.8636112441807
2026-11-04 03:00:00+01:00,581.7722485401058
2026-11-04 04:00:00+01:00,655.7038687416824
2026-11-04 05:00:00+01:00,861.3885213433787
2026-11-04 06:00:00+01:00,1152.083830081635
2026-11-04 07:00:00+01:00,1309.0002637623927
2026-11-04 08:00:00+01:00,1323.4672646620106
2026-11-04 09:00:00+01:00,1198.8821754885585
2026-11-04 10:00:00+01:00,1148.8616320908502
2026-11-04 11:00:00+01:00,1120.8908041763355
2026-11-04 12:00:00+01:00,1093.5231314615608
2026-11-04 13:00:00+01:00,1082.714414818925
2026-11-04 14:00:00+01:00,1093.226637230453
2026-11-04 15:00:00+01:00,1178.9885745700567
2026-11-04 16:00:00+01:00,1334.5575114392666
2026-11-04 17:00:00+01:00,1635.680856387527
2026-11-04 18:00:00+01:00,1735.0877796383209
2026-11-04 19:00:00+01:00,1661.3786524468026
2026-11-04 20:00:00+01:00,1514.8200494451894
2026-11-04 21:00:00+01:00,1272.7345137575371
2026-11-04 22:00:00+01:00,1029.2021863291498
2026-11-04 23:00:00+01:00,821.2573175716415
2026-11-05 00:00:00+01:00,694.2188332975254
2026-11-05 01:00:00+01:00,644.7119308834153
2026-11-05 02:00:00+01:00,635.0380003544675
2026-11-05 03:00:00+01:00,646.6009005117832
2026-11-05 04:00:00+01:00,708.6993580802217
2026-11-05 05:00:00+01:00,871.4334381389924
2026-11-05 06:00:00+01:00,1093.9991410839586
2026-11-05 07:00:00+01:00,1255.0138330191687
2026-11-05 08:00:00+01:00,1301.4167460395274
2026-11-05 09:00:00+01:00,1244.614896058166
2026-11-05 10:00:00+01:00,1207.2592733942524
2026-11-05 11:00:00+01:00,1169.9186150191888
2026-11-05 12:00:00+01:00,1147.7407804450984
2026-11-05 13:00:00+01:00,1135.1908275062763
2026-11-05 14:00:00+01:00,1152.9540408437376
2026-11-05 15:00:00+01:00,1249.8026930425692
2026-11-05 16:00:00+01:00,1409.4408973854402
2026-11-05 17:00:00+01:00,1623.0353552593203
2026-11-05 18:00:00+01:00,1669.7156219975452
2026-11-05 19:00:00+01:00,1583.7258418281426
2026-11-05 20:00:00+01:00,1426.5685505171987
2026-11-05 21:00:00+01:00,1198.527794824598
2026-11-05 22:00:00+01:00,977.9162972330238
2026-11-05 23:00:00+01:00,819.7803043668785
2026-11-06 00:00:00+01:00,735.4679959534117
2026-11-06 01:00:00+01:00,700.5041325173455
2026-11-06 02:00:00+01:00,679.9316172692294
2026-11-06 03:00:00+01:00,675.5266082348483
2026-11-06 04:00:00+01:00,716.8877258681141
2026-11-06 05:00:00+01:00,836.1232055275136
2026-11-06 06:00:00+01:00,1002.2219452959182
2026-11-06 07:00:00+01:00,1147.5296318883113
2026-11-06 08:00:00+01:00,1222.0149168782734
2026-11-06 09:00:00+01:00,1225.2953008576346
2026-11-06 10:00:00+01:00,1197.1502325369163
2026-11-06 11:00:00+01:00,1154.6522811806803
2026-11-06 12:00:00+01:00,1128.2749090191571
2026-11-06 13:00:00+01:00,1127.0913890080255
2026-11-06 14:00:00+01:00,1153.2310725446525
2026-11-06 15:00:00+01:00,1287.1278996123563
2026-11-06 16:00:00+01:00,1482.0580433866692
2026-11-06 17:00:00+01:00,1650.0334929521582
2026-11-06 18:00:00+01:00,1680.9692936611536
2026-11-06 19:00:00+01:00,1580.8658314382183
2026-11-06 20:00:00+01:00,1411.3838676409798
2026-11-06 21:00:00+01:00,1190.5609917878548
2026-11-06 22:00:00+01:00,973.8411063915725
2026-11-06 23:00:00+01:00,805.0623973119572
2026-11-07 00:00:00+01:00,558.1542023435915
2026-11-07 01:00:00+01:00,514.7339527853454
2026-11-07 02:00:00+01:00,496.3426442445246
2026-11-07 03:00:00+01:00,503.9144115651733
2026-11-07 04:00:00+01:00,545.5665152818846
2026-11-07 05:00:00+01:00,653.3842465248894
2026-11-07 06:00:00+01:00,779.3705776966275
2026-11-07 07:00:00+01:00,899.9769835503504
2026-11-07 08:00:00+01:00,952.3314960336032
2026-11-07 09:00:00+01:00,967.7430550899433
2026-11-07 10:00:00+01:00,959.4527641005626
2026-11-07 11:00:00+01:00,948.5003897131454
2026-11-07 12:00:00+01:00,924.7912529057312
2026-11-07 13:00:00+01:00,899.9101701427107
2026-11-07 14:00:00+01:00,896.4952750386897
2026-11-07 15:00:00+01:00,992.1723709434264
2026-11-07 16:00:00+01:00,1150.2021867007886
2026-11-07 17:00:00+01:00,1287.4926986841629
2026-11-07 18:00:00+01:00,1311.4773487141929
2026-11-07 19:00:00+01:00,1223.5269120898522
2026-11-07 20:00:00+01:00,1077.9915941921747
2026-11-07 21:00:00+01:00,894.7131288790595
2026-11-07 22:00:00+01:00,738.280020377065
2026-11-07 23:00:00+01:00,622.5162981820341
2026-11-08 00:00:00+01:00,536.2380607060561
2026-11-08 01:00:00+01:00,510.6928832019005
2026-11-08 02:00:00+01:00,497.93720543769115
2026-11-08 03:00:00+01:00,491.4760843181022
2026-11-08 04:00:00+01:00,520.7725538723901
2026-11-08 05:00:00+01:00,622.2075861686274
2026-11-08 06:00:00+01:00,750.224948693629
2026-11-08 07:00:00+01:00,866.4569639861919
2026-11-08 08:00:00+01:00,911.831062364212
2026-11-08 09:00:00+01:00,907.9678520265004
2026-11-08 10:00:00+01:00,873.073166553614
2026-11-08 11:00:00+01:00,837.2039719797764
2026-11-08 12:00:00+01:00,816.4700858176546
2026-11-08 13:00:00+01:00,803.5421094456962
2026-11-08 14:00:00+01:00,822.2142784306044
2026-11-08 15:00:00+01:00,932.7301504961074
2026-11-08 16:00:00+01:00,1100.232859671745
2026-11-08 17:00:00+01:00,1221.7142789307613
2026-11-08 18:00:00+01:00,1239.8378254099969
2026-11-08 19:00:00+01:00,1155.898480149568
2026-11-08 20:00:00+01:00,1045.1219862488529
2026-11-08 21:00:00+01:00,876.1034475392614
2026-11-08 22:00:00+01:00,725.0878057729681
2026-11-08 23:00:00+01:00,591.4459344769718
2026-11-09 00:00:00+01:00,708.6136587343624
2026-11-09 01:00:00+01:00,640.791597784028
2026-11-09 02:00:00+01:00,611.9633849758751
2026-11-09 03:00:00+01:00,617.9840438006603
2026-11-09 04:00:00+01:00,699.2975893947287
2026-11-09 05:00:00+01:00,853.5901534047482
2026-11-09 06:00:00+01:00,1040.4695581196277
2026-11-09 07:00:00+01:00,1190.1345845269311
2026-11-09 08:00:00+01:00,1259.223648646926
2026-11-09 09:00:00+01:00,1274.2176428144521
2026-11-09 10:00:00+01:00,1260.284920996857
2026-11-09 11:00:00+01:00,1243.885994644692
2026-11-09 12:00:00+01:00,1221.67646478013
2026-11-09 13:00:00+01:00,1201.7485761238554
2026-11-09 14:00:00+01:00,1206.4783497428004
2026-11-09 15:00:00+01:00,1317.0926841139121
2026-11-09 16:00:00+01:00,1499.7007743949666
2026-11-09 17:00:00+01:00,1660.4618361472662
2026-11-09 18:00:00+01:00,1690.4156907304703
2026-11-09 19:00:00+01:00,1586.004066589096
2026-11-09 20:00:00+01:00,1400.6009225826945
2026-11-09 21:00:00+01:00,1161.6641378024146
2026-11-09 22:00:00+01:00,949.3189729629833
2026-11-09 23:00:00+01:00,782.3082068452811
2026-11-10 00:00:00+01:00,700.0813264727301
2026-11-10 01:00:00+01:00,627.1275174131841
2026-11-10 02:00:00+01:00,594.638575137462
2026-11-10 03:00:00+01:00,585.3931128431054
2026-11-10 04:00:00+01:00,638.1447636601214
2026-11-10 05:00:00+01:00,807.2217826097573
2026-11-10 06:00:00+01:00,1032.9038557012577
2026-11-10 07:00:00+01:00,1243.2595775660322
2026-11-10 08:00:00+01:00,1338.2799978811756
2026-11-10 09:00:00+01:00,1355.7794058623958
2026-11-10 10:00:00+01:00,1333.1581335873216
2026-11-10 11:00:00+01:00,1311.7451598255573
2026-11-10 12:00:00+01:00,1298.024959731761
2026-11-10 13:00:00+01:00,1285.6822315302588
2026-11-10 14:00:00+01:00,1283.0156618372782
2026-11-10 15:00:00+01:00,1392.3782870865334
2026-11-10 16:00:00+01:00,1555.2088795687105
2026-11-10 17:00:00+01:00,1686.9103333531893
2026-11-10 18:00:00+01:00,1677.4771157963771
2026-11-10 19:00:00+01:00,1559.4389770597404
2026-11-10 20:00:00+01:00,1390.1382056222833
2026-11-10 21:00:00+01:00,1174.6494523515942
2026-11-10 22:00:00+01:00,970.637154140288
2026-11-10 23:00:00+01:00,805.7973490957427
2026-11-11 00:00:00+01:00,706.7444431597011
2026-11-11 01:00:00+01:00,648.496422926091
2026-11-11 02:00:00+01:00,624.8179170541891
2026-11-11 03:00:00+01:00,639.8372774312643
2026-11-11 04:00:00+01:00,715.6533769281763
2026-11-11 05:00:00+01:00,898.6402650166943
2026-11-11 06:00:00+01:00,1102.604942594807
2026-11-11 07:00:00+01:00,1265.8863987127263
2026-11-11 08:00:00+01:00,1318.49213346178
2026-11-11 09:00:00+01:00,1308.8697770526596
2026-11-11 10:00:00+01:00,1294.9137505798185
2026-11-11 11:00:00+01:00,1266.2049166602649
2026-11-11 12:00:00+01:00,1254.9776416300597
2026-11-11 13:00:00+01:00,1236.6077964883564
2026-11-11 14:00:00+01:00,1266.7999768189889
2026-11-11 15:00:00+01:00,1384.5223543918576
2026-11-11 16:00:00+01:00,1553.9874857990776
2026-11-11 17:00:00+01:00,1673.0250625156466
2026-11-11 18:00:00+01:00,1668.6922737809994
2026-11-11 19:00:00+01:00,1562.1759028595154
2026-11-11 20:00:00+01:00,1417.70766069581
2026-11-11 21:00:00+01:00,1210.631126532587
2026-11-11 22:00:00+01:00,996.8241126244156
2026-11-11 23:00:00+01:00,811.1652764218984
2026-11-12 00:00:00+01:00,717.1814071083556
2026-11-12 01:00:00+01:00,672.951889703942
2026-11-12 02:00:00+01:00,658.9828633462993
2026-11-12 03:00:00+01:00,658.8996928963691
2026-11-12 04:00:00+01:00,711.5641307702333
2026-11-12 05:00:00+01:00,860.575775575668
2026-11-12 06:00:00+01:00,1058.415856146181
2026-11-12 07:00:00+01:00,1227.7349647447777
2026-11-12 08:00:00+01:00,1305.6046623154436
2026-11-12 09:00:00+01:00,1328.7896183993666
2026-11-12 10:00:00+01:00,1334.56662439013
2026-11-12 11:00:00+01:00,1320.6318906383665
2026-11-12 12:00:00+01:00,1286.7531944058803
2026-11-12 13:00:00+01:00,1250.2481260183722
2026-11-12 14:00:00+01:00,1247.0491288974354
2026-11-12 15:00:00+01:00,1347.0152692052832
2026-11-12 16:00:00+01:00,1508.6657817079297
2026-11-12 17:00:00+01:00,1642.231512789645
2026-11-12 18:00:00+01:00,1650.4357681221418
2026-11-12 19:00:00+01:00,1544.7529229470047
2026-11-12 20:00:00+01:00,1377.9636491763388
2026-11-12 21:00:00+01:00,1148.131560525528
2026-11-12 22:00:00+01:00,940.2775050922896
2026-11-12 23:00:00+01:00,777.8846334811695
2026-11-13 00:00:00+01:00,717.3869966941156
2026-11-13 01:00:00+01:00,688.6557695046638
2026-11-13 02:00:00+01:00,681.9924014395099
2026-11-13 03:00:00+01:00,683.6531717462894
2026-11-13 04:00:00+01:00,718.5200482835967
2026-11-13 05:00:00+01:00,852.0415068740199
2026-11-13 06:00:00+01:00,1031.5297353787896
2026-11-13 07:00:00+01:00,1210.1098652166163
2026-11-13 08:00:00+01:00,1298.879681111123
2026-11-13 09:00:00+01:00,1309.920920153019
2026-11-13 10:00:00+01:00,1293.5234331071267
2026-11-13 11:00:00+01:00,1263.493624302214
2026-11-13 12:00:00+01:00,1262.4345947811473
2026-11-13 13:00:00+01:00,1255.027788826079
2026-11-13 14:00:00+01:00,1273.5886543941879
2026-11-13 15:00:00+01:00,1373.748071949894
2026-11-13 16:00:00+01:00,1536.6569046624502
2026-11-13 17:00:00+01:00,1660.9710424827695
2026-11-13 18:00:00+01:00,1671.2441217006153
2026-11-13 19:00:00+01:00,1558.0355629597464
2026-11-13 20:00:00+01:00,1397.2141227260254
2026-11-13 21:00:00+01:00,1173.7781651638948
2026-11-13 22:00:00+01:00,964.2187796149776
2026-11-13 23:00:00+01:00,794.6629424552847
2026-11-14 00:00:00+01:00,530.1916209417666
2026-11-14 01:00:00+01:00,496.55745255072964
2026-11-14 02:00:00+01:00,483.7672066440944
2026-11-14 03:00:00+01:00,494.92524168312013
2026-11-14 04:00:00+01:00,544.9451996252368
2026-11-14 05:00:00+01:00,669.3289550430077
2026-11-14 06:00:00+01:00,829.5635501532829
2026-11-14 07:00:00+01:00,978.2238018224961
2026-11-14 08:00:00+01:00,1047.0837263246005
2026-11-14 09:00:00+01:00,1052.7131750808999
2026-11-14 10:00:00+01:00,1021.5582199702717
2026-11-14 11:00:00+01:00,1001.896421370778
2026-11-14 12:00:00+01:00,985.8011352836759
2026-11-14 13:00:00+01:00,981.5868918723958
2026-11-14 14:00:00+01:00,990.4492871569203
2026-11-14 15:00:00+01:00,1067.5565533548904
2026-11-14 16:00:00+01:00,1181.441323098998
2026-11-14 17:00:00+01:00,1271.7716457673248
2026-11-14 18:00:00+01:00,1279.2889254985816
2026-11-14 19:00:00+01:00,1205.0543202374602
2026-11-14 20:00:00+01:00,1079.6672173068648
2026-11-14 21:00:00+01:00,910.7041936846603
2026-11-14 22:00:00+01:00,733.9059086320436
2026-11-14 23:00:00+01:00,597.2713661387427
2026-11-15 00:00:00+01:00,507.74643398649624
2026-11-15 01:00:00+01:00,483.56882556505116
2026-11-15 02:00:00+01:00,482.03360245241726
2026-11-15 03:00:00+01:00,498.5199676149421
2026-11-15 04:00:00+01:00,547.4025969800705
2026-11-15 05:00:00+01:00,662.2745107621168
2026-11-15 06:00:00+01:00,795.9659994056616
2026-11-15 07:00:00+01:00,914.6387477028852
2026-11-15 08:00:00+01:00,956.8166277734318
2026-11-15 09:00:00+01:00,966.3856155744163
2026-11-15 10:00:00+01:00,957.7154877703297
2026-11-15 11:00:00+01:00,944.7316711225908
2026-11-15 12:00:00+01:00,919.9700453911166
2026-11-15 13:00:00+01:00,895.3631750237707
2026-11-15 14:00:00+01:00,893.7287638298984
2026-11-15 15:00:00+01:00,979.5945694444549
2026-11-15 16:00:00+01:00,1100.6902911023908
2026-11-15 17:00:00+01:00,1197.9312040398015
2026-11-15 18:00:00+01:00,1200.8611636765627
2026-11-15 19:00:00+01:00,1120.0625076809197
2026-11-15 20:00:00+01:00,993.2042092908407
2026-11-15 21:00:00+01:00,835.6702099044356
2026-11-15 22:00:00+01:00,702.5583695648908
2026-11-15 23:00:00+01:00,613.5088415946411
2026-11-16 00:00:00+01:00,911.6183950738058
2026-11-16 01:00:00+01:00,870.5527873935144
2026-11-16 02:00:00+01:00,846.3007994071975
2026-11-16 03:00:00+01:00,859.9924530930219
2026-11-16 04:00:00+01:00,926.6579533817688
2026-11-16 05:00:00+01:00,1097.9090138972203
2026-11-16 06:00:00+01:00,1314.0488112882422
2026-11-16 07:00:00+01:00,1500.2163416411756
2026-11-16 08:00:00+01:00,1567.7245686975732
2026-11-16 09:00:00+01:00,1562.585259951319
2026-11-16 10:00:00+01:00,1530.7164070107294
2026-11-16 11:00:00+01:00,1511.2752832731276
2026-11-16 12:00:00+01:00,1492.9138799827394
2026-11-16 13:00:00+01:00,1493.2198084635618
2026-11-16 14:00:00+01:00,1516.9089249569456
2026-11-16 15:00:00+01:00,1675.135443746134
2026-11-16 16:00:00+01:00,1862.7681329603186
2026-11-16 17:00:00+01:00,2010.4291772095619
2026-11-16 18:00:00+01:00,1981.3157759020262
2026-11-16 19:00:00+01:00,1856.8642185236074
2026-11-16 20:00:00+01:00,1645.743876654973
2026-11-16 21:00:00+01:00,1380.6857094964773
2026-11-16 22:00:00+01:00,1138.9314702405297
2026-11-16 23:00:00+01:00,993.1239823074236
2026-11-17 00:00:00+01:00,958.6341374455632
2026-11-17 01:00:00+01:00,909.6045906443929
2026-11-17 02:00:00+01:00,875.1247374064834
2026-11-17 03:00:00+01:00,890.0504917395796
2026-11-17 04:00:00+01:00,955.8129588583616
2026-11-17 05:00:00+01:00,1145.5623991299797
2026-11-17 06:00:00+01:00,1387.9172008616968
2026-11-17 07:00:00+01:00,1603.8892142344275
2026-11-17 08:00:00+01:00,1685.7347580933679
2026-11-17 09:00:00+01:00,1688.0377684485727
2026-11-17 10:00:00+01:00,1653.9892471938483
2026-11-17 11:00:00+01:00,1617.6383462164904
2026-11-17 12:00:00+01:00,1591.3968876746296
2026-11-17 13:00:00+01:00,1591.9743288244806
2026-11-17 14:00:00+01:00,1635.043837080173
2026-11-17 15:00:00+01:00,1786.6122815847218
2026-11-17 16:00:00+01:00,1962.6537766382064
2026-11-17 17:00:00+01:00,2074.8978286265365
2026-11-17 18:00:00+01:00,2039.085985613674
2026-11-17 19:00:00+01:00,1897.8272634098107
2026-11-17 20:00:00+01:00,1712.931045889968
2026-11-17 21:00:00+01:00,1464.0064104800615
2026-11-17 22:00:00+01:00,1214.4794923290835
2026-11-17 23:00:00+01:00,990.3792142653476
2026-11-18 00:00:00+01:00,911.6287790394899
2026-11-18 01:00:00+01:00,845.8960599299706
2026-11-18 02:00:00+01:00,828.5635066365712
2026-11-18 03:00:00+01:00,841.6829805631446
2026-11-18 04:00:00+01:00,922.4197346735705
2026-11-18 05:00:00+01:00,1163.7357861657576
2026-11-18 06:00:00+01:00,1442.5184457377434
2026-11-18 07:00:00+01:00,1696.2685589365883
2026-11-18 08:00:00+01:00,1786.9886768912222
2026-11-18 09:00:00+01:00,1794.6204370669993
2026-11-18 10:00:00+01:00,1754.6286061676271
2026-11-18 11:00:00+01:00,1717.2343497299732
2026-11-18 12:00:00+01:00,1684.6338460811603
2026-11-18 13:00:00+01:00,1672.6607357768626
2026-11-18 14:00:00+01:00,1701.9127111821851
2026-11-18 15:00:00+01:00,1866.1634024702853
2026-11-18 16:00:00+01:00,2072.7156661525773
2026-11-18 17:00:00+01:00,2220.5347088700614
2026-11-18 18:00:00+01:00,2210.651252983489
2026-11-18 19:00:00+01:00,2079.227821916043
2026-11-18 20:00:00+01:00,1859.3863425291936
2026-11-18 21:00:00+01:00,1556.8489367044358
2026-11-18 22:00:00+01:00,1250.7547753360188
2026-11-18 23:00:00+01:00,1011.528010574889
2026-11-19 00:00:00+01:00,916.5722696012032
2026-11-19 01:00:00+01:00,860.4531314258826
2026-11-19 02:00:00+01:00,851.9312336805212
2026-11-19 03:00:00+01:00,854.5222066932382
2026-11-19 04:00:00+01:00,927.7358612956041
2026-11-19 05:00:00+01:00,1157.2092984760477
2026-11-19 06:00:00+01:00,1449.8096682494172
2026-11-19 07:00:00+01:00,1700.6974868210377
2026-11-19 08:00:00+01:00,1781.008060788686
2026-11-19 09:00:00+01:00,1798.085735035127
2026-11-19 10:00:00+01:00,1781.4296862686583
2026-11-19 11:00:00+01:00,1764.2088280355777
2026-11-19 12:00:00+01:00,1735.8962352666995
2026-11-19 13:00:00+01:00,1718.846811744242
2026-11-19 14:00:00+01:00,1767.6267248894776
2026-11-19 15:00:00+01:00,1941.4613209873048
2026-11-19 16:00:00+01:00,2166.0024275937676
2026-11-19 17:00:00+01:00,2314.352102877741
2026-11-19 18:00:00+01:00,2297.954649067327
2026-11-19 19:00:00+01:00,2166.387837228952
2026-11-19 20:00:00+01:00,1937.263550474725
2026-11-19 21:00:00+01:00,1635.3625271796996
2026-11-19 22:00:00+01:00,1336.0736677482553
2026-11-19 23:00:00+01:00,1112.4307190916143
2026-11-20 00:00:00+01:00,1023.8362479907476
2026-11-20 01:00:00+01:00,957.3576103677472
2026-11-20 02:00:00+01:00,942.6326130371584
2026-11-20 03:00:00+01:00,960.0628779596786
2026-11-20 04:00:00+01:00,1050.1794545490163
2026-11-20 05:00:00+01:00,1251.0122601531905
2026-11-20 06:00:00+01:00,1489.6160439015982
2026-11-20 07:00:00+01:00,1718.862138979666
2026-11-20 08:00:00+01:00,1825.177710365258
2026-11-20 09:00:00+01:00,1862.9173542781725
2026-11-20 10:00:00+01:00,1838.1904506293831
2026-11-20 11:00:00+01:00,1814.5460022651928
2026-11-20 12:00:00+01:00,1795.983450196647
2026-11-20 13:00:00+01:00,1787.065597629922
2026-11-20 14:00:00+01:00,1825.9695415385904
2026-11-20 15:00:00+01:00,1988.691974430525
2026-11-20 16:00:00+01:00,2177.5004817200484
2026-11-20 17:00:00+01:00,2303.924408603946
2026-11-20 18:00:00+01:00,2277.3528561591743
2026-11-20 19:00:00+01:00,2154.2625631772507
2026-11-20 20:00:00+01:00,1952.3725283535573
2026-11-20 21:00:00+01:00,1685.8090500748035
2026-11-20 22:00:00+01:00,1411.0422636854464
2026-11-20 23:00:00+01:00,1181.1967345401672
2026-11-21 00:00:00+01:00,887.0045286483935
2026-11-21 01:00:00+01:00,808.3821467113604
2026-11-21 02:00:00+01:00,761.6014790142054
2026-11-21 03:00:00+01:00,756.2970811543099
2026-11-21 04:00:00+01:00,811.4366196424389
2026-11-21 05:00:00+01:00,994.1386066577609
2026-11-21 06:00:00+01:00,1218.2815189285848
2026-11-21 07:00:00+01:00,1447.9910997753625
2026-11-21 08:00:00+01:00,1547.3937576395267
2026-11-21 09:00:00+01:00,1584.7717870636789
2026-11-21 10:00:00+01:00,1580.0187509103387
2026-11-21 11:00:00+01:00,1588.1481695981277
2026-11-21 12:00:00+01:00,1613.988296448172
2026-11-21 13:00:00+01:00,1641.2437125568172
2026-11-21 14:00:00+01:00,1701.5553271376298
2026-11-21 15:00:00+01:00,1846.5036522017722
2026-11-21 16:00:00+01:00,2025.906595542698
2026-11-21 17:00:00+01:00,2144.5184309478477
2026-11-21 18:00:00+01:00,2112.7913005083606
2026-11-21 19:00:00+01:00,1954.802545301492
2026-11-21 20:00:00+01:00,1717.4065385714587
2026-11-21 21:00:00+01:00,1419.529681245824
2026-11-21 22:00:00+01:00,1148.1952529738105
2026-11-21 23:00:00+01:00,934.8765589632767
2026-11-22 00:00:00+01:00,819.9824004075853
2026-11-22 01:00:00+01:00,749.1579652647906
2026-11-22 02:00:00+01:00,741.9010661496382
2026-11-22 03:00:00+01:00,771.6016404400036
2026-11-22 04:00:00+01:00,855.198652435847
2026-11-22 05:00:00+01:00,1054.3827677646657
2026-11-22 06:00:00+01:00,1300.2267490648942
2026-11-22 07:00:00+01:00,1528.09129741817
2026-11-22 08:00:00+01:00,1626.9857461898698
2026-11-22 09:00:00+01:00,1663.0476687047353
2026-11-22 10:00:00+01:00,1655.1508619540405
2026-11-22 11:00:00+01:00,1635.693198931218
2026-11-22 12:00:00+01:00,1604.4960707385608
2026-11-22 13:00:00+01:00,1577.212098558498
2026-11-22 14:00:00+01:00,1596.6375444881007
2026-11-22 15:00:00+01:00,1751.7050731149525
2026-11-22 16:00:00+01:00,1975.7468198876127
2026-11-22 17:00:00+01:00,2124.067827334959
2026-11-22 18:00:00+01:00,2092.196513506305
2026-11-22 19:00:00+01:00,1927.3142925106172
2026-11-22 20:00:00+01:00,1706.4079888137455
2026-11-22 21:00:00+01:00,1431.9693495296308
2026-11-22 22:00:00+01:00,1177.976212889962
2026-11-22 23:00:00+01:00,975.5333520758026
2026-11-23 00:00:00+01:00,1111.0263580609385
2026-11-23 01:00:00+01:00,1021.9315398120451
2026-11-23 02:00:00+01:00,987.4612965112418
2026-11-23 03:00:00+01:00,999.681564349936
2026-11-23 04:00:00+01:00,1084.531574735395
2026-11-23 05:00:00+01:00,1327.5938223552423
2026-11-23 06:00:00+01:00,1644.1453341920533
2026-11-23 07:00:00+01:00,1948.8131401145333
2026-11-23 08:00:00+01:00,2109.2195797428567
2026-11-23 09:00:00+01:00,2169.5679718854203
2026-11-23 10:00:00+01:00,2156.9803713217048
2026-11-23 11:00:00+01:00,2121.631087644295
2026-11-23 12:00:00+01:00,2077.0169215177452
2026-11-23 13:00:00+01:00,2044.6088327199207
2026-11-23 14:00:00+01:00,2064.9002884839106
2026-11-23 15:00:00+01:00,2251.2593605474253
2026-11-23 16:00:00+01:00,2479.8363713054214
2026-11-23 17:00:00+01:00,2623.8517145793066
2026-11-23 18:00:00+01:00,2584.918152595265
2026-11-23 19:00:00+01:00,2420.5679974298982
2026-11-23 20:00:00+01:00,2197.296916756511
2026-11-23 21:00:00+01:00,1886.2164168041843
2026-11-23 22:00:00+01:00,1571.358017631773
2026-11-23 23:00:00+01:00,1284.4092850064083
2026-11-24 00:00:00+01:00,1265.3313204713857
2026-11-24 01:00:00+01:00,1135.0467870408363
2026-11-24 02:00:00+01:00,1090.6506803679786
2026-11-24 03:00:00+01:00,1109.1346724337993
2026-11-24 04:00:00+01:00,1271.5600447980273
2026-11-24 05:00:00+01:00,1654.4727836340148
2026-11-24 06:00:00+01:00,2116.475722571263
2026-11-24 07:00:00+01:00,2477.5592813291864
2026-11-24 08:00:00+01:00,2595.044824423399
2026-11-24 09:00:00+01:00,2560.100636651988
2026-11-24 10:00:00+01:00,2488.4082001443535
2026-11-24 11:00:00+01:00,2423.732045883284
2026-11-24 12:00:00+01:00,2385.8995853559068
2026-11-24 13:00:00+01:00,2356.6330058806893
2026-11-24 14:00:00+01:00,2383.1897167790103
2026-11-24 15:00:00+01:00,2573.0098223311306
2026-11-24 16:00:00+01:00,2814.6455795187194
2026-11-24 17:00:00+01:00,2977.505398171451
2026-11-24 18:00:00+01:00,2936.869645588878
2026-11-24 19:00:00+01:00,2763.263461411458
2026-11-24 20:00:00+01:00,2504.1189518623396
2026-11-24 21:00:00+01:00,2116.4283021158003
2026-11-24 22:00:00+01:00,1745.1456197263117
2026-11-24 23:00:00+01:00,1450.617739614568
2026-11-25 00:00:00+01:00,1083.9313618662038
2026-11-25 01:00:00+01:00,995.0081855099401
2026-11-25 02:00:00+01:00,950.5097127840011
2026-11-25 03:00:00+01:00,967.0760803153829
2026-11-25 04:00:00+01:00,1069.0585681154412
2026-11-25 05:00:00+01:00,1348.5342299659646
2026-11-25 06:00:00+01:00,1684.0905825700668
2026-11-25 07:00:00+01:00,1970.7298809715708
2026-11-25 08:00:00+01:00,2068.6831709232806
2026-11-25 09:00:00+01:00,2078.8940192995665
2026-11-25 10:00:00+01:00,2068.0327325018134
2026-11-25 11:00:00+01:00,2061.625801052789
2026-11-25 12:00:00+01:00,2057.524480047931
2026-11-25 13:00:00+01:00,2053.175468046242
2026-11-25 14:00:00+01:00,2105.9510707240347
2026-11-25 15:00:00+01:00,2307.4574135169933
2026-11-25 16:00:00+01:00,2518.5334908052623
2026-11-25 17:00:00+01:00,2639.0215520418033
2026-11-25 18:00:00+01:00,2570.307307132391
2026-11-25 19:00:00+01:00,2409.8743122083447
2026-11-25 20:00:00+01:00,2184.6853209014466
2026-11-25 21:00:00+01:00,1852.0316231232246
2026-11-25 22:00:00+01:00,1509.5845353185048
2026-11-25 23:00:00+01:00,1204.7330492007025
2026-11-26 00:00:00+01:00,1037.2837812375683
2026-11-26 01:00:00+01:00,955.2051154296263
2026-11-26 02:00:00+01:00,935.5338684738965
2026-11-26 03:00:00+01:00,962.6866805840275
2026-11-26 04:00:00+01:00,1050.5956039691196
2026-11-26 05:00:00+01:00,1310.5068213753439
2026-11-26 06:00:00+01:00,1654.9815430507863
2026-11-26 07:00:00+01:00,1986.619730007705
2026-11-26 08:00:00+01:00,2138.6619157246887
2026-11-26 09:00:00+01:00,2176.8905824275457
2026-11-26 10:00:00+01:00,2166.992676645317
2026-11-26 11:00:00+01:00,2143.512667435428
2026-11-26 12:00:00+01:00,2111.9016172918905
2026-11-26 13:00:00+01:00,2075.0165772806336
2026-11-26 14:00:00+01:00,2087.2893504251824
2026-11-26 15:00:00+01:00,2230.14433058792
2026-11-26 16:00:00+01:00,2417.5080643390697
2026-11-26 17:00:00+01:00,2535.7231330904647
2026-11-26 18:00:00+01:00,2494.3752353219497
2026-11-26 19:00:00+01:00,2332.077715066348
2026-11-26 20:00:00+01:00,2118.277862669585
2026-11-26 21:00:00+01:00,1807.2214724655034
2026-11-26 22:00:00+01:00,1488.9240649140463
2026-11-26 23:00:00+01:00,1231.6851861213422
2026-11-27 00:00:00+01:00,1112.4524126772235
2026-11-27 01:00:00+01:00,1068.8191378668764
2026-11-27 02:00:00+01:00,1058.379836066638
2026-11-27 03:00:00+01:00,1080.3870529804733
2026-11-27 04:00:00+01:00,1173.3711152749152
2026-11-27 05:00:00+01:00,1410.9059504394781
2026-11-27 06:00:00+01:00,1701.935321110196
2026-11-27 07:00:00+01:00,1974.2575078520983
2026-11-27 08:00:00+01:00,2102.742763200475
2026-11-27 09:00:00+01:00,2147.0234934816403
2026-11-27 10:00:00+01:00,2137.8346181472966
2026-11-27 11:00:00+01:00,2123.7330537032517
2026-11-27 12:00:00+01:00,2086.746297189985
2026-11-27 13:00:00+01:00,2045.4380533984834
2026-11-27 14:00:00+01:00,2054.4530619639313
2026-11-27 15:00:00+01:00,2217.091829943568
2026-11-27 16:00:00+01:00,2399.7540119458463
2026-11-27 17:00:00+01:00,2499.212756307645
2026-11-27 18:00:00+01:00,2430.681963150515
2026-11-27 19:00:00+01:00,2253.8520709043196
2026-11-27 20:00:00+01:00,2011.7564251473068
2026-11-27 21:00:00+01:00,1683.295156508995
2026-11-27 22:00:00+01:00,1405.0513892134222
2026-11-27 23:00:00+01:00,1204.6332291724677
2026-11-28 00:00:00+01:00,922.6570663498808
2026-11-28 01:00:00+01:00,900.0872241083216
2026-11-28 02:00:00+01:00,904.0311034745708
2026-11-28 03:00:00+01:00,932.6277560638832
2026-11-28 04:00:00+01:00,1012.6455568419437
2026-11-28 05:00:00+01:00,1227.7108734023352
2026-11-28 06:00:00+01:00,1490.3332932717015
2026-11-28 07:00:00+01:00,1721.2795295827211
2026-11-28 08:00:00+01:00,1788.8408252484562
2026-11-28 09:00:00+01:00,1779.69899825166
2026-11-28 10:00:00+01:00,1726.8601250039412
2026-11-28 11:00:00+01:00,1681.20337942555
2026-11-28 12:00:00+01:00,1637.1218848803874
2026-11-28 13:00:00+01:00,1609.239381580556
2026-11-28 14:00:00+01:00,1671.2225360775324
2026-11-28 15:00:00+01:00,1897.6758459512987
2026-11-28 16:00:00+01:00,2148.284879051647
2026-11-28 17:00:00+01:00,2288.1769905935193
2026-11-28 18:00:00+01:00,2243.1741694175394
2026-11-28 19:00:00+01:00,2082.982606059511
2026-11-28 20:00:00+01:00,1850.4138256898743
2026-11-28 21:00:00+01:00,1538.1884119788401
2026-11-28 22:00:00+01:00,1263.153197777552
2026-11-28 23:00:00+01:00,1052.2801449864724
2026-11-29 00:00:00+01:00,938.5491813925846
2026-11-29 01:00:00+01:00,874.5712403900005
2026-11-29 02:00:00+01:00,862.5891972282117
2026-11-29 03:00:00+01:00,883.4169637953077
2026-11-29 04:00:00+01:00,953.1463028009831
2026-11-29 05:00:00+01:00,1113.773960245967
2026-11-29 06:00:00+01:00,1343.083872473484
2026-11-29 07:00:00+01:00,1572.135464337531
2026-11-29 08:00:00+01:00,1704.542829230119
2026-11-29 09:00:00+01:00,1731.428365147544
2026-11-29 10:00:00+01:00,1708.9447672402225
2026-11-29 11:00:00+01:00,1684.1358499304915
2026-11-29 12:00:00+01:00,1652.7319891412494
2026-11-29 13:00:00+01:00,1615.2283892597152
2026-11-29 14:00:00+01:00,1626.3477784863412
2026-11-29 15:00:00+01:00,1792.296776677076
2026-11-29 16:00:00+01:00,1990.236971758029
2026-11-29 17:00:00+01:00,2121.939290193828
2026-11-29 18:00:00+01:00,2102.525788741257
2026-11-29 19:00:00+01:00,2007.7373218528962
2026-11-29 20:00:00+01:00,1827.647806220269
2026-11-29 21:00:00+01:00,1561.3370434209116
2026-11-29 22:00:00+01:00,1274.42302588397
2026-11-29 23:00:00+01:00,1078.4389582255405
2026-11-30 00:00:00+01:00,1100.7458709455366
2026-11-30 01:00:00+01:00,1073.5533966395997
2026-11-30 02:00:00+01:00,1047.472868650675
2026-11-30 03:00:00+01:00,1049.7470570164278
2026-11-30 04:00:00+01:00,1096.6385337187796
2026-11-30 05:00:00+01:00,1268.6555666400689
2026-11-30 06:00:00+01:00,1501.6509938380764
2026-11-30 07:00:00+01:00,1742.518866629203
2026-11-30 08:00:00+01:00,1871.3045465968737
2026-11-30 09:00:00+01:00,1897.8726217078643
2026-11-30 10:00:00+01:00,1881.6501088583266
2026-11-30 11:00:00+01:00,1852.550261335197
2026-11-30 12:00:00+01:00,1844.8302969234978
2026-11-30 13:00:00+01:00,1838.5293169401289
2026-11-30 14:00:00+01:00,1892.8517457579699
2026-11-30 15:00:00+01:00,2074.805544132484
2026-11-30 16:00:00+01:00,2270.0833937802063
2026-11-30 17:00:00+01:00,2374.4276662802267
2026-11-30 18:00:00+01:00,2328.799221125568
2026-11-30 19:00:00+01:00,2198.813364426085
2026-11-30 20:00:00+01:00,2044.0644222842225
2026-11-30 21:00:00+01:00,1793.7283339935268
2026-11-30 22:00:00+01:00,1525.9772427919172
2026-11-30 23:00:00+01:00,1283.5397585658552
2026-12-01 00:00:00+01:00,1156.709272126852
2026-12-01 01:00:00+01:00,1071.7031484341508
2026-12-01 02:00:00+01:00,1013.520845544212
2026-12-01 03:00:00+01:00,997.1668712153081
2026-12-01 04:00:00+01:00,1078.1699264010451
2026-12-01 05:00:00+01:00,1318.4680717057856
2026-12-01 06:00:00+01:00,1599.4359200460206
2026-12-01 07:00:00+01:00,1847.6414282712656
2026-12-01 08:00:00+01:00,1956.5819660431796
2026-12-01 09:00:00+01:00,2003.5749327319372
2026-12-01 10:00:00+01:00,2000.1765605777582
2026-12-01 11:00:00+01:00,1965.6512260130335
2026-12-01 12:00:00+01:00,1922.134179875233
2026-12-01 13:00:00+01:00,1893.3831540607302
2026-12-01 14:00:00+01:00,1936.1935451005097
2026-12-01 15:00:00+01:00,2142.8756740798162
2026-12-01 16:00:00+01:00,2346.8542068500674
2026-12-01 17:00:00+01:00,2462.2595221137663
2026-12-01 18:00:00+01:00,2380.2615611900133
2026-12-01 19:00:00+01:00,2221.088115345605
2026-12-01 20:00:00+01:00,2000.7501648973855
2026-12-01 21:00:00+01:00,1719.750205508346
2026-12-01 22:00:00+01:00,1440.1122516601058
2026-12-01 23:00:00+01:00,1224.2639531971297
2026-12-02 00:00:00+01:00,1108.313632180903
2026-12-02 01:00:00+01:00,1038.6357936717652
2026-12-02 02:00:00+01:00,1008.8946704569616
2026-12-02 03:00:00+01:00,1009.8975716449875
2026-12-02 04:00:00+01:00,1080.08890213195
2026-12-02 05:00:00+01:00,1308.5194566504463
2026-12-02 06:00:00+01:00,1605.7014018187576
2026-12-02 07:00:00+01:00,1858.6602577030455
2026-12-02 08:00:00+01:00,1971.3616186998067
2026-12-02 09:00:00+01:00,2000.534924691153
2026-12-02 10:00:00+01:00,2008.9664444948255
2026-12-02 11:00:00+01:00,1984.9523735898258
2026-12-02 12:00:00+01:00,1967.5619614365987
2026-12-02 13:00:00+01:00,1967.529844483962
2026-12-02 14:00:00+01:00,2040.5692533416816
2026-12-02 15:00:00+01:00,2258.5480974556604
2026-12-02 16:00:00+01:00,2497.821530555981
2026-12-02 17:00:00+01:00,2610.9977987999982
2026-12-02 18:00:00+01:00,2520.5416994648467
2026-12-02 19:00:00+01:00,2306.803752081496
2026-12-02 20:00:00+01:00,2070.5069087471356
2026-12-02 21:00:00+01:00,1750.5975560501645
2026-12-02 22:00:00+01:00,1432.4812918862322
2026-12-02 23:00:00+01:00,1164.6562717301604
2026-12-03 00:00:00+01:00,1042.343780311239
2026-12-03 01:00:00+01:00,958.9468416503001
2026-12-03 02:00:00+01:00,912.6450489573908
2026-12-03 03:00:00+01:00,963.9273281564443
2026-12-03 04:00:00+01:00,1099.7446781132924
2026-12-03 05:00:00+01:00,1423.262215365069
2026-12-03 06:00:00+01:00,1770.64253710552
2026-12-03 07:00:00+01:00,2072.6682373989224
2026-12-03 08:00:00+01:00,2197.259964936515
2026-12-03 09:00:00+01:00,2207.1673177036496
2026-12-03 10:00:00+01:00,2159.968769312446
2026-12-03 11:00:00+01:00,2092.8039657070794
2026-12-03 12:00:00+01:00,2050.0211423035335
2026-12-03 13:00:00+01:00,2030.6082229436408
2026-12-03 14:00:00+01:00,2070.157037375037
2026-12-03 15:00:00+01:00,2241.0317615035424
2026-12-03 16:00:00+01:00,2424.4532422230077
2026-12-03 17:00:00+01:00,2550.7690538796987
2026-12-03 18:00:00+01:00,2508.1449278369923
2026-12-03 19:00:00+01:00,2371.900507948499
2026-12-03 20:00:00+01:00,2147.054227480752
2026-12-03 21:00:00+01:00,1844.3178784893062
2026-12-03 22:00:00+01:00,1542.8221345473546
2026-12-03 23:00:00+01:00,1271.1342999028084
2026-12-04 00:00:00+01:00,1084.1198561366539
2026-12-04 01:00:00+01:00,973.3083944217402
2026-12-04 02:00:00+01:00,938.6434374107814
2026-12-04 03:00:00+01:00,944.7598167256264
2026-12-04 04:00:00+01:00,1038.7872823801367
2026-12-04 05:00:00+01:00,1317.1564883153123
2026-12-04 06:00:00+01:00,1691.426851830678
2026-12-04 07:00:00+01:00,2048.515204165223
2026-12-04 08:00:00+01:00,2221.4006206250956
2026-12-04 09:00:00+01:00,2249.479295585335
2026-12-04 10:00:00+01:00,2191.526171663062
2026-12-04 11:00:00+01:00,2109.40098507211
2026-12-04 12:00:00+01:00,2057.6499281172496
2026-12-04 13:00:00+01:00,2028.5150610805579
2026-12-04 14:00:00+01:00,2064.9070873638225
2026-12-04 15:00:00+01:00,2234.539076638838
2026-12-04 16:00:00+01:00,2419.6294646391793
2026-12-04 17:00:00+01:00,2523.743627643184
2026-12-04 18:00:00+01:00,2460.035175203607
2026-12-04 19:00:00+01:00,2336.065708844115
2026-12-04 20:00:00+01:00,2158.3754355045066
2026-12-04 21:00:00+01:00,1893.595252834308
2026-12-04 22:00:00+01:00,1588.5959394466793
2026-12-04 23:00:00+01:00,1303.954122942497
2026-12-05 00:00:00+01:00,980.2798650076361
2026-12-05 01:00:00+01:00,878.9359529637918
2026-12-05 02:00:00+01:00,835.5194674562475
2026-12-05 03:00:00+01:00,836.7504889922643
2026-12-05 04:00:00+01:00,930.8573899018975
2026-12-05 05:00:00+01:00,1163.821502953253
2026-12-05 06:00:00+01:00,1448.4738062061065
2026-12-05 07:00:00+01:00,1698.2078784509217
2026-12-05 08:00:00+01:00,1821.2285882281103
2026-12-05 09:00:00+01:00,1864.6066018583413
2026-12-05 10:00:00+01:00,1862.231928910431
2026-12-05 11:00:00+01:00,1829.5625064528374
2026-12-05 12:00:00+01:00,1788.496881944279
2026-12-05 13:00:00+01:00,1733.843052542925
2026-12-05 14:00:00+01:00,1733.853575439542
2026-12-05 15:00:00+01:00,1895.4720975761747
2026-12-05 16:00:00+01:00,2074.432710875745
2026-12-05 17:00:00+01:00,2203.651105533196
2026-12-05 18:00:00+01:00,2190.4054569247937
2026-12-05 19:00:00+01:00,2103.1538095372057
2026-12-05 20:00:00+01:00,1912.0421595449684
2026-12-05 21:00:00+01:00,1609.1415413701793
2026-12-05 22:00:00+01:00,1331.0405514169859
2026-12-05 23:00:00+01:00,1127.4931465869347
2026-12-06 00:00:00+01:00,955.2651050672266
2026-12-06 01:00:00+01:00,884.1836760518593
2026-12-06 02:00:00+01:00,863.2905522964129
2026-12-06 03:00:00+01:00,888.0691250673805
2026-12-06 04:00:00+01:00,982.7112763338531
2026-12-06 05:00:00+01:00,1197.4005067604521
2026-12-06 06:00:00+01:00,1454.41025231589
2026-12-06 07:00:00+01:00,1663.498600085381
2026-12-06 08:00:00+01:00,1734.109459206399
2026-12-06 09:00:00+01:00,1720.844166558859
2026-12-06 10:00:00+01:00,1687.3033931059852
2026-12-06 11:00:00+01:00,1665.4314766779964
2026-12-06 12:00:00+01:00,1647.4967108392027
2026-12-06 13:00:00+01:00,1645.8029428373964
2026-12-06 14:00:00+01:00,1704.6180206083125
2026-12-06 15:00:00+01:00,1902.5257610195413
2026-12-06 16:00:00+01:00,2091.5847506079303
2026-12-06 17:00:00+01:00,2189.002279267655
2026-12-06 18:00:00+01:00,2133.193035909942
2026-12-06 19:00:00+01:00,2007.084085405462
2026-12-06 20:00:00+01:00,1811.2714575645157
2026-12-06 21:00:00+01:00,1531.4616840384476
2026-12-06 22:00:00+01:00,1271.3138549317582
2026-12-06 23:00:00+01:00,1075.040872619808
2026-12-07 00:00:00+01:00,1167.49856069641
2026-12-07 01:00:00+01:00,1098.8087683889553
2026-12-07 02:00:00+01:00,1079.2602368617638
2026-12-07 03:00:00+01:00,1098.1208247081256
2026-12-07 04:00:00+01:00,1198.3004936476286
2026-12-07 05:00:00+01:00,1413.9862207577537
2026-12-07 06:00:00+01:00,1683.8207290859502
2026-12-07 07:00:00+01:00,1918.9603027199012
2026-12-07 08:00:00+01:00,2013.8707562771565
2026-12-07 09:00:00+01:00,2018.8984355501686
2026-12-07 10:00:00+01:00,1971.3120893444489
2026-12-07 11:00:00+01:00,1938.1724500411372
2026-12-07 12:00:00+01:00,1918.7088498947712
2026-12-07 13:00:00+01:00,1922.8764821243105
2026-12-07 14:00:00+01:00,2008.181617307174
2026-12-07 15:00:00+01:00,2251.3395153256197
2026-12-07 16:00:00+01:00,2507.317685939348
2026-12-07 17:00:00+01:00,2642.938196588417
2026-12-07 18:00:00+01:00,2583.6661088865594
2026-12-07 19:00:00+01:00,2409.3220987089585
2026-12-07 20:00:00+01:00,2172.4699437123554
2026-12-07 21:00:00+01:00,1846.3293994792775
2026-12-07 22:00:00+01:00,1539.0856287655708
2026-12-07 23:00:00+01:00,1291.352030150703
2026-12-08 00:00:00+01:00,1156.830550331553
2026-12-08 01:00:00+01:00,1074.5478463868883
2026-12-08 02:00:00+01:00,1036.5893969060655
2026-12-08 03:00:00+01:00,1046.1573824523716
2026-12-08 04:00:00+01:00,1130.2671489699362
2026-12-08 05:00:00+01:00,1405.0538011542083
2026-12-08 06:00:00+01:00,1726.3853902366186
2026-12-08 07:00:00+01:00,2028.2936653217394
2026-12-08 08:00:00+01:00,2142.149742318728
2026-12-08 09:00:00+01:00,2170.213982605455
2026-12-08 10:00:00+01:00,2138.5404474257602
2026-12-08 11:00:00+01:00,2089.605517961366
2026-12-08 12:00:00+01:00,2052.07866340869
2026-12-08 13:00:00+01:00,2023.4512508686175
2026-12-08 14:00:00+01:00,2073.6366266288596
2026-12-08 15:00:00+01:00,2275.0502249480924
2026-12-08 16:00:00+01:00,2489.8755084090712
2026-12-08 17:00:00+01:00,2601.478125734809
2026-12-08 18:00:00+01:00,2538.0532373851784
2026-12-08 19:00:00+01:00,2384.9566483802346
2026-12-08 20:00:00+01:00,2154.1205838429596
2026-12-08 21:00:00+01:00,1798.853632221189
2026-12-08 22:00:00+01:00,1461.2788700801395
2026-12-08 23:00:00+01:00,1199.3218641898163
2026-12-09 00:00:00+01:00,1085.950529463137
2026-12-09 01:00:00+01:00,1006.7726202724432
2026-12-09 02:00:00+01:00,965.7187748240945
2026-12-09 03:00:00+01:00,969.0982093068507
2026-12-09 04:00:00+01:00,1087.0324474853874
2026-12-09 05:00:00+01:00,1387.7172117438515
2026-12-09 06:00:00+01:00,1723.662645410517
2026-12-09 07:00:00+01:00,2004.8863479319857
2026-12-09 08:00:00+01:00,2120.4067742290736
2026-12-09 09:00:00+01:00,2155.864417142328
2026-12-09 10:00:00+01:00,2127.556726169874
2026-12-09 11:00:00+01:00,2085.4734293878737
2026-12-09 12:00:00+01:00,2060.9396521485123
2026-12-09 13:00:00+01:00,2039.753250641122
2026-12-09 14:00:00+01:00,2073.129418394751
2026-12-09 15:00:00+01:00,2293.481660513215
2026-12-09 16:00:00+01:00,2543.13504773904
2026-12-09 17:00:00+01:00,2686.5838259990037
2026-12-09 18:00:00+01:00,2608.389107987948
2026-12-09 19:00:00+01:00,2444.6847079604136
2026-12-09 20:00:00+01:00,2212.251410152709
2026-12-09 21:00:00+01:00,1868.2188467013882
2026-12-09 22:00:00+01:00,1531.7673758381452
2026-12-09 23:00:00+01:00,1262.3475261779768
2026-12-10 00:00:00+01:00,1109.410628165372
2026-12-10 01:00:00+01:00,1025.7955877339732
2026-12-10 02:00:00+01:00,997.8758822183115
2026-12-10 03:00:00+01:00,1015.5724743445383
2026-12-10 04:00:00+01:00,1111.3051108212508
2026-12-10 05:00:00+01:00,1370.5687348918746
2026-12-10 06:00:00+01:00,1696.8377308557092
2026-12-10 07:00:00+01:00,2009.1971334677328
2026-12-10 08:00:00+01:00,2155.313784806404
2026-12-10 09:00:00+01:00,2193.8974050803636
2026-12-10 10:00:00+01:00,2182.3438521572225
2026-12-10 11:00:00+01:00,2162.71153536627
2026-12-10 12:00:00+01:00,2136.615711153814
2026-12-10 13:00:00+01:00,2105.187257593449
2026-12-10 14:00:00+01:00,2103.6134045275703
2026-12-10 15:00:00+01:00,2263.471960140397
2026-12-10 16:00:00+01:00,2472.010426476381
2026-12-10 17:00:00+01:00,2602.993738116971
2026-12-10 18:00:00+01:00,2546.23221634778
2026-12-10 19:00:00+01:00,2376.5705895314086
2026-12-10 20:00:00+01:00,2173.0364172945874
2026-12-10 21:00:00+01:00,1866.867614724555
2026-12-10 22:00:00+01:00,1532.5546034012875
2026-12-10 23:00:00+01:00,1243.5109652956396
2026-12-11 00:00:00+01:00,1096.026782801992
2026-12-11 01:00:00+01:00,1027.3800652884781
2026-12-11 02:00:00+01:00,1010.7264177411097
2026-12-11 03:00:00+01:00,1024.6189496235172
2026-12-11 04:00:00+01:00,1113.8676982374916
2026-12-11 05:00:00+01:00,1371.052460386086
2026-12-11 06:00:00+01:00,1677.3388527001457
2026-12-11 07:00:00+01:00,1963.6322428583967
2026-12-11 08:00:00+01:00,2089.6428789728516
2026-12-11 09:00:00+01:00,2114.4769811581073
2026-12-11 10:00:00+01:00,2098.857818940396
2026-12-11 11:00:00+01:00,2060.685567944123
2026-12-11 12:00:00+01:00,2058.9692186561656
2026-12-11 13:00:00+01:00,2053.7479895796146
2026-12-11 14:00:00+01:00,2106.947217421751
2026-12-11 15:00:00+01:00,2320.8973275457856
2026-12-11 16:00:00+01:00,2552.304265484614
2026-12-11 17:00:00+01:00,2691.4757702474953
2026-12-11 18:00:00+01:00,2614.352109749632
2026-12-11 19:00:00+01:00,2445.2220654861158
2026-12-11 20:00:00+01:00,2210.547328157824
2026-12-11 21:00:00+01:00,1874.308516595567
2026-12-11 22:00:00+01:00,1547.472871942545
2026-12-11 23:00:00+01:00,1265.9039540558688
2026-12-12 00:00:00+01:00,974.5636186063073
2026-12-12 01:00:00+01:00,902.2461437406254
2026-12-12 02:00:00+01:00,890.1996798287521
2026-12-12 03:00:00+01:00,905.9017715331701
2026-12-12 04:00:00+01:00,990.0980736270989
2026-12-12 05:00:00+01:00,1210.8153020719544
2026-12-12 06:00:00+01:00,1487.4060225832698
2026-12-12 07:00:00+01:00,1724.6865902558905
2026-12-12 08:00:00+01:00,1810.0694743475942
2026-12-12 09:00:00+01:00,1826.1081882877481
2026-12-12 10:00:00+01:00,1808.6594263618983
2026-12-12 11:00:00+01:00,1792.2969730972557
2026-12-12 12:00:00+01:00,1754.8954883119006
2026-12-12 13:00:00+01:00,1731.7731280562873
2026-12-12 14:00:00+01:00,1766.2776294233504
2026-12-12 15:00:00+01:00,1959.336403038764
2026-12-12 16:00:00+01:00,2182.1295534681367
2026-12-12 17:00:00+01:00,2314.2390205897113
2026-12-12 18:00:00+01:00,2258.7097083265953
2026-12-12 19:00:00+01:00,2090.2612742111733
2026-12-12 20:00:00+01:00,1876.859678159976
2026-12-12 21:00:00+01:00,1596.350452848815
2026-12-12 22:00:00+01:00,1327.6513424696109
2026-12-12 23:00:00+01:00,1102.6723616584763
2026-12-13 00:00:00+01:00,924.8047972750406
2026-12-13 01:00:00+01:00,849.0592964619473
2026-12-13 02:00:00+01:00,816.6937287567704
2026-12-13 03:00:00+01:00,831.1800452673324
2026-12-13 04:00:00+01:00,926.3402932076236
2026-12-13 05:00:00+01:00,1163.2695996972695
2026-12-13 06:00:00+01:00,1419.1010610558285
2026-12-13 07:00:00+01:00,1652.0704357460147
2026-12-13 08:00:00+01:00,1740.3733657730156
2026-12-13 09:00:00+01:00,1769.3659750210245
2026-12-13 10:00:00+01:00,1741.6140016416564
2026-12-13 11:00:00+01:00,1692.4082543167553
2026-12-13 12:00:00+01:00,1642.7902643664327
2026-12-13 13:00:00+01:00,1611.7332782976712
2026-12-13 14:00:00+01:00,1662.9026536903937
2026-12-13 15:00:00+01:00,1877.6793895947405
2026-12-13 16:00:00+01:00,2134.5054569117433
2026-12-13 17:00:00+01:00,2297.4978238302256
2026-12-13 18:00:00+01:00,2265.791885021955
2026-12-13 19:00:00+01:00,2093.9189757393738
2026-12-13 20:00:00+01:00,1883.6564186421037
2026-12-13 21:00:00+01:00,1602.0055974421173
2026-12-13 22:00:00+01:00,1336.3160547395178
2026-12-13 23:00:00+01:00,1075.482309165661
2026-12-14 00:00:00+01:00,1120.4002715232907
2026-12-14 01:00:00+01:00,1011.9518968655553
2026-12-14 02:00:00+01:00,979.4600153645721
2026-12-14 03:00:00+01:00,1005.3548763172572
2026-12-14 04:00:00+01:00,1118.4531108231527
2026-12-14 05:00:00+01:00,1418.8988491602468
2026-12-14 06:00:00+01:00,1767.29542536953
2026-12-14 07:00:00+01:00,2049.380480992993
2026-12-14 08:00:00+01:00,2142.299571107298
2026-12-14 09:00:00+01:00,2129.045102993481
2026-12-14 10:00:00+01:00,2095.0506557967487
2026-12-14 11:00:00+01:00,2055.5485338554913
2026-12-14 12:00:00+01:00,2022.3674753763903
2026-12-14 13:00:00+01:00,1993.57514249362
2026-12-14 14:00:00+01:00,2035.3203756121243
2026-12-14 15:00:00+01:00,2261.020766329438
2026-12-14 16:00:00+01:00,2510.927086763019
2026-12-14 17:00:00+01:00,2646.1510825015935
2026-12-14 18:00:00+01:00,2557.6474325603062
2026-12-14 19:00:00+01:00,2359.774056550959
2026-12-14 20:00:00+01:00,2121.0788198601686
2026-12-14 21:00:00+01:00,1794.3585132633846
2026-12-14 22:00:00+01:00,1502.6421911686903
2026-12-14 23:00:00+01:00,1267.9451259263694
2026-12-15 00:00:00+01:00,1124.5718438096023
2026-12-15 01:00:00+01:00,1048.483515211304
2026-12-15 02:00:00+01:00,1015.2285976208982
2026-12-15 03:00:00+01:00,1044.542010460537
2026-12-15 04:00:00+01:00,1173.7733395024852
2026-12-15 05:00:00+01:00,1499.0843649458732
2026-12-15 06:00:00+01:00,1868.1571737284469
2026-12-15 07:00:00+01:00,2138.8751436522657
2026-12-15 08:00:00+01:00,2188.5940538761447
2026-12-15 09:00:00+01:00,2153.4148269121797
2026-12-15 10:00:00+01:00,2121.4908144530705
2026-12-15 11:00:00+01:00,2093.3857662832265
2026-12-15 12:00:00+01:00,2050.664716619548
2026-12-15 13:00:00+01:00,1992.8096110136294
2026-12-15 14:00:00+01:00,1985.945499070213
2026-12-15 15:00:00+01:00,2141.419527844709
2026-12-15 16:00:00+01:00,2370.8425987370724
2026-12-15 17:00:00+01:00,2551.7984443497016
2026-12-15 18:00:00+01:00,2536.437366208577
2026-12-15 19:00:00+01:00,2388.895647309413
2026-12-15 20:00:00+01:00,2161.2463004227416
2026-12-15 21:00:00+01:00,1857.0730267975698
2026-12-15 22:00:00+01:00,1572.1656014011648
2026-12-15 23:00:00+01:00,1317.630640339973
2026-12-16 00:00:00+01:00,1198.2392978916205
2026-12-16 01:00:00+01:00,1111.193283925512
2026-12-16 02:00:00+01:00,1072.0369384152452
2026-12-16 03:00:00+01:00,1046.8927227738811
2026-12-16 04:00:00+01:00,1109.1260637594587
2026-12-16 05:00:00+01:00,1362.9158852700052
2026-12-16 06:00:00+01:00,1670.5058980788965
2026-12-16 07:00:00+01:00,1937.3647392867401
2026-12-16 08:00:00+01:00,2046.9298948714709
2026-12-16 09:00:00+01:00,2077.4669355545507
2026-12-16 10:00:00+01:00,2080.645916745962
2026-12-16 11:00:00+01:00,2067.551586932886
2026-12-16 12:00:00+01:00,2059.676848686157
2026-12-16 13:00:00+01:00,2029.5208838272922
2026-12-16 14:00:00+01:00,2041.139399529061
2026-12-16 15:00:00+01:00,2245.6050070618167
2026-12-16 16:00:00+01:00,2502.405180715195
2026-12-16 17:00:00+01:00,2693.0390760393116
2026-12-16 18:00:00+01:00,2634.38625040156
2026-12-16 19:00:00+01:00,2465.477143205747
2026-12-16 20:00:00+01:00,2219.741293646174
2026-12-16 21:00:00+01:00,1904.1528761270422
2026-12-16 22:00:00+01:00,1583.439308350887
2026-12-16 23:00:00+01:00,1296.6985911754593
2026-12-17 00:00:00+01:00,1124.634339250477
2026-12-17 01:00:00+01:00,1019.0611632837872
2026-12-17 02:00:00+01:00,975.8704727887742
2026-12-17 03:00:00+01:00,984.0120366054042
2026-12-17 04:00:00+01:00,1077.8033894789294
2026-12-17 05:00:00+01:00,1372.0847858121053
2026-12-17 06:00:00+01:00,1721.0483685244417
2026-12-17 07:00:00+01:00,2018.644822487041
2026-12-17 08:00:00+01:00,2106.8626387017375
2026-12-17 09:00:00+01:00,2121.0453487573473
2026-12-17 10:00:00+01:00,2098.427352825896
2026-12-17 11:00:00+01:00,2097.7255118804837
2026-12-17 12:00:00+01:00,2089.2249256706873
2026-12-17 13:00:00+01:00,2079.9875793296046
2026-12-17 14:00:00+01:00,2079.259902718871
2026-12-17 15:00:00+01:00,2246.987655287137
2026-12-17 16:00:00+01:00,2464.097704648782
2026-12-17 17:00:00+01:00,2626.814856711051
2026-12-17 18:00:00+01:00,2592.5741730465406
2026-12-17 19:00:00+01:00,2451.474568453322
2026-12-17 20:00:00+01:00,2249.0229517100793
2026-12-17 21:00:00+01:00,1942.2575364103238
2026-12-17 22:00:00+01:00,1623.5639721859884
2026-12-17 23:00:00+01:00,1341.8078354477516
2026-12-18 00:00:00+01:00,1176.6591139952773
2026-12-18 01:00:00+01:00,1089.2512264928828
2026-12-18 02:00:00+01:00,1060.7313507870726
2026-12-18 03:00:00+01:00,1064.5840723408508
2026-12-18 04:00:00+01:00,1137.5931087634453
2026-12-18 05:00:00+01:00,1372.5297628477072
2026-12-18 06:00:00+01:00,1693.9168016465521
2026-12-18 07:00:00+01:00,1984.831843154973
2026-12-18 08:00:00+01:00,2119.4947221140214
2026-12-18 09:00:00+01:00,2134.8213685603514
2026-12-18 10:00:00+01:00,2127.090563372048
2026-12-18 11:00:00+01:00,2098.1465080662692
2026-12-18 12:00:00+01:00,2060.7984803743548
2026-12-18 13:00:00+01:00,2015.79436090711
2026-12-18 14:00:00+01:00,2033.4476011968636
2026-12-18 15:00:00+01:00,2221.4716391106763
2026-12-18 16:00:00+01:00,2442.6551054395763
2026-12-18 17:00:00+01:00,2582.265931885492
2026-12-18 18:00:00+01:00,2549.5656868116407
2026-12-18 19:00:00+01:00,2428.5022754286742
2026-12-18 20:00:00+01:00,2240.2679127710203
2026-12-18 21:00:00+01:00,1913.1663169433755
2026-12-18 22:00:00+01:00,1571.0501853839999
2026-12-18 23:00:00+01:00,1277.113939241618
2026-12-19 00:00:00+01:00,989.8309237309136
2026-12-19 01:00:00+01:00,920.6964496661217
2026-12-19 02:00:00+01:00,887.2967882496688
2026-12-19 03:00:00+01:00,883.302657753209
2026-12-19 04:00:00+01:00,956.9234047143435
2026-12-19 05:00:00+01:00,1166.2723053391899
2026-12-19 06:00:00+01:00,1424.2116822982262
2026-12-19 07:00:00+01:00,1670.1586993686587
2026-12-19 08:00:00+01:00,1778.392701301575
2026-12-19 09:00:00+01:00,1827.8423949363387
2026-12-19 10:00:00+01:00,1804.1999694442857
2026-12-19 11:00:00+01:00,1785.7235152862422
2026-12-19 12:00:00+01:00,1738.2420391637859
2026-12-19 13:00:00+01:00,1714.3430164402923
2026-12-19 14:00:00+01:00,1748.9139633536042
2026-12-19 15:00:00+01:00,1933.861019270526
2026-12-19 16:00:00+01:00,2162.9195762926347
2026-12-19 17:00:00+01:00,2313.2795645451906
2026-12-19 18:00:00+01:00,2301.687586622007
2026-12-19 19:00:00+01:00,2172.675470476192
2026-12-19 20:00:00+01:00,1966.6459353064567
2026-12-19 21:00:00+01:00,1662.1984977920004
2026-12-19 22:00:00+01:00,1374.6399997930719
2026-12-19 23:00:00+01:00,1141.4463714606306
2026-12-20 00:00:00+01:00,973.5036112910063
2026-12-20 01:00:00+01:00,890.405481251759
2026-12-20 02:00:00+01:00,858.2317543026772
2026-12-20 03:00:00+01:00,876.0309540919349
2026-12-20 04:00:00+01:00,959.6245319306352
2026-12-20 05:00:00+01:00,1168.5132350000624
2026-12-20 06:00:00+01:00,1408.3952273556076
2026-12-20 07:00:00+01:00,1632.5079792408974
2026-12-20 08:00:00+01:00,1746.985648293743
2026-12-20 09:00:00+01:00,1788.7692311166545
2026-12-20 10:00:00+01:00,1775.7579276217737
2026-12-20 11:00:00+01:00,1728.2046165011022
2026-12-20 12:00:00+01:00,1675.6191008848516
2026-12-20 13:00:00+01:00,1631.8660922738259
2026-12-20 14:00:00+01:00,1646.8282614386608
2026-12-20 15:00:00+01:00,1805.1968797233208
2026-12-20 16:00:00+01:00,1989.0106082593302
2026-12-20 17:00:00+01:00,2126.50858370809
2026-12-20 18:00:00+01:00,2120.3573538932387
2026-12-20 19:00:00+01:00,2053.6433677743785
2026-12-20 20:00:00+01:00,1911.1143024344676
2026-12-20 21:00:00+01:00,1668.8462636725812
2026-12-20 22:00:00+01:00,1415.7747418525469
2026-12-20 23:00:00+01:00,1202.9851001120876
2026-12-21 00:00:00+01:00,1277.7679662629173
2026-12-21 01:00:00+01:00,1175.537872495087
2026-12-21 02:00:00+01:00,1099.3120644761752
2026-12-21 03:00:00+01:00,1070.2327357722163
2026-12-21 04:00:00+01:00,1129.366450953448
2026-12-21 05:00:00+01:00,1342.388437717649
2026-12-21 06:00:00+01:00,1614.4372130136692
2026-12-21 07:00:00+01:00,1855.8419917972774
2026-12-21 08:00:00+01:00,1976.690099461669
2026-12-21 09:00:00+01:00,2002.0010478693998
2026-12-21 10:00:00+01:00,1993.4106664772403
2026-12-21 11:00:00+01:00,1970.4799650624482
2026-12-21 12:00:00+01:00,1969.082792584741
2026-12-21 13:00:00+01:00,1964.130553921227
2026-12-21 14:00:00+01:00,2005.3055989410739
2026-12-21 15:00:00+01:00,2199.444063851038
2026-12-21 16:00:00+01:00,2432.1760400067474
2026-12-21 17:00:00+01:00,2583.6723995450593
2026-12-21 18:00:00+01:00,2557.1353645250074
2026-12-21 19:00:00+01:00,2431.6177569890283
2026-12-21 20:00:00+01:00,2261.12044062659
2026-12-21 21:00:00+01:00,1973.6737957155399
2026-12-21 22:00:00+01:00,1661.1045783181764
2026-12-21 23:00:00+01:00,1382.7355916118804
2026-12-22 00:00:00+01:00,1210.250121646926
2026-12-22 01:00:00+01:00,1081.8544626025976
2026-12-22 02:00:00+01:00,989.8405611313171
2026-12-22 03:00:00+01:00,985.7425325004401
2026-12-22 04:00:00+01:00,1080.9958845294911
2026-12-22 05:00:00+01:00,1332.027933636846
2026-12-22 06:00:00+01:00,1609.871002618741
2026-12-22 07:00:00+01:00,1856.6174464173255
2026-12-22 08:00:00+01:00,1954.9585344021104
2026-12-22 09:00:00+01:00,1986.3767778410795
2026-12-22 10:00:00+01:00,1981.1536190191437
2026-12-22 11:00:00+01:00,1978.1039305539905
2026-12-22 12:00:00+01:00,1970.7863427414807
2026-12-22 13:00:00+01:00,1969.946237840142
2026-12-22 14:00:00+01:00,2016.2278638646555
2026-12-22 15:00:00+01:00,2244.9697227529023
2026-12-22 16:00:00+01:00,2510.3970887651917
2026-12-22 17:00:00+01:00,2708.2010315648854
2026-12-22 18:00:00+01:00,2682.740542651377
2026-12-22 19:00:00+01:00,2562.7747324146067
2026-12-22 20:00:00+01:00,2364.1521528226576
2026-12-22 21:00:00+01:00,2051.0820300621685
2026-12-22 22:00:00+01:00,1721.1226274542546
2026-12-22 23:00:00+01:00,1440.6138515891162
2026-12-23 00:00:00+01:00,1269.0628732244872
2026-12-23 01:00:00+01:00,1131.1600422412098
2026-12-23 02:00:00+01:00,1040.285717705984
2026-12-23 03:00:00+01:00,1009.8218105335536
2026-12-23 04:00:00+01:00,1084.7029847675456
2026-12-23 05:00:00+01:00,1293.5553554293692
2026-12-23 06:00:00+01:00,1537.2627429416693
2026-12-23 07:00:00+01:00,1768.9113605480459
2026-12-23 08:00:00+01:00,1887.974604520152
2026-12-23 09:00:00+01:00,1947.9984745532515
2026-12-23 10:00:00+01:00,1963.939608410474
2026-12-23 11:00:00+01:00,1956.1755024402144
2026-12-23 12:00:00+01:00,1938.7280944128524
2026-12-23 13:00:00+01:00,1948.962605059637
2026-12-23 14:00:00+01:00,2019.0369067914114
2026-12-23 15:00:00+01:00,2274.504089791948
2026-12-23 16:00:00+01:00,2537.5784375426283
2026-12-23 17:00:00+01:00,2704.789866089083
2026-12-23 18:00:00+01:00,2651.6353668910597
2026-12-23 19:00:00+01:00,2496.612199117627
2026-12-23 20:00:00+01:00,2308.388246297091
2026-12-23 21:00:00+01:00,2031.8741441164268
2026-12-23 22:00:00+01:00,1762.600644904527
2026-12-23 23:00:00+01:00,1496.934035317843
2026-12-24 00:00:00+01:00,1307.3839823121812
2026-12-24 01:00:00+01:00,1154.364365948995
2026-12-24 02:00:00+01:00,1059.0890957782738
2026-12-24 03:00:00+01:00,1019.8908386053922
2026-12-24 04:00:00+01:00,1056.1460265070332
2026-12-24 05:00:00+01:00,1195.5700441528622
2026-12-24 06:00:00+01:00,1389.3154464598952
2026-12-24 07:00:00+01:00,1596.0687612189479
2026-12-24 08:00:00+01:00,1745.918841399088
2026-12-24 09:00:00+01:00,1834.1767874932434
2026-12-24 10:00:00+01:00,1847.9163121069078
2026-12-24 11:00:00+01:00,1785.8671820831687
2026-12-24 12:00:00+01:00,1708.2982166791508
2026-12-24 13:00:00+01:00,1672.7304491323855
2026-12-24 14:00:00+01:00,1746.089852984115
2026-12-24 15:00:00+01:00,2052.480693804258
2026-12-24 16:00:00+01:00,2389.4221289331576
2026-12-24 17:00:00+01:00,2632.757453376341
2026-12-24 18:00:00+01:00,2621.311684343712
2026-12-24 19:00:00+01:00,2511.1904267291334
2026-12-24 20:00:00+01:00,2372.115052370899
2026-12-24 21:00:00+01:00,2172.8618213994387
2026-12-24 22:00:00+01:00,1939.6065218593596
2026-12-24 23:00:00+01:00,1664.08067207916
2026-12-25 00:00:00+01:00,1341.4280620066645
2026-12-25 01:00:00+01:00,1172.7332843245288
2026-12-25 02:00:00+01:00,1085.5268221721115
2026-12-25 03:00:00+01:00,1051.9739809569091
2026-12-25 04:00:00+01:00,1088.1789270469371
2026-12-25 05:00:00+01:00,1195.218904149092
2026-12-25 06:00:00+01:00,1334.227447880899
2026-12-25 07:00:00+01:00,1490.4572269055082
2026-12-25 08:00:00+01:00,1608.964279307219
2026-12-25 09:00:00+01:00,1677.4247417791685
2026-12-25 10:00:00+01:00,1683.9826872096346
2026-12-25 11:00:00+01:00,1646.376956508264
2026-12-25 12:00:00+01:00,1618.2511072355844
2026-12-25 13:00:00+01:00,1620.8269776949353
2026-12-25 14:00:00+01:00,1703.1806492268163
2026-12-25 15:00:00+01:00,1956.245179338903
2026-12-25 16:00:00+01:00,2246.759826346532
2026-12-25 17:00:00+01:00,2484.1460166901647
2026-12-25 18:00:00+01:00,2515.5212620262
2026-12-25 19:00:00+01:00,2420.243201305435
2026-12-25 20:00:00+01:00,2242.1620154905618
2026-12-25 21:00:00+01:00,2001.6170653363783
2026-12-25 22:00:00+01:00,1737.5856605839526
2026-12-25 23:00:00+01:00,1458.069383738694
2026-12-26 00:00:00+01:00,1117.7747536017437
2026-12-26 01:00:00+01:00,965.5580607093734
2026-12-26 02:00:00+01:00,888.4442382394077
2026-12-26 03:00:00+01:00,861.8463747014658
2026-12-26 04:00:00+01:00,925.7054998766527
2026-12-26 05:00:00+01:00,1075.4700091635286
2026-12-26 06:00:00+01:00,1239.545942558735
2026-12-26 07:00:00+01:00,1399.038503387573
2026-12-26 08:00:00+01:00,1511.994491299996
2026-12-26 09:00:00+01:00,1579.838323997535
2026-12-26 10:00:00+01:00,1617.3321730907478
2026-12-26 11:00:00+01:00,1617.185486743371
2026-12-26 12:00:00+01:00,1601.4268739087422
2026-12-26 13:00:00+01:00,1581.4704300171445
2026-12-26 14:00:00+01:00,1608.9950560685024
2026-12-26 15:00:00+01:00,1777.0653587046106
2026-12-26 16:00:00+01:00,1993.1852387124377
2026-12-26 17:00:00+01:00,2159.7308069429737
2026-12-26 18:00:00+01:00,2170.025516660523
2026-12-26 19:00:00+01:00,2069.6406520707687
2026-12-26 20:00:00+01:00,1901.33792080514
2026-12-26 21:00:00+01:00,1654.9641129440063
2026-12-26 22:00:00+01:00,1405.1005991287277
2026-12-26 23:00:00+01:00,1176.9563560474041
2026-12-27 00:00:00+01:00,1006.965428250036
2026-12-27 01:00:00+01:00,913.4104375210252
2026-12-27 02:00:00+01:00,878.8362788264443
2026-12-27 03:00:00+01:00,893.4036914264268
2026-12-27 04:00:00+01:00,959.3288938697088
2026-12-27 05:00:00+01:00,1099.8535974279732
2026-12-27 06:00:00+01:00,1272.690951083788
2026-12-27 07:00:00+01:00,1446.1062358281692
2026-12-27 08:00:00+01:00,1557.4478499794686
2026-12-27 09:00:00+01:00,1610.0919358266626
2026-12-27 10:00:00+01:00,1607.3835883744844
2026-12-27 11:00:00+01:00,1574.6883298512694
2026-12-27 12:00:00+01:00,1542.0943147563332
2026-12-27 13:00:00+01:00,1519.7548601017174
2026-12-27 14:00:00+01:00,1552.5360501558825
2026-12-27 15:00:00+01:00,1746.099266775548
2026-12-27 16:00:00+01:00,1986.1766211038027
2026-12-27 17:00:00+01:00,2170.880725622901
2026-12-27 18:00:00+01:00,2160.0949451264964
2026-12-27 19:00:00+01:00,2029.6912720077503
2026-12-27 20:00:00+01:00,1823.6939421946734
2026-12-27 21:00:00+01:00,1561.0442046905262
2026-12-27 22:00:00+01:00,1324.8813560405533
2026-12-27 23:00:00+01:00,1129.6550460706237
2026-12-28 00:00:00+01:00,1187.3546294108114
2026-12-28 01:00:00+01:00,1088.6104108146753
2026-12-28 02:00:00+01:00,1044.0774609644563
2026-12-28 03:00:00+01:00,1033.3729325858276
2026-12-28 04:00:00+01:00,1099.190096930984
2026-12-28 05:00:00+01:00,1262.5614768435316
2026-12-28 06:00:00+01:00,1471.7365136298906
2026-12-28 07:00:00+01:00,1667.1820775800145
2026-12-28 08:00:00+01:00,1820.3917799426108
2026-12-28 09:00:00+01:00,1919.8193144636352
2026-12-28 10:00:00+01:00,1957.8172086354211
2026-12-28 11:00:00+01:00,1925.507150231872
2026-12-28 12:00:00+01:00,1870.5931812082663
2026-12-28 13:00:00+01:00,1852.4172835768634
2026-12-28 14:00:00+01:00,1912.4905829587726
2026-12-28 15:00:00+01:00,2145.121093864464
2026-12-28 16:00:00+01:00,2403.167227710445
2026-12-28 17:00:00+01:00,2572.679978460561
2026-12-28 18:00:00+01:00,2543.4307220077726
2026-12-28 19:00:00+01:00,2386.502992246207
2026-12-28 20:00:00+01:00,2142.1815916504997
2026-12-28 21:00:00+01:00,1828.5517470843433
2026-12-28 22:00:00+01:00,1508.5914328979595
2026-12-28 23:00:00+01:00,1249.0995106054525
2026-12-29 00:00:00+01:00,1099.2014379305328
2026-12-29 01:00:00+01:00,1002.0250261165696
2026-12-29 02:00:00+01:00,958.1856450415642
2026-12-29 03:00:00+01:00,958.1146690032382
2026-12-29 04:00:00+01:00,1037.270179058362
2026-12-29 05:00:00+01:00,1228.3970709191215
2026-12-29 06:00:00+01:00,1457.5712502400538
2026-12-29 07:00:00+01:00,1678.4101285494771
2026-12-29 08:00:00+01:00,1804.2815087206122
2026-12-29 09:00:00+01:00,1871.2568346033747
2026-12-29 10:00:00+01:00,1859.7712586410776
2026-12-29 11:00:00+01:00,1817.5243157977384
2026-12-29 12:00:00+01:00,1776.993955716148
2026-12-29 13:00:00+01:00,1776.2653643165202
2026-12-29 14:00:00+01:00,1859.652724799921
2026-12-29 15:00:00+01:00,2127.9521162187707
2026-12-29 16:00:00+01:00,2438.6928715095596
2026-12-29 17:00:00+01:00,2669.4584656324
2026-12-29 18:00:00+01:00,2688.5151138375973
2026-12-29 19:00:00+01:00,2566.323809075607
2026-12-29 20:00:00+01:00,2313.4732449566695
2026-12-29 21:00:00+01:00,1955.094747499721
2026-12-29 22:00:00+01:00,1599.3982419032193
2026-12-29 23:00:00+01:00,1321.6995511956197
2026-12-30 00:00:00+01:00,1131.1742571921318
2026-12-30 01:00:00+01:00,1022.031771496703
2026-12-30 02:00:00+01:00,975.7591168570855
2026-12-30 03:00:00+01:00,984.5488921425557
2026-12-30 04:00:00+01:00,1055.110432904341
2026-12-30 05:00:00+01:00,1235.1476120471566
2026-12-30 06:00:00+01:00,1455.4460527728195
2026-12-30 07:00:00+01:00,1673.2718534724368
2026-12-30 08:00:00+01:00,1804.2348423521423
2026-12-30 09:00:00+01:00,1864.1259605768282
2026-12-30 10:00:00+01:00,1856.4995636459455
2026-12-30 11:00:00+01:00,1813.7872720097585
2026-12-30 12:00:00+01:00,1772.353017087087
2026-12-30 13:00:00+01:00,1757.3501995193978
2026-12-30 14:00:00+01:00,1807.7357116500534
2026-12-30 15:00:00+01:00,2056.200025257636
2026-12-30 16:00:00+01:00,2359.578887970206
2026-12-30 17:00:00+01:00,2580.966791015926
2026-12-30 18:00:00+01:00,2549.9700676098523
2026-12-30 19:00:00+01:00,2390.480748906979
2026-12-30 20:00:00+01:00,2206.5623559716237
2026-12-30 21:00:00+01:00,1990.0775300814078
2026-12-30 22:00:00+01:00,1773.8581750221072
2026-12-30 23:00:00+01:00,1443.4382031155783
2026-12-31 00:00:00+01:00,1184.4730291424783
2026-12-31 01:00:00+01:00,955.1821429011437
2026-12-31 02:00:00+01:00,907.2869946315907
2026-12-31 03:00:00+01:00,935.3506078324258
2026-12-31 04:00:00+01:00,1054.2010425230694
2026-12-31 05:00:00+01:00,1244.9099852538561
2026-12-31 06:00:00+01:00,1448.4171113662292
2026-12-31 07:00:00+01:00,1641.113502032623
2026-12-31 08:00:00+01:00,1776.1534260921876
2026-12-31 09:00:00+01:00,1836.5546862000913
2026-12-31 10:00:00+01:00,1833.055130017836
2026-12-31 11:00:00+01:00,1824.159554827201
2026-12-31 12:00:00+01:00,1825.3943613247704
2026-12-31 13:00:00+01:00,1828.1014655499064
2026-12-31 14:00:00+01:00,1829.6149709288943
2026-12-31 15:00:00+01:00,2035.2245920713722
2026-12-31 16:00:00+01:00,2295.70453643674
2026-12-31 17:00:00+01:00,2498.931607659393
2026-12-31 18:00:00+01:00,2447.528507942492
2026-12-31 19:00:00+01:00,2272.2738328220184
2026-12-31 20:00:00+01:00,2094.549374417032
2026-12-31 21:00:00+01:00,2027.7596825898609
2026-12-31 22:00:00+01:00,2013.3509298816093
2026-12-31 23:00:00+01:00,1906.3164180692966
2027-01-01 00:00:00+01:00,1626.0322123181904
2027-01-01 01:00:00+01:00,1395.6462689344276
2027-01-01 02:00:00+01:00,1261.5412040163196
2027-01-01 03:00:00+01:00,1175.6836342774225
2027-01-01 04:00:00+01:00,1132.2258306941008
2027-01-01 05:00:00+01:00,1154.4017888418123
2027-01-01 06:00:00+01:00,1178.0428591297357
2027-01-01 07:00:00+01:00,1229.9004117082454
2027-01-01 08:00:00+01:00,1281.76046157264
2027-01-01 09:00:00+01:00,1340.9880892113285
2027-01-01 10:00:00+01:00,1405.2898110321103
2027-01-01 11:00:00+01:00,1424.1906054070116
2027-01-01 12:00:00+01:00,1451.4170525764778
2027-01-01 13:00:00+01:00,1484.8786009607568
2027-01-01 14:00:00+01:00,1599.4926738501185
2027-01-01 15:00:00+01:00,1906.0265805558513
2027-01-01 16:00:00+01:00,2284.7975777917504
2027-01-01 17:00:00+01:00,2579.7635445552432
2027-01-01 18:00:00+01:00,2636.131723569994
2027-01-01 19:00:00+01:00,2509.575512430667
2027-01-01 20:00:00+01:00,2317.264492656162
2027-01-01 21:00:00+01:00,2042.0907328547123
2027-01-01 22:00:00+01:00,1727.4610931505156
2027-01-01 23:00:00+01:00,1432.4955361532404
2027-01-02 00:00:00+01:00,1090.7498693812438
2027-01-02 01:00:00+01:00,996.8435823284196
2027-01-02 02:00:00+01:00,936.0827433620909
2027-01-02 03:00:00+01:00,894.0437013862827
2027-01-02 04:00:00+01:00,913.8775836769333
2027-01-02 05:00:00+01:00,1018.7789650148227
2027-01-02 06:00:00+01:00,1150.8518633712072
2027-01-02 07:00:00+01:00,1303.748816350959
2027-01-02 08:00:00+01:00,1417.614918716698
2027-01-02 09:00:00+01:00,1497.760790643331
2027-01-02 10:00:00+01:00,1517.707352176056
2027-01-02 11:00:00+01:00,1507.844489917896
2027-01-02 12:00:00+01:00,1490.3580394771413
2027-01-02 13:00:00+01:00,1511.9064017209819
2027-01-02 14:00:00+01:00,1568.647681361278
2027-01-02 15:00:00+01:00,1794.6355383192363
2027-01-02 16:00:00+01:00,2062.468279845347
2027-01-02 17:00:00+01:00,2285.396713287977
2027-01-02 18:00:00+01:00,2300.0737585676197
2027-01-02 19:00:00+01:00,2165.2047573368404
2027-01-02 20:00:00+01:00,1961.0790609474473
2027-01-02 21:00:00+01:00,1675.0174572246492
2027-01-02 22:00:00+01:00,1409.7941622619103
2027-01-02 23:00:00+01:00,1143.5173017932452
2027-01-03 00:00:00+01:00,999.8307497710739
2027-01-03 01:00:00+01:00,872.7147098002515
2027-01-03 02:00:00+01:00,822.0046595269448
2027-01-03 03:00:00+01:00,810.9874130361832
2027-01-03 04:00:00+01:00,871.9321897807787
2027-01-03 05:00:00+01:00,1040.5507408369087
2027-01-03 06:00:00+01:00,1250.425120229412
2027-01-03 07:00:00+01:00,1458.0629281940398
2027-01-03 08:00:00+01:00,1592.948564400534
2027-01-03 09:00:00+01:00,1667.269046771968
2027-01-03 10:00:00+01:00,1691.7150241954978
2027-01-03 11:00:00+01:00,1673.8316814677403
2027-01-03 12:00:00+01:00,1647.7479973260863
2027-01-03 13:00:00+01:00,1630.5046140599366
2027-01-03 14:00:00+01:00,1671.9955332791822
2027-01-03 15:00:00+01:00,1864.1277901456772
2027-01-03 16:00:00+01:00,2092.825421602908
2027-01-03 17:00:00+01:00,2265.9594899769
2027-01-03 18:00:00+01:00,2243.6586093896376
2027-01-03 19:00:00+01:00,2096.9508221226924
2027-01-03 20:00:00+01:00,1867.0977928102136
2027-01-03 21:00:00+01:00,1596.6066590155683
2027-01-03 22:00:00+01:00,1333.5997526628253
2027-01-03 23:00:00+01:00,1108.1179918662576
2027-01-04 00:00:00+01:00,1152.0434558515153
2027-01-04 01:00:00+01:00,1036.2881864169651
2027-01-04 02:00:00+01:00,984.7992650985185
2027-01-04 03:00:00+01:00,987.198147852918
2027-01-04 04:00:00+01:00,1069.5883353926063
2027-01-04 05:00:00+01:00,1275.5907578526146
2027-01-04 06:00:00+01:00,1538.694965565974
2027-01-04 07:00:00+01:00,1782.5344831511363
2027-01-04 08:00:00+01:00,1932.9600744657278
2027-01-04 09:00:00+01:00,2020.992643620815
2027-01-04 10:00:00+01:00,2039.6718373641527
2027-01-04 11:00:00+01:00,2013.9589389492908
2027-01-04 12:00:00+01:00,1956.0838545362649
2027-01-04 13:00:00+01:00,1914.3514242167569
2027-01-04 14:00:00+01:00,1947.4099751979666
2027-01-04 15:00:00+01:00,2170.304794386723
2027-01-04 16:00:00+01:00,2463.8080639314294
2027-01-04 17:00:00+01:00,2679.3308591578166
2027-01-04 18:00:00+01:00,2681.202093696459
2027-01-04 19:00:00+01:00,2532.745349567763
2027-01-04 20:00:00+01:00,2265.64712854065
2027-01-04 21:00:00+01:00,1928.8927525333347
2027-01-04 22:00:00+01:00,1590.351760972782
2027-01-04 23:00:00+01:00,1322.8180614433124
2027-01-05 00:00:00+01:00,1169.3917882415008
2027-01-05 01:00:00+01:00,1096.4756149133266
2027-01-05 02:00:00+01:00,1091.6494559640744
2027-01-05 03:00:00+01:00,1102.0206843505478
2027-01-05 04:00:00+01:00,1169.8373719074718
2027-01-05 05:00:00+01:00,1345.4402300267545
2027-01-05 06:00:00+01:00,1576.5447069895497
2027-01-05 07:00:00+01:00,1794.910414669815
2027-01-05 08:00:00+01:00,1918.1478498930003
2027-01-05 09:00:00+01:00,1968.129239755822
2027-01-05 10:00:00+01:00,1963.9078465860857
2027-01-05 11:00:00+01:00,1939.3357631470712
2027-01-05 12:00:00+01:00,1898.4701452133309
2027-01-05 13:00:00+01:00,1891.224148168679
2027-01-05 14:00:00+01:00,1945.0948694583071
2027-01-05 15:00:00+01:00,2193.528230014814
2027-01-05 16:00:00+01:00,2475.608547573348
2027-01-05 17:00:00+01:00,2689.4765435444137
2027-01-05 18:00:00+01:00,2680.557310827688
2027-01-05 19:00:00+01:00,2528.1973758739828
2027-01-05 20:00:00+01:00,2265.86126958794
2027-01-05 21:00:00+01:00,1937.834859230393
2027-01-05 22:00:00+01:00,1614.1754241845958
2027-01-05 23:00:00+01:00,1371.9674687636502
2027-01-06 00:00:00+01:00,1233.3074860495494
2027-01-06 01:00:00+01:00,1139.8400392874032
2027-01-06 02:00:00+01:00,1101.500802028825
2027-01-06 03:00:00+01:00,1112.3615532356378
2027-01-06 04:00:00+01:00,1204.1022066931152
2027-01-06 05:00:00+01:00,1417.3616549024646
2027-01-06 06:00:00+01:00,1675.0291817746865
2027-01-06 07:00:00+01:00,1925.213985485503
2027-01-06 08:00:00+01:00,2031.4007287937245
2027-01-06 09:00:00+01:00,2059.3694555825887
2027-01-06 10:00:00+01:00,2035.9024410060417
2027-01-06 11:00:00+01:00,2012.4699501103682
2027-01-06 12:00:00+01:00,1971.4967855207387
2027-01-06 13:00:00+01:00,1912.837396171724
2027-01-06 14:00:00+01:00,1886.228462075129
2027-01-06 15:00:00+01:00,2040.4695440810685
2027-01-06 16:00:00+01:00,2273.2503332043834
2027-01-06 17:00:00+01:00,2472.7672338499406
2027-01-06 18:00:00+01:00,2487.577572234221
2027-01-06 19:00:00+01:00,2377.274588693014
2027-01-06 20:00:00+01:00,2189.5568114672215
2027-01-06 21:00:00+01:00,1918.2974597241687
2027-01-06 22:00:00+01:00,1666.8832476471778
2027-01-06 23:00:00+01:00,1438.8157425768259
2027-01-07 00:00:00+01:00,1286.6253208106407
2027-01-07 01:00:00+01:00,1180.1295664711868
2027-01-07 02:00:00+01:00,1140.723163979809
2027-01-07 03:00:00+01:00,1139.7043859324885
2027-01-07 04:00:00+01:00,1222.471258912367
2027-01-07 05:00:00+01:00,1450.972282890395
2027-01-07 06:00:00+01:00,1715.3448837512792
2027-01-07 07:00:00+01:00,1957.025187908792
2027-01-07 08:00:00+01:00,2049.5591878665737
2027-01-07 09:00:00+01:00,2060.6676755559342
2027-01-07 10:00:00+01:00,2006.5647791423373
2027-01-07 11:00:00+01:00,1940.7557707683306
2027-01-07 12:00:00+01:00,1882.3625321496033
2027-01-07 13:00:00+01:00,1840.1365301582625
2027-01-07 14:00:00+01:00,1858.426391982367
2027-01-07 15:00:00+01:00,2056.7314909729525
2027-01-07 16:00:00+01:00,2310.539095519532
2027-01-07 17:00:00+01:00,2502.39698469426
2027-01-07 18:00:00+01:00,2503.9833470092717
2027-01-07 19:00:00+01:00,2383.8439470413637
2027-01-07 20:00:00+01:00,2176.2376976151036
2027-01-07 21:00:00+01:00,1882.2346857554653
2027-01-07 22:00:00+01:00,1590.3477147972658
2027-01-07 23:00:00+01:00,1344.5590492234742
2027-01-08 00:00:00+01:00,1162.8636720340298
2027-01-08 01:00:00+01:00,1070.718511022527
2027-01-08 02:00:00+01:00,1038.0987822088568
2027-01-08 03:00:00+01:00,1047.2795194092753
2027-01-08 04:00:00+01:00,1137.5171938586473
2027-01-08 05:00:00+01:00,1359.2272000654389
2027-01-08 06:00:00+01:00,1646.8366822088383
2027-01-08 07:00:00+01:00,1924.3671365972737
2027-01-08 08:00:00+01:00,2066.11717589697
2027-01-08 09:00:00+01:00,2113.429610142265
2027-01-08 10:00:00+01:00,2090.239389872938
2027-01-08 11:00:00+01:00,2040.43278313316
2027-01-08 12:00:00+01:00,1987.8520301751714
2027-01-08 13:00:00+01:00,1938.9979819291132
2027-01-08 14:00:00+01:00,1951.3213683467036
2027-01-08 15:00:00+01:00,2127.60933827582
2027-01-08 16:00:00+01:00,2371.4863456177864
2027-01-08 17:00:00+01:00,2559.1943364759622
2027-01-08 18:00:00+01:00,2555.0386658859215
2027-01-08 19:00:00+01:00,2398.0809996587595
2027-01-08 20:00:00+01:00,2155.246196678261
2027-01-08 21:00:00+01:00,1822.4238492372754
2027-01-08 22:00:00+01:00,1490.6179664129395
2027-01-08 23:00:00+01:00,1231.3851068663846
2027-01-09 00:00:00+01:00,941.1635711901617
2027-01-09 01:00:00+01:00,884.1166295743275
2027-01-09 02:00:00+01:00,859.7895649211891
2027-01-09 03:00:00+01:00,878.3126439179217
2027-01-09 04:00:00+01:00,939.7504572494006
2027-01-09 05:00:00+01:00,1122.7380559247815
2027-01-09 06:00:00+01:00,1356.7554733934196
2027-01-09 07:00:00+01:00,1584.392225198276
2027-01-09 08:00:00+01:00,1716.6688454188675
2027-01-09 09:00:00+01:00,1777.7910877322222
2027-01-09 10:00:00+01:00,1790.2276822396097
2027-01-09 11:00:00+01:00,1767.3699306157482
2027-01-09 12:00:00+01:00,1730.1092557208294
2027-01-09 13:00:00+01:00,1685.947357261556
2027-01-09 14:00:00+01:00,1684.4570463535222
2027-01-09 15:00:00+01:00,1840.3144856458287
2027-01-09 16:00:00+01:00,2059.9205826816665
2027-01-09 17:00:00+01:00,2224.1260106202612
2027-01-09 18:00:00+01:00,2204.964294381354
2027-01-09 19:00:00+01:00,2052.5220481616147
2027-01-09 20:00:00+01:00,1845.8373161840175
2027-01-09 21:00:00+01:00,1600.2908995753476
2027-01-09 22:00:00+01:00,1373.4619522137682
2027-01-09 23:00:00+01:00,1166.8722861548686
2027-01-10 00:00:00+01:00,983.6040687496554
2027-01-10 01:00:00+01:00,888.4781619147274
2027-01-10 02:00:00+01:00,852.7587945441093
2027-01-10 03:00:00+01:00,859.0387043291291
2027-01-10 04:00:00+01:00,922.9274847135438
2027-01-10 05:00:00+01:00,1093.4374912832247
2027-01-10 06:00:00+01:00,1319.437341992052
2027-01-10 07:00:00+01:00,1557.914056887598
2027-01-10 08:00:00+01:00,1697.5830750930813
2027-01-10 09:00:00+01:00,1769.5582292640631
2027-01-10 10:00:00+01:00,1778.8137505541806
2027-01-10 11:00:00+01:00,1757.177098196181
2027-01-10 12:00:00+01:00,1706.4234600545024
2027-01-10 13:00:00+01:00,1644.2612467270103
2027-01-10 14:00:00+01:00,1619.3331914918235
2027-01-10 15:00:00+01:00,1741.2271015556273
2027-01-10 16:00:00+01:00,1937.4930691464044
2027-01-10 17:00:00+01:00,2080.8640009372907
2027-01-10 18:00:00+01:00,2054.1296437790406
2027-01-10 19:00:00+01:00,1912.8509630356389
2027-01-10 20:00:00+01:00,1726.199389745819
2027-01-10 21:00:00+01:00,1493.2099738490424
2027-01-10 22:00:00+01:00,1269.0154906715943
2027-01-10 23:00:00+01:00,1073.2062488683598
2027-01-11 00:00:00+01:00,1115.3973174440578
2027-01-11 01:00:00+01:00,1010.899407167174
2027-01-11 02:00:00+01:00,975.7533169479792
2027-01-11 03:00:00+01:00,991.7275997797775
2027-01-11 04:00:00+01:00,1101.418967808865
2027-01-11 05:00:00+01:00,1327.2431624450257
2027-01-11 06:00:00+01:00,1620.775795633006
2027-01-11 07:00:00+01:00,1888.716324547859
2027-01-11 08:00:00+01:00,2033.539533494659
2027-01-11 09:00:00+01:00,2067.985139103431
2027-01-11 10:00:00+01:00,2042.4769873392665
2027-01-11 11:00:00+01:00,1988.6624614263512
2027-01-11 12:00:00+01:00,1944.222234958494
2027-01-11 13:00:00+01:00,1906.4465750687207
2027-01-11 14:00:00+01:00,1925.3218647737738
2027-01-11 15:00:00+01:00,2102.8252606614055
2027-01-11 16:00:00+01:00,2349.217391427205
2027-01-11 17:00:00+01:00,2530.746558335816
2027-01-11 18:00:00+01:00,2513.977449764289
2027-01-11 19:00:00+01:00,2358.158376216339
2027-01-11 20:00:00+01:00,2131.1846253076437
2027-01-11 21:00:00+01:00,1841.40312178496
2027-01-11 22:00:00+01:00,1541.2487760097308
2027-01-11 23:00:00+01:00,1291.6857968254392
2027-01-12 00:00:00+01:00,1164.7872621930944
2027-01-12 01:00:00+01:00,1058.769917308139
2027-01-12 02:00:00+01:00,1010.8109713836627
2027-01-12 03:00:00+01:00,1025.13084636803
2027-01-12 04:00:00+01:00,1101.7878751886296
2027-01-12 05:00:00+01:00,1319.0973878244006
2027-01-12 06:00:00+01:00,1605.2050021988523
2027-01-12 07:00:00+01:00,1917.9084231026122
2027-01-12 08:00:00+01:00,2104.3893344564103
2027-01-12 09:00:00+01:00,2113.678460196587
2027-01-12 10:00:00+01:00,2041.7583517881576
2027-01-12 11:00:00+01:00,1915.270464725078
2027-01-12 12:00:00+01:00,1846.6125867475077
2027-01-12 13:00:00+01:00,1811.100886251736
2027-01-12 14:00:00+01:00,1838.2107562751673
2027-01-12 15:00:00+01:00,2052.520615393369
2027-01-12 16:00:00+01:00,2328.814148275771
2027-01-12 17:00:00+01:00,2561.8789249077204
2027-01-12 18:00:00+01:00,2588.656654692931
2027-01-12 19:00:00+01:00,2464.1092059340554
2027-01-12 20:00:00+01:00,2238.292519871426
2027-01-12 21:00:00+01:00,1924.2752614338524
2027-01-12 22:00:00+01:00,1586.1703795568988
2027-01-12 23:00:00+01:00,1323.0579649465715
2027-01-13 00:00:00+01:00,1157.9494074069885
2027-01-13 01:00:00+01:00,1098.151357386076
2027-01-13 02:00:00+01:00,1087.8271204307757
2027-01-13 03:00:00+01:00,1118.0500535911303
2027-01-13 04:00:00+01:00,1211.721621513351
2027-01-13 05:00:00+01:00,1445.1770165659345
2027-01-13 06:00:00+01:00,1734.4656684085141
2027-01-13 07:00:00+01:00,1985.49938110048
2027-01-13 08:00:00+01:00,2102.9361261553
2027-01-13 09:00:00+01:00,2137.2646791962907
2027-01-13 10:00:00+01:00,2114.375842323414
2027-01-13 11:00:00+01:00,2025.757817937325
2027-01-13 12:00:00+01:00,1907.996952283045
2027-01-13 13:00:00+01:00,1822.909434819
2027-01-13 14:00:00+01:00,1835.1691430551223
2027-01-13 15:00:00+01:00,2014.1583082756424
2027-01-13 16:00:00+01:00,2256.037374035487
2027-01-13 17:00:00+01:00,2432.4136933229747
2027-01-13 18:00:00+01:00,2441.476934868997
2027-01-13 19:00:00+01:00,2311.103831124093
2027-01-13 20:00:00+01:00,2093.517074782229
2027-01-13 21:00:00+01:00,1804.0134502598141
2027-01-13 22:00:00+01:00,1523.0896308628594
2027-01-13 23:00:00+01:00,1306.9614045952815
2027-01-14 00:00:00+01:00,1152.399951895596
2027-01-14 01:00:00+01:00,1061.4301854977937
2027-01-14 02:00:00+01:00,1019.6478054110147
2027-01-14 03:00:00+01:00,1023.0009267570478
2027-01-14 04:00:00+01:00,1135.5040528879701
2027-01-14 05:00:00+01:00,1432.8347860022643
2027-01-14 06:00:00+01:00,1778.300860424794
2027-01-14 07:00:00+01:00,2048.3837749975532
2027-01-14 08:00:00+01:00,2117.3135663633234
2027-01-14 09:00:00+01:00,2105.453716950338
2027-01-14 10:00:00+01:00,2058.787559699975
2027-01-14 11:00:00+01:00,2004.0878938003766
2027-01-14 12:00:00+01:00,1952.3167148830553
2027-01-14 13:00:00+01:00,1909.2434132138062
2027-01-14 14:00:00+01:00,1910.3449277329448
2027-01-14 15:00:00+01:00,2036.6968452955084
2027-01-14 16:00:00+01:00,2255.6388714326113
2027-01-14 17:00:00+01:00,2442.750115073437
2027-01-14 18:00:00+01:00,2475.873249116534
2027-01-14 19:00:00+01:00,2356.6145172787537
2027-01-14 20:00:00+01:00,2132.1570579429804
2027-01-14 21:00:00+01:00,1830.2456444037575
2027-01-14 22:00:00+01:00,1516.3420740058389
2027-01-14 23:00:00+01:00,1282.914110002243
2027-01-15 00:00:00+01:00,1142.9621861103776
2027-01-15 01:00:00+01:00,1054.431857699838
2027-01-15 02:00:00+01:00,1011.555047012175
2027-01-15 03:00:00+01:00,1029.536665219938
2027-01-15 04:00:00+01:00,1136.176024393844
2027-01-15 05:00:00+01:00,1392.6032664914271
2027-01-15 06:00:00+01:00,1686.5316724393265
2027-01-15 07:00:00+01:00,1956.242962439283
2027-01-15 08:00:00+01:00,2070.355456184476
2027-01-15 09:00:00+01:00,2086.6878344150123
2027-01-15 10:00:00+01:00,2058.49349184502
2027-01-15 11:00:00+01:00,1995.5249364459612
2027-01-15 12:00:00+01:00,1939.3077579639214
2027-01-15 13:00:00+01:00,1889.7123658697035
2027-01-15 14:00:00+01:00,1879.343223504403
2027-01-15 15:00:00+01:00,2016.2317378921375
2027-01-15 16:00:00+01:00,2247.1145052396214
2027-01-15 17:00:00+01:00,2458.3186551365898
2027-01-15 18:00:00+01:00,2512.082327476803
2027-01-15 19:00:00+01:00,2379.468140103681
2027-01-15 20:00:00+01:00,2147.487297424663
2027-01-15 21:00:00+01:00,1844.6974517302706
2027-01-15 22:00:00+01:00,1570.785815423025
2027-01-15 23:00:00+01:00,1361.689322518208
2027-01-16 00:00:00+01:00,1036.416057738668
2027-01-16 01:00:00+01:00,955.0302889380769
2027-01-16 02:00:00+01:00,913.2456305946373
2027-01-16 03:00:00+01:00,920.7303379871629
2027-01-16 04:00:00+01:00,993.0713530543061
2027-01-16 05:00:00+01:00,1189.5620656856684
2027-01-16 06:00:00+01:00,1440.3847371490037
2027-01-16 07:00:00+01:00,1677.2984590630413
2027-01-16 08:00:00+01:00,1776.5914016400507
2027-01-16 09:00:00+01:00,1783.4099612101563
2027-01-16 10:00:00+01:00,1742.036902394591
2027-01-16 11:00:00+01:00,1696.8141529919008
2027-01-16 12:00:00+01:00,1664.2421770366727
2027-01-16 13:00:00+01:00,1628.7588495507775
2027-01-16 14:00:00+01:00,1631.3427401458396
2027-01-16 15:00:00+01:00,1751.257266135707
2027-01-16 16:00:00+01:00,1930.8512430304638
2027-01-16 17:00:00+01:00,2085.3573471197183
2027-01-16 18:00:00+01:00,2100.6306757739117
2027-01-16 19:00:00+01:00,2001.943905303525
2027-01-16 20:00:00+01:00,1811.520337656024
2027-01-16 21:00:00+01:00,1572.2496301334243
2027-01-16 22:00:00+01:00,1318.0990554991151
2027-01-16 23:00:00+01:00,1111.0208282313279
2027-01-17 00:00:00+01:00,940.9213090213157
2027-01-17 01:00:00+01:00,882.8510176331871
2027-01-17 02:00:00+01:00,875.1334688860054
2027-01-17 03:00:00+01:00,901.2476432593814
2027-01-17 04:00:00+01:00,975.0615669816547
2027-01-17 05:00:00+01:00,1163.7825982923173
2027-01-17 06:00:00+01:00,1409.1891649480892
2027-01-17 07:00:00+01:00,1645.2289088465654
2027-01-17 08:00:00+01:00,1739.598150152929
2027-01-17 09:00:00+01:00,1740.2487553839005
2027-01-17 10:00:00+01:00,1697.011038712683
2027-01-17 11:00:00+01:00,1657.6758860423122
2027-01-17 12:00:00+01:00,1619.2133066299905
2027-01-17 13:00:00+01:00,1574.7266863681286
2027-01-17 14:00:00+01:00,1579.6170994171716
2027-01-17 15:00:00+01:00,1688.9507122629143
2027-01-17 16:00:00+01:00,1869.8340047795677
2027-01-17 17:00:00+01:00,2003.336629415359
2027-01-17 18:00:00+01:00,2018.4429009102591
2027-01-17 19:00:00+01:00,1919.0044261581766
2027-01-17 20:00:00+01:00,1747.2249677243829
2027-01-17 21:00:00+01:00,1518.9899430392577
2027-01-17 22:00:00+01:00,1287.4087075830146
2027-01-17 23:00:00+01:00,1083.255904861231
2027-01-18 00:00:00+01:00,1121.6891548359995
2027-01-18 01:00:00+01:00,1014.1811910176001
2027-01-18 02:00:00+01:00,978.8659495821769
2027-01-18 03:00:00+01:00,999.4551634534748
2027-01-18 04:00:00+01:00,1071.6184185041964
2027-01-18 05:00:00+01:00,1318.1940995274324
2027-01-18 06:00:00+01:00,1621.8070085116801
2027-01-18 07:00:00+01:00,1941.2665142390135
2027-01-18 08:00:00+01:00,2100.565292532773
2027-01-18 09:00:00+01:00,2162.324583972132
2027-01-18 10:00:00+01:00,2139.9296395771266
2027-01-18 11:00:00+01:00,2087.7029582286514
2027-01-18 12:00:00+01:00,2026.7893067747932
2027-01-18 13:00:00+01:00,1961.3682396685413
2027-01-18 14:00:00+01:00,1934.7880699489351
2027-01-18 15:00:00+01:00,2043.7581758905687
2027-01-18 16:00:00+01:00,2263.6799423025755
2027-01-18 17:00:00+01:00,2427.0749547323726
2027-01-18 18:00:00+01:00,2465.5483288560913
2027-01-18 19:00:00+01:00,2335.3546360193873
2027-01-18 20:00:00+01:00,2105.148440817996
2027-01-18 21:00:00+01:00,1778.328437247904
2027-01-18 22:00:00+01:00,1470.413912584845
2027-01-18 23:00:00+01:00,1237.6234498340357
2027-01-19 00:00:00+01:00,1117.7928541514582
2027-01-19 01:00:00+01:00,1034.8000827911726
2027-01-19 02:00:00+01:00,1009.2401452430931
2027-01-19 03:00:00+01:00,1022.2536788016032
2027-01-19 04:00:00+01:00,1110.3109104189023
2027-01-19 05:00:00+01:00,1344.5364751112706
2027-01-19 06:00:00+01:00,1651.0495901387633
2027-01-19 07:00:00+01:00,1949.407651046401
2027-01-19 08:00:00+01:00,2108.797926020329
2027-01-19 09:00:00+01:00,2141.4539847340557
2027-01-19 10:00:00+01:00,2125.251720920058
2027-01-19 11:00:00+01:00,2084.475750276473
2027-01-19 12:00:00+01:00,2032.929056521718
2027-01-19 13:00:00+01:00,1963.9827930695042
2027-01-19 14:00:00+01:00,1938.2638537389462
2027-01-19 15:00:00+01:00,2068.440472963621
2027-01-19 16:00:00+01:00,2286.150156556318
2027-01-19 17:00:00+01:00,2474.6206276157072
2027-01-19 18:00:00+01:00,2492.5307452746433
2027-01-19 19:00:00+01:00,2361.508587833293
2027-01-19 20:00:00+01:00,2126.8995923428765
2027-01-19 21:00:00+01:00,1827.276397471045
2027-01-19 22:00:00+01:00,1531.639651368674
2027-01-19 23:00:00+01:00,1292.3763505771594
2027-01-20 00:00:00+01:00,1160.6288867178703
2027-01-20 01:00:00+01:00,1079.246003235947
2027-01-20 02:00:00+01:00,1042.1218119800214
2027-01-20 03:00:00+01:00,1040.2388281136841
2027-01-20 04:00:00+01:00,1105.4762623716972
2027-01-20 05:00:00+01:00,1339.297401076801
2027-01-20 06:00:00+01:00,1658.8100632199207
2027-01-20 07:00:00+01:00,1984.5787746675535
2027-01-20 08:00:00+01:00,2156.723720614531
2027-01-20 09:00:00+01:00,2198.396642508214
2027-01-20 10:00:00+01:00,2150.527829395598
2027-01-20 11:00:00+01:00,2059.9597124522347
2027-01-20 12:00:00+01:00,1983.143369515487
2027-01-20 13:00:00+01:00,1929.5411542516756
2027-01-20 14:00:00+01:00,1934.0216019012762
2027-01-20 15:00:00+01:00,2065.377969110787
2027-01-20 16:00:00+01:00,2301.644949190118
2027-01-20 17:00:00+01:00,2494.171673610896
2027-01-20 18:00:00+01:00,2526.768969355436
2027-01-20 19:00:00+01:00,2355.981011772901
2027-01-20 20:00:00+01:00,2104.4422416248067
2027-01-20 21:00:00+01:00,1780.9504835736511
2027-01-20 22:00:00+01:00,1485.2320260468578
2027-01-20 23:00:00+01:00,1261.3591139104155
2027-01-21 00:00:00+01:00,1124.114323466875
2027-01-21 01:00:00+01:00,1060.5693811812498
2027-01-21 02:00:00+01:00,1023.2460399503024
2027-01-21 03:00:00+01:00,1029.7661382037666
2027-01-21 04:00:00+01:00,1111.6564622843641
2027-01-21 05:00:00+01:00,1379.192537745936
2027-01-21 06:00:00+01:00,1718.6526581680523
2027-01-21 07:00:00+01:00,2040.4971918622084
2027-01-21 08:00:00+01:00,2173.082287709008
2027-01-21 09:00:00+01:00,2188.3525989700556
2027-01-21 10:00:00+01:00,2139.8592186274936
2027-01-21 11:00:00+01:00,2083.6683933295967
2027-01-21 12:00:00+01:00,2032.8063134137205
2027-01-21 13:00:00+01:00,1972.9376919388747
2027-01-21 14:00:00+01:00,1939.0904471933347
2027-01-21 15:00:00+01:00,2015.5198655963407
2027-01-21 16:00:00+01:00,2234.5979110709736
2027-01-21 17:00:00+01:00,2432.481419324815
2027-01-21 18:00:00+01:00,2502.2011298826296
2027-01-21 19:00:00+01:00,2383.3035397020385
2027-01-21 20:00:00+01:00,2153.218389917049
2027-01-21 21:00:00+01:00,1829.1936163140783
2027-01-21 22:00:00+01:00,1506.526896151199
2027-01-21 23:00:00+01:00,1265.0270245727716
2027-01-22 00:00:00+01:00,1151.6289318238353
2027-01-22 01:00:00+01:00,1080.810684712613
2027-01-22 02:00:00+01:00,1052.1122521879438
2027-01-22 03:00:00+01:00,1066.9528697991832
2027-01-22 04:00:00+01:00,1157.4271402913
2027-01-22 05:00:00+01:00,1394.1052094400616
2027-01-22 06:00:00+01:00,1709.5199145515057
2027-01-22 07:00:00+01:00,2008.9847442650866
2027-01-22 08:00:00+01:00,2156.6296172056477
2027-01-22 09:00:00+01:00,2182.3968640932344
2027-01-22 10:00:00+01:00,2130.877697260981
2027-01-22 11:00:00+01:00,2067.1073488262605
2027-01-22 12:00:00+01:00,2008.538016459121
2027-01-22 13:00:00+01:00,1965.7746409093581
2027-01-22 14:00:00+01:00,1940.5754288408675
2027-01-22 15:00:00+01:00,2026.9243941664654
2027-01-22 16:00:00+01:00,2234.814498609884
2027-01-22 17:00:00+01:00,2432.240190621447
2027-01-22 18:00:00+01:00,2494.8790417096616
2027-01-22 19:00:00+01:00,2361.9608913475904
2027-01-22 20:00:00+01:00,2127.622643488189
2027-01-22 21:00:00+01:00,1813.7520378534066
2027-01-22 22:00:00+01:00,1511.8319731282045
2027-01-22 23:00:00+01:00,1289.15763611424
2027-01-23 00:00:00+01:00,976.810658494028
2027-01-23 01:00:00+01:00,928.0200505659782
2027-01-23 02:00:00+01:00,907.5164513322086
2027-01-23 03:00:00+01:00,929.7488385059731
2027-01-23 04:00:00+01:00,1013.7680027766437
2027-01-23 05:00:00+01:00,1216.4226897365736
2027-01-23 06:00:00+01:00,1480.779494898487
2027-01-23 07:00:00+01:00,1736.2880669703554
2027-01-23 08:00:00+01:00,1869.25483471372
2027-01-23 09:00:00+01:00,1905.4422688301172
2027-01-23 10:00:00+01:00,1871.2289337313075
2027-01-23 11:00:00+01:00,1813.8684736189784
2027-01-23 12:00:00+01:00,1731.494182238118
2027-01-23 13:00:00+01:00,1660.1701829638002
2027-01-23 14:00:00+01:00,1623.932753000741
2027-01-23 15:00:00+01:00,1708.0673058819107
2027-01-23 16:00:00+01:00,1893.4080862770666
2027-01-23 17:00:00+01:00,2065.318479819815
2027-01-23 18:00:00+01:00,2121.454073872819
2027-01-23 19:00:00+01:00,2020.5091745260856
2027-01-23 20:00:00+01:00,1825.6975447021
2027-01-23 21:00:00+01:00,1569.25895595163
2027-01-23 22:00:00+01:00,1322.4947074173676
2027-01-23 23:00:00+01:00,1146.6593531707597
2027-01-24 00:00:00+01:00,978.9537222090088
2027-01-24 01:00:00+01:00,909.6837589762564
2027-01-24 02:00:00+01:00,859.5064371737143
2027-01-24 03:00:00+01:00,844.3819388330362
2027-01-24 04:00:00+01:00,889.1564810780587
2027-01-24 05:00:00+01:00,1057.1429278585808
2027-01-24 06:00:00+01:00,1306.01972612248
2027-01-24 07:00:00+01:00,1571.193873472494
2027-01-24 08:00:00+01:00,1731.747679299628
2027-01-24 09:00:00+01:00,1778.673279090197
2027-01-24 10:00:00+01:00,1756.9739948479903
2027-01-24 11:00:00+01:00,1708.7354996353884
2027-01-24 12:00:00+01:00,1663.572237300032
2027-01-24 13:00:00+01:00,1615.098451127392
2027-01-24 14:00:00+01:00,1592.8059608638432
2027-01-24 15:00:00+01:00,1663.791953051243
2027-01-24 16:00:00+01:00,1838.052664747032
2027-01-24 17:00:00+01:00,1997.0930057372047
2027-01-24 18:00:00+01:00,2046.4655951800394
2027-01-24 19:00:00+01:00,1916.6706202505466
2027-01-24 20:00:00+01:00,1714.5228563607259
2027-01-24 21:00:00+01:00,1458.2797242482768
2027-01-24 22:00:00+01:00,1217.1186689761848
2027-01-24 23:00:00+01:00,1002.278239600883
2027-01-25 00:00:00+01:00,1064.0650381532648
2027-01-25 01:00:00+01:00,965.6496463004788
2027-01-25 02:00:00+01:00,936.9106310542079
2027-01-25 03:00:00+01:00,961.8948186869878
2027-01-25 04:00:00+01:00,1051.5672991319643
2027-01-25 05:00:00+01:00,1301.4463558003106
2027-01-25 06:00:00+01:00,1658.4205964605962
2027-01-25 07:00:00+01:00,2018.4558408051957
2027-01-25 08:00:00+01:00,2225.634101488211
2027-01-25 09:00:00+01:00,2281.834287472848
2027-01-25 10:00:00+01:00,2252.3547109881792
2027-01-25 11:00:00+01:00,2170.9139347238065
2027-01-25 12:00:00+01:00,2082.161730268015
2027-01-25 13:00:00+01:00,2007.9330626294125
2027-01-25 14:00:00+01:00,1981.6209555211774
2027-01-25 15:00:00+01:00,2084.764296197864
2027-01-25 16:00:00+01:00,2301.4702072840932
2027-01-25 17:00:00+01:00,2486.332167036892
2027-01-25 18:00:00+01:00,2512.6863530986493
2027-01-25 19:00:00+01:00,2365.1704866229757
2027-01-25 20:00:00+01:00,2112.521813383001
2027-01-25 21:00:00+01:00,1797.876313209842
2027-01-25 22:00:00+01:00,1479.3736214590924
2027-01-25 23:00:00+01:00,1260.6375118529363
2027-01-26 00:00:00+01:00,1160.220363398873
2027-01-26 01:00:00+01:00,1102.7122408763873
2027-01-26 02:00:00+01:00,1065.5412814332653
2027-01-26 03:00:00+01:00,1071.0577560714232
2027-01-26 04:00:00+01:00,1145.8185532405118
2027-01-26 05:00:00+01:00,1380.030441372765
2027-01-26 06:00:00+01:00,1687.3276984667818
2027-01-26 07:00:00+01:00,1978.354448060453
2027-01-26 08:00:00+01:00,2115.1451093550486
2027-01-26 09:00:00+01:00,2131.800508319224
2027-01-26 10:00:00+01:00,2101.3081499713844
2027-01-26 11:00:00+01:00,2058.3045686869614
2027-01-26 12:00:00+01:00,2008.8171841632432
2027-01-26 13:00:00+01:00,1964.7887680632205
2027-01-26 14:00:00+01:00,1959.6354184473548
2027-01-26 15:00:00+01:00,2102.4916928719103
2027-01-26 16:00:00+01:00,2345.919972559851
2027-01-26 17:00:00+01:00,2546.988516217364
2027-01-26 18:00:00+01:00,2595.4391123459914
2027-01-26 19:00:00+01:00,2469.289713209015
2027-01-26 20:00:00+01:00,2247.855332199554
2027-01-26 21:00:00+01:00,1942.031448607552
2027-01-26 22:00:00+01:00,1626.4709033846682
2027-01-26 23:00:00+01:00,1365.8791479142785
2027-01-27 00:00:00+01:00,1211.5491481633255
2027-01-27 01:00:00+01:00,1123.8058114072867
2027-01-27 02:00:00+01:00,1091.3888055532514
2027-01-27 03:00:00+01:00,1092.2279229174762
2027-01-27 04:00:00+01:00,1190.591193648492
2027-01-27 05:00:00+01:00,1442.3396633578914
2027-01-27 06:00:00+01:00,1765.1631309058237
2027-01-27 07:00:00+01:00,2042.5707971501176
2027-01-27 08:00:00+01:00,2170.1664973820903
2027-01-27 09:00:00+01:00,2191.108038641976
2027-01-27 10:00:00+01:00,2170.167915261688
2027-01-27 11:00:00+01:00,2109.6853498450464
2027-01-27 12:00:00+01:00,2040.6575733551797
2027-01-27 13:00:00+01:00,1966.2485651081392
2027-01-27 14:00:00+01:00,1942.1282072165427
2027-01-27 15:00:00+01:00,2037.803509423162
2027-01-27 16:00:00+01:00,2263.9309357380616
2027-01-27 17:00:00+01:00,2468.482550948149
2027-01-27 18:00:00+01:00,2541.357532560273
2027-01-27 19:00:00+01:00,2414.7371758808954
2027-01-27 20:00:00+01:00,2190.218248230881
2027-01-27 21:00:00+01:00,1893.0369634068334
2027-01-27 22:00:00+01:00,1600.1011943405406
2027-01-27 23:00:00+01:00,1356.74797805039
2027-01-28 00:00:00+01:00,1207.5263217691415
2027-01-28 01:00:00+01:00,1129.9172514990416
2027-01-28 02:00:00+01:00,1119.598128693829
2027-01-28 03:00:00+01:00,1141.894734597279
2027-01-28 04:00:00+01:00,1230.7054844368124
2027-01-28 05:00:00+01:00,1479.3958801364838
2027-01-28 06:00:00+01:00,1821.955616229472
2027-01-28 07:00:00+01:00,2138.6949343271854
2027-01-28 08:00:00+01:00,2268.801544320479
2027-01-28 09:00:00+01:00,2246.9366207483736
2027-01-28 10:00:00+01:00,2165.0711226055914
2027-01-28 11:00:00+01:00,2087.4059593035763
2027-01-28 12:00:00+01:00,2016.81250258688
2027-01-28 13:00:00+01:00,1953.1352628504444
2027-01-28 14:00:00+01:00,1920.2437293975274
2027-01-28 15:00:00+01:00,2028.0585912149927
2027-01-28 16:00:00+01:00,2264.8007577173894
2027-01-28 17:00:00+01:00,2467.241633402089
2027-01-28 18:00:00+01:00,2515.655292876996
2027-01-28 19:00:00+01:00,2384.0318484618506
2027-01-28 20:00:00+01:00,2149.499702288525
2027-01-28 21:00:00+01:00,1852.377989287955
2027-01-28 22:00:00+01:00,1564.2718301446912
2027-01-28 23:00:00+01:00,1352.478923359648
2027-01-29 00:00:00+01:00,1225.3273023583833
2027-01-29 01:00:00+01:00,1161.1824339674342
2027-01-29 02:00:00+01:00,1140.1000082004334
2027-01-29 03:00:00+01:00,1159.2742718185973
2027-01-29 04:00:00+01:00,1252.664139318701
2027-01-29 05:00:00+01:00,1496.8592286214061
2027-01-29 06:00:00+01:00,1795.3221376405722
2027-01-29 07:00:00+01:00,2060.5651581069556
2027-01-29 08:00:00+01:00,2170.707955105185
2027-01-29 09:00:00+01:00,2164.0435851674674
2027-01-29 10:00:00+01:00,2099.6847689561537
2027-01-29 11:00:00+01:00,2022.9675500659225
2027-01-29 12:00:00+01:00,1962.6554561568846
2027-01-29 13:00:00+01:00,1920.5919089678398
2027-01-29 14:00:00+01:00,1925.0540310123315
2027-01-29 15:00:00+01:00,2026.3280977025354
2027-01-29 16:00:00+01:00,2272.311195840277
2027-01-29 17:00:00+01:00,2491.2080932282106
2027-01-29 18:00:00+01:00,2598.6105291710455
2027-01-29 19:00:00+01:00,2465.8248553216154
2027-01-29 20:00:00+01:00,2235.1815849448135
2027-01-29 21:00:00+01:00,1911.449511394724
2027-01-29 22:00:00+01:00,1617.8665813628318
2027-01-29 23:00:00+01:00,1356.4774815517421
2027-01-30 00:00:00+01:00,1052.485526867046
2027-01-30 01:00:00+01:00,969.56038083774
2027-01-30 02:00:00+01:00,948.8628832994093
2027-01-30 03:00:00+01:00,973.2294267982862
2027-01-30 04:00:00+01:00,1056.7623109920603
2027-01-30 05:00:00+01:00,1262.9353528305269
2027-01-30 06:00:00+01:00,1522.1902738719973
2027-01-30 07:00:00+01:00,1760.7971877884113
2027-01-30 08:00:00+01:00,1853.243877292982
2027-01-30 09:00:00+01:00,1847.7028099943286
2027-01-30 10:00:00+01:00,1801.8415042768645
2027-01-30 11:00:00+01:00,1783.2771647954432
2027-01-30 12:00:00+01:00,1756.0101418664399
2027-01-30 13:00:00+01:00,1722.2754258276898
2027-01-30 14:00:00+01:00,1700.91903932321
2027-01-30 15:00:00+01:00,1777.2011597016508
2027-01-30 16:00:00+01:00,1974.532789891327
2027-01-30 17:00:00+01:00,2155.2097836052208
2027-01-30 18:00:00+01:00,2228.427325793251
2027-01-30 19:00:00+01:00,2120.248376295911
2027-01-30 20:00:00+01:00,1920.7098356918812
2027-01-30 21:00:00+01:00,1665.0288517732258
2027-01-30 22:00:00+01:00,1434.2858716964993
2027-01-30 23:00:00+01:00,1238.2427586329673
2027-01-31 00:00:00+01:00,1077.6417941350614
2027-01-31 01:00:00+01:00,996.1186546082719
2027-01-31 02:00:00+01:00,969.6421297348085
2027-01-31 03:00:00+01:00,983.907281931456
2027-01-31 04:00:00+01:00,1054.393266168516
2027-01-31 05:00:00+01:00,1238.3248928945238
2027-01-31 06:00:00+01:00,1498.239825944064
2027-01-31 07:00:00+01:00,1742.3577466728143
2027-01-31 08:00:00+01:00,1864.287047107062
2027-01-31 09:00:00+01:00,1870.2796219219192
2027-01-31 10:00:00+01:00,1822.8034994802638
2027-01-31 11:00:00+01:00,1767.0883984323884
2027-01-31 12:00:00+01:00,1700.6707630202934
2027-01-31 13:00:00+01:00,1651.3716953859023
2027-01-31 14:00:00+01:00,1614.804526640202
2027-01-31 15:00:00+01:00,1693.4821549608457
2027-01-31 16:00:00+01:00,1880.585640181079
2027-01-31 17:00:00+01:00,2058.7525430680716
2027-01-31 18:00:00+01:00,2117.451194135041
2027-01-31 19:00:00+01:00,1991.3503188460113
2027-01-31 20:00:00+01:00,1791.3181552752028
2027-01-31 21:00:00+01:00,1556.7825340856905
2027-01-31 22:00:00+01:00,1353.3445007357407
2027-01-31 23:00:00+01:00,1203.3030156330196
2027-02-01 00:00:00+01:00,1279.2822454417542
2027-02-01 01:00:00+01:00,1210.4868285490143
2027-02-01 02:00:00+01:00,1167.5475698962948
2027-02-01 03:00:00+01:00,1160.4944340314642
2027-02-01 04:00:00+01:00,1217.279754386078
2027-02-01 05:00:00+01:00,1415.5916414622839
2027-02-01 06:00:00+01:00,1681.5761062911456
2027-02-01 07:00:00+01:00,1953.747429259036
2027-02-01 08:00:00+01:00,2099.0090392313914
2027-02-01 09:00:00+01:00,2150.7809889164932
2027-02-01 10:00:00+01:00,2129.771425042232
2027-02-01 11:00:00+01:00,2085.060854076131
2027-02-01 12:00:00+01:00,2028.787052209337
2027-02-01 13:00:00+01:00,1980.5389541765815
2027-02-01 14:00:00+01:00,1972.988887601103
2027-02-01 15:00:00+01:00,2071.7010919588465
2027-02-01 16:00:00+01:00,2311.472891495632
2027-02-01 17:00:00+01:00,2521.223879667134
2027-02-01 18:00:00+01:00,2605.1499511089582
2027-02-01 19:00:00+01:00,2476.264603118468
2027-02-01 20:00:00+01:00,2236.8777191178333
2027-02-01 21:00:00+01:00,1909.645863443672
2027-02-01 22:00:00+01:00,1587.2556203792149
2027-02-01 23:00:00+01:00,1338.807731644575
2027-02-02 00:00:00+01:00,1286.7924547375296
2027-02-02 01:00:00+01:00,1219.4005394058634
2027-02-02 02:00:00+01:00,1192.9153898342493
2027-02-02 03:00:00+01:00,1196.1292488815293
2027-02-02 04:00:00+01:00,1270.4083137924897
2027-02-02 05:00:00+01:00,1466.319338996445
2027-02-02 06:00:00+01:00,1771.456709175751
2027-02-02 07:00:00+01:00,2055.9181736891774
2027-02-02 08:00:00+01:00,2213.7974722804347
2027-02-02 09:00:00+01:00,2221.6375398857713
2027-02-02 10:00:00+01:00,2181.888325848132
2027-02-02 11:00:00+01:00,2110.253414234344
2027-02-02 12:00:00+01:00,2036.545583384143
2027-02-02 13:00:00+01:00,1948.661973045349
2027-02-02 14:00:00+01:00,1910.9253510754136
2027-02-02 15:00:00+01:00,1968.2866382385346
2027-02-02 16:00:00+01:00,2198.3671235138113
2027-02-02 17:00:00+01:00,2431.7149863055993
2027-02-02 18:00:00+01:00,2548.6994952516993
2027-02-02 19:00:00+01:00,2450.582272158104
2027-02-02 20:00:00+01:00,2231.628335113417
2027-02-02 21:00:00+01:00,1972.8348655113218
2027-02-02 22:00:00+01:00,1711.6872346279793
2027-02-02 23:00:00+01:00,1539.7351103153048
2027-02-03 00:00:00+01:00,1369.4624230851819
2027-02-03 01:00:00+01:00,1309.6559228064723
2027-02-03 02:00:00+01:00,1252.5310609755636
2027-02-03 03:00:00+01:00,1255.0680229982847
2027-02-03 04:00:00+01:00,1320.2248703938662
2027-02-03 05:00:00+01:00,1521.8352573444959
2027-02-03 06:00:00+01:00,1761.1046508208583
2027-02-03 07:00:00+01:00,2011.3499515190665
2027-02-03 08:00:00+01:00,2132.7371157592074
2027-02-03 09:00:00+01:00,2165.6786927478743
2027-02-03 10:00:00+01:00,2132.9191203247356
2027-02-03 11:00:00+01:00,2095.8923203344298
2027-02-03 12:00:00+01:00,2058.9842454818645
2027-02-03 13:00:00+01:00,2003.5526407566513
2027-02-03 14:00:00+01:00,1968.6518759507885
2027-02-03 15:00:00+01:00,2045.838336226596
2027-02-03 16:00:00+01:00,2272.5911933725556
2027-02-03 17:00:00+01:00,2482.648255716568
2027-02-03 18:00:00+01:00,2571.0772279015264
2027-02-03 19:00:00+01:00,2449.299653322788
2027-02-03 20:00:00+01:00,2220.2062403121995
2027-02-03 21:00:00+01:00,1905.4650584672352
2027-02-03 22:00:00+01:00,1607.65076562391
2027-02-03 23:00:00+01:00,1371.5841440913614
2027-02-04 00:00:00+01:00,1254.1740989637872
2027-02-04 01:00:00+01:00,1188.0271444140326
2027-02-04 02:00:00+01:00,1185.8588922166202
2027-02-04 03:00:00+01:00,1216.1031802507957
2027-02-04 04:00:00+01:00,1291.652392954687
2027-02-04 05:00:00+01:00,1495.1380564048234
2027-02-04 06:00:00+01:00,1779.2116494858092
2027-02-04 07:00:00+01:00,2077.01808685807
2027-02-04 08:00:00+01:00,2230.404251201816
2027-02-04 09:00:00+01:00,2264.3067702018507
2027-02-04 10:00:00+01:00,2203.7976403459675
2027-02-04 11:00:00+01:00,2129.6399646163445
2027-02-04 12:00:00+01:00,2048.2940751167325
2027-02-04 13:00:00+01:00,1975.0278023081503
2027-02-04 14:00:00+01:00,1926.7912399895838
2027-02-04 15:00:00+01:00,1989.549016362884
2027-02-04 16:00:00+01:00,2206.5722449034492
2027-02-04 17:00:00+01:00,2439.0938777687734
2027-02-04 18:00:00+01:00,2562.7535626451354
2027-02-04 19:00:00+01:00,2481.7949267836775
2027-02-04 20:00:00+01:00,2273.735846126029
2027-02-04 21:00:00+01:00,1994.0768734531716
2027-02-04 22:00:00+01:00,1707.5953733003944
2027-02-04 23:00:00+01:00,1475.0428061405573
2027-02-05 00:00:00+01:00,1312.6268889060989
2027-02-05 01:00:00+01:00,1194.9869204704326
2027-02-05 02:00:00+01:00,1141.1601978726849
2027-02-05 03:00:00+01:00,1168.2543532485467
2027-02-05 04:00:00+01:00,1281.6638493426115
2027-02-05 05:00:00+01:00,1508.1668823938523
2027-02-05 06:00:00+01:00,1779.1568959854383
2027-02-05 07:00:00+01:00,2042.7840748005885
2027-02-05 08:00:00+01:00,2184.081843042672
2027-02-05 09:00:00+01:00,2226.3736240379176
2027-02-05 10:00:00+01:00,2195.5311908405824
2027-02-05 11:00:00+01:00,2145.996735393159
2027-02-05 12:00:00+01:00,2104.637306391835
2027-02-05 13:00:00+01:00,2068.52730676784
2027-02-05 14:00:00+01:00,2048.8056482323395
2027-02-05 15:00:00+01:00,2091.38020161755
2027-02-05 16:00:00+01:00,2243.156382932907
2027-02-05 17:00:00+01:00,2394.5827622996126
2027-02-05 18:00:00+01:00,2468.40407387798
2027-02-05 19:00:00+01:00,2380.67639111731
2027-02-05 20:00:00+01:00,2208.6218123028752
2027-02-05 21:00:00+01:00,1953.5399164841187
2027-02-05 22:00:00+01:00,1713.5462645327016
2027-02-05 23:00:00+01:00,1519.402202601893
2027-02-06 00:00:00+01:00,1182.938239644972
2027-02-06 01:00:00+01:00,1108.827331203672
2027-02-06 02:00:00+01:00,1063.5393556093227
2027-02-06 03:00:00+01:00,1066.5319476932327
2027-02-06 04:00:00+01:00,1128.675995261304
2027-02-06 05:00:00+01:00,1303.1946589094932
2027-02-06 06:00:00+01:00,1551.0036545175976
2027-02-06 07:00:00+01:00,1790.5106003257135
2027-02-06 08:00:00+01:00,1904.3371745241566
2027-02-06 09:00:00+01:00,1895.4194012047737
2027-02-06 10:00:00+01:00,1844.11695911441
2027-02-06 11:00:00+01:00,1805.0021975327186
2027-02-06 12:00:00+01:00,1780.0920395162752
2027-02-06 13:00:00+01:00,1742.1816726072336
2027-02-06 14:00:00+01:00,1715.9567470369154
2027-02-06 15:00:00+01:00,1752.6433089779553
2027-02-06 16:00:00+01:00,1934.0871709908888
2027-02-06 17:00:00+01:00,2115.246058359758
2027-02-06 18:00:00+01:00,2221.9427998632113
2027-02-06 19:00:00+01:00,2129.663914044348
2027-02-06 20:00:00+01:00,1939.7209499128892
2027-02-06 21:00:00+01:00,1678.906671703417
2027-02-06 22:00:00+01:00,1424.1761982081443
2027-02-06 23:00:00+01:00,1229.463355234481
2027-02-07 00:00:00+01:00,1089.4057197657798
2027-02-07 01:00:00+01:00,1028.7306972829654
2027-02-07 02:00:00+01:00,999.4782107956146
2027-02-07 03:00:00+01:00,1012.8928267406367
2027-02-07 04:00:00+01:00,1081.1496505507064
2027-02-07 05:00:00+01:00,1242.9653042967252
2027-02-07 06:00:00+01:00,1463.4093579654862
2027-02-07 07:00:00+01:00,1678.29129661008
2027-02-07 08:00:00+01:00,1796.3623473296577
2027-02-07 09:00:00+01:00,1824.7265722152156
2027-02-07 10:00:00+01:00,1809.456799724101
2027-02-07 11:00:00+01:00,1782.0618490909392
2027-02-07 12:00:00+01:00,1747.3741075674652
2027-02-07 13:00:00+01:00,1719.9614205860344
2027-02-07 14:00:00+01:00,1710.28992766306
2027-02-07 15:00:00+01:00,1758.6208697684865
2027-02-07 16:00:00+01:00,1917.0775622732313
2027-02-07 17:00:00+01:00,2098.6925259959207
2027-02-07 18:00:00+01:00,2202.507817623333
2027-02-07 19:00:00+01:00,2112.1057751435033
2027-02-07 20:00:00+01:00,1887.080989652456
2027-02-07 21:00:00+01:00,1612.5092038691416
2027-02-07 22:00:00+01:00,1357.224481884881
2027-02-07 23:00:00+01:00,1180.3272559121278
2027-02-08 00:00:00+01:00,1254.6138564624425
2027-02-08 01:00:00+01:00,1175.8431123974233
2027-02-08 02:00:00+01:00,1125.4115508842622
2027-02-08 03:00:00+01:00,1126.4052741485903
2027-02-08 04:00:00+01:00,1197.4484602482257
2027-02-08 05:00:00+01:00,1406.7185282452579
2027-02-08 06:00:00+01:00,1707.521368287638
2027-02-08 07:00:00+01:00,2011.5406114406728
2027-02-08 08:00:00+01:00,2185.703075409098
2027-02-08 09:00:00+01:00,2219.307156972972
2027-02-08 10:00:00+01:00,2169.5671653219183
2027-02-08 11:00:00+01:00,2100.6529349610028
2027-02-08 12:00:00+01:00,2037.008563438191
2027-02-08 13:00:00+01:00,2003.6106069984576
2027-02-08 14:00:00+01:00,2007.9753549675931
2027-02-08 15:00:00+01:00,2080.573666735852
2027-02-08 16:00:00+01:00,2297.045911177915
2027-02-08 17:00:00+01:00,2507.2829733175217
2027-02-08 18:00:00+01:00,2630.9215307007635
2027-02-08 19:00:00+01:00,2526.5039792172656
2027-02-08 20:00:00+01:00,2304.079686467027
2027-02-08 21:00:00+01:00,1996.4147212633836
2027-02-08 22:00:00+01:00,1701.3517666459397
2027-02-08 23:00:00+01:00,1437.7822007502143
2027-02-09 00:00:00+01:00,1293.853629018721
2027-02-09 01:00:00+01:00,1165.9182724364462
2027-02-09 02:00:00+01:00,1114.9700594994686
2027-02-09 03:00:00+01:00,1118.7951116149752
2027-02-09 04:00:00+01:00,1194.2314740510055
2027-02-09 05:00:00+01:00,1409.0688304762257
2027-02-09 06:00:00+01:00,1719.6528950676357
2027-02-09 07:00:00+01:00,2033.9318420612606
2027-02-09 08:00:00+01:00,2201.8107462041576
2027-02-09 09:00:00+01:00,2240.2167008031474
2027-02-09 10:00:00+01:00,2220.786600708199
2027-02-09 11:00:00+01:00,2192.984661535982
2027-02-09 12:00:00+01:00,2155.8031432088733
2027-02-09 13:00:00+01:00,2103.1305931151496
2027-02-09 14:00:00+01:00,2077.035614332825
2027-02-09 15:00:00+01:00,2121.576408759317
2027-02-09 16:00:00+01:00,2308.867611827767
2027-02-09 17:00:00+01:00,2493.851380098904
2027-02-09 18:00:00+01:00,2598.8604594854955
2027-02-09 19:00:00+01:00,2512.7693094796196
2027-02-09 20:00:00+01:00,2289.5493751395124
2027-02-09 21:00:00+01:00,1984.1569567749427
2027-02-09 22:00:00+01:00,1685.640365127606
2027-02-09 23:00:00+01:00,1457.716127262249
2027-02-10 00:00:00+01:00,1331.8579486654069
2027-02-10 01:00:00+01:00,1256.3947636596922
2027-02-10 02:00:00+01:00,1221.6580599161996
2027-02-10 03:00:00+01:00,1213.875316530293
2027-02-10 04:00:00+01:00,1286.529275555298
2027-02-10 05:00:00+01:00,1531.7527056229812
2027-02-10 06:00:00+01:00,1841.5251660551403
2027-02-10 07:00:00+01:00,2116.5728522199684
2027-02-10 08:00:00+01:00,2220.92863798089
2027-02-10 09:00:00+01:00,2217.1024896790286
2027-02-10 10:00:00+01:00,2158.325176031898
2027-02-10 11:00:00+01:00,2096.642723412324
2027-02-10 12:00:00+01:00,2037.408891681365
2027-02-10 13:00:00+01:00,1995.937938187616
2027-02-10 14:00:00+01:00,1988.7633440584423
2027-02-10 15:00:00+01:00,2075.773224585277
2027-02-10 16:00:00+01:00,2264.5776545943545
2027-02-10 17:00:00+01:00,2453.7403923943293
2027-02-10 18:00:00+01:00,2549.4803530719446
2027-02-10 19:00:00+01:00,2478.6894276105945
2027-02-10 20:00:00+01:00,2289.3360891994707
2027-02-10 21:00:00+01:00,2013.45282298139
2027-02-10 22:00:00+01:00,1731.3393022682226
2027-02-10 23:00:00+01:00,1488.8917165222892
2027-02-11 00:00:00+01:00,1343.534935018431
2027-02-11 01:00:00+01:00,1251.078655323143
2027-02-11 02:00:00+01:00,1209.884966130065
2027-02-11 03:00:00+01:00,1221.0235021876128
2027-02-11 04:00:00+01:00,1318.6808722799456
2027-02-11 05:00:00+01:00,1573.76599144095
2027-02-11 06:00:00+01:00,1871.661564341918
2027-02-11 07:00:00+01:00,2124.6774476701853
2027-02-11 08:00:00+01:00,2212.4373526253057
2027-02-11 09:00:00+01:00,2210.284735977876
2027-02-11 10:00:00+01:00,2160.124344750057
2027-02-11 11:00:00+01:00,2121.7395550228703
2027-02-11 12:00:00+01:00,2080.758081746496
2027-02-11 13:00:00+01:00,2047.1453156127777
2027-02-11 14:00:00+01:00,2016.398729444687
2027-02-11 15:00:00+01:00,2059.9493068534393
2027-02-11 16:00:00+01:00,2237.7851569335116
2027-02-11 17:00:00+01:00,2430.9180767594416
2027-02-11 18:00:00+01:00,2554.894661160518
2027-02-11 19:00:00+01:00,2485.7755193718604
2027-02-11 20:00:00+01:00,2295.955893071381
2027-02-11 21:00:00+01:00,2004.6838603746116
2027-02-11 22:00:00+01:00,1716.0505559248497
2027-02-11 23:00:00+01:00,1487.1395657358253
2027-02-12 00:00:00+01:00,1357.4314772974333
2027-02-12 01:00:00+01:00,1305.3450753616478
2027-02-12 02:00:00+01:00,1302.2927535178173
2027-02-12 03:00:00+01:00,1323.1004242826311
2027-02-12 04:00:00+01:00,1391.4310139159331
2027-02-12 05:00:00+01:00,1593.0716029343748
2027-02-12 06:00:00+01:00,1860.6054227749285
2027-02-12 07:00:00+01:00,2119.9560647338335
2027-02-12 08:00:00+01:00,2226.6846875385318
2027-02-12 09:00:00+01:00,2228.41529856094
2027-02-12 10:00:00+01:00,2180.763613703821
2027-02-12 11:00:00+01:00,2121.035689054665
2027-02-12 12:00:00+01:00,2048.3268912870008
2027-02-12 13:00:00+01:00,1980.694700628345
2027-02-12 14:00:00+01:00,1960.346855763832
2027-02-12 15:00:00+01:00,2012.4931610648518
2027-02-12 16:00:00+01:00,2219.65628538979
2027-02-12 17:00:00+01:00,2427.017033484319
2027-02-12 18:00:00+01:00,2562.7618299646083
2027-02-12 19:00:00+01:00,2479.9812532406077
2027-02-12 20:00:00+01:00,2287.6806280017463
2027-02-12 21:00:00+01:00,1992.4842377433972
2027-02-12 22:00:00+01:00,1684.19192730686
2027-02-12 23:00:00+01:00,1435.066782134465
2027-02-13 00:00:00+01:00,1128.33011683254
2027-02-13 01:00:00+01:00,1079.2219385455198
2027-02-13 02:00:00+01:00,1052.8863615525986
2027-02-13 03:00:00+01:00,1062.2114176945367
2027-02-13 04:00:00+01:00,1141.9048892507515
2027-02-13 05:00:00+01:00,1366.9456755636643
2027-02-13 06:00:00+01:00,1639.4762673733442
2027-02-13 07:00:00+01:00,1871.62559363543
2027-02-13 08:00:00+01:00,1947.0016793533944
2027-02-13 09:00:00+01:00,1930.1746797697724
2027-02-13 10:00:00+01:00,1888.478517944728
2027-02-13 11:00:00+01:00,1846.3501590791464
2027-02-13 12:00:00+01:00,1813.8123774994833
2027-02-13 13:00:00+01:00,1777.1129620146346
2027-02-13 14:00:00+01:00,1757.4850631680124
2027-02-13 15:00:00+01:00,1789.2907495505954
2027-02-13 16:00:00+01:00,1949.3950544523325
2027-02-13 17:00:00+01:00,2141.528472020981
2027-02-13 18:00:00+01:00,2262.0667517174816
2027-02-13 19:00:00+01:00,2208.9676187445784
2027-02-13 20:00:00+01:00,2022.7455381806656
2027-02-13 21:00:00+01:00,1752.3311121498073
2027-02-13 22:00:00+01:00,1473.0222496669167
2027-02-13 23:00:00+01:00,1251.411927289233
2027-02-14 00:00:00+01:00,1114.2203524923268
2027-02-14 01:00:00+01:00,1044.0289206321333
2027-02-14 02:00:00+01:00,1010.8172555357362
2027-02-14 03:00:00+01:00,1022.8898556105935
2027-02-14 04:00:00+01:00,1103.9447245700492
2027-02-14 05:00:00+01:00,1312.6432170051662
2027-02-14 06:00:00+01:00,1567.0612986379158
2027-02-14 07:00:00+01:00,1768.7169145993366
2027-02-14 08:00:00+01:00,1830.6061548481975
2027-02-14 09:00:00+01:00,1826.355822156095
2027-02-14 10:00:00+01:00,1808.7300508508579
2027-02-14 11:00:00+01:00,1794.4193554577803
2027-02-14 12:00:00+01:00,1767.7418483443357
2027-02-14 13:00:00+01:00,1724.936405024863
2027-02-14 14:00:00+01:00,1707.0774286772862
2027-02-14 15:00:00+01:00,1741.4034730736137
2027-02-14 16:00:00+01:00,1913.8121768196459
2027-02-14 17:00:00+01:00,2111.128883327287
2027-02-14 18:00:00+01:00,2230.890988530722
2027-02-14 19:00:00+01:00,2171.2239280426456
2027-02-14 20:00:00+01:00,1993.828761000804
2027-02-14 21:00:00+01:00,1734.6219381450496
2027-02-14 22:00:00+01:00,1473.5529717698632
2027-02-14 23:00:00+01:00,1251.0628647877159
2027-02-15 00:00:00+01:00,1294.788106503397
2027-02-15 01:00:00+01:00,1218.6577360447438
2027-02-15 02:00:00+01:00,1199.8547472510427
2027-02-15 03:00:00+01:00,1222.2298318673431
2027-02-15 04:00:00+01:00,1321.8130219701884
2027-02-15 05:00:00+01:00,1550.381021340307
2027-02-15 06:00:00+01:00,1841.3234762455813
2027-02-15 07:00:00+01:00,2108.3269462151343
2027-02-15 08:00:00+01:00,2232.9568664370872
2027-02-15 09:00:00+01:00,2256.0308256859794
2027-02-15 10:00:00+01:00,2209.461154181237
2027-02-15 11:00:00+01:00,2152.275172835087
2027-02-15 12:00:00+01:00,2077.309736961892
2027-02-15 13:00:00+01:00,2024.0241373069045
2027-02-15 14:00:00+01:00,1989.3598920561972
2027-02-15 15:00:00+01:00,2042.069182935665
2027-02-15 16:00:00+01:00,2242.069452836014
2027-02-15 17:00:00+01:00,2485.620223156726
2027-02-15 18:00:00+01:00,2624.8985279877943
2027-02-15 19:00:00+01:00,2566.3788108134077
2027-02-15 20:00:00+01:00,2350.636807328199
2027-02-15 21:00:00+01:00,2034.0899422116227
2027-02-15 22:00:00+01:00,1696.9709345151093
2027-02-15 23:00:00+01:00,1401.7320102663437
2027-02-16 00:00:00+01:00,1282.9799690284594
2027-02-16 01:00:00+01:00,1170.147772521301
2027-02-16 02:00:00+01:00,1137.1354804058335
2027-02-16 03:00:00+01:00,1152.0287907769448
2027-02-16 04:00:00+01:00,1259.0503554305944
2027-02-16 05:00:00+01:00,1504.0598628864789
2027-02-16 06:00:00+01:00,1830.4179866097697
2027-02-16 07:00:00+01:00,2115.5089683021056
2027-02-16 08:00:00+01:00,2241.0969712437573
2027-02-16 09:00:00+01:00,2250.3739896179472
2027-02-16 10:00:00+01:00,2211.1755350724566
2027-02-16 11:00:00+01:00,2156.0552424758253
2027-02-16 12:00:00+01:00,2094.3099837059153
2027-02-16 13:00:00+01:00,2042.9739874554239
2027-02-16 14:00:00+01:00,2042.6103430397968
2027-02-16 15:00:00+01:00,2121.7899153962776
2027-02-16 16:00:00+01:00,2341.2243097396545
2027-02-16 17:00:00+01:00,2594.1792039689594
2027-02-16 18:00:00+01:00,2751.7033493064637
2027-02-16 19:00:00+01:00,2671.6640205838144
2027-02-16 20:00:00+01:00,2411.7278383609405
2027-02-16 21:00:00+01:00,2059.8321696805456
2027-02-16 22:00:00+01:00,1733.141194472444
2027-02-16 23:00:00+01:00,1498.394605894342
2027-02-17 00:00:00+01:00,1364.6631227472142
2027-02-17 01:00:00+01:00,1308.2444970012202
2027-02-17 02:00:00+01:00,1281.7224681418825
2027-02-17 03:00:00+01:00,1291.1508324405047
2027-02-17 04:00:00+01:00,1382.2314795752764
2027-02-17 05:00:00+01:00,1606.9503273188327
2027-02-17 06:00:00+01:00,1895.8446646952175
2027-02-17 07:00:00+01:00,2122.8821599491516
2027-02-17 08:00:00+01:00,2207.2418905763843
2027-02-17 09:00:00+01:00,2178.910953741741
2027-02-17 10:00:00+01:00,2128.039487858926
2027-02-17 11:00:00+01:00,2074.1571054954425
2027-02-17 12:00:00+01:00,2020.8071886572166
2027-02-17 13:00:00+01:00,1965.928877957627
2027-02-17 14:00:00+01:00,1928.6956851370535
2027-02-17 15:00:00+01:00,1977.6787247365285
2027-02-17 16:00:00+01:00,2230.0924246598875
2027-02-17 17:00:00+01:00,2531.3115315756013
2027-02-17 18:00:00+01:00,2750.433230115645
2027-02-17 19:00:00+01:00,2693.2606092692704
2027-02-17 20:00:00+01:00,2457.490190071408
2027-02-17 21:00:00+01:00,2124.3016459531245
2027-02-17 22:00:00+01:00,1772.6408253586706
2027-02-17 23:00:00+01:00,1491.0497367962494
2027-02-18 00:00:00+01:00,1302.239520562102
2027-02-18 01:00:00+01:00,1228.3909112791566
2027-02-18 02:00:00+01:00,1218.8169803699277
2027-02-18 03:00:00+01:00,1242.6292673406015
2027-02-18 04:00:00+01:00,1324.954524704544
2027-02-18 05:00:00+01:00,1558.1689207120585
2027-02-18 06:00:00+01:00,1867.0389491147816
2027-02-18 07:00:00+01:00,2157.033814953774
2027-02-18 08:00:00+01:00,2283.2430411282467
2027-02-18 09:00:00+01:00,2281.1704607227157
2027-02-18 10:00:00+01:00,2224.9607583470647
2027-02-18 11:00:00+01:00,2151.8376117899024
2027-02-18 12:00:00+01:00,2088.4452136773566
2027-02-18 13:00:00+01:00,2022.3352920502814
2027-02-18 14:00:00+01:00,1989.870599225876
2027-02-18 15:00:00+01:00,2033.4007807866963
2027-02-18 16:00:00+01:00,2252.9723867930297
2027-02-18 17:00:00+01:00,2530.1027026878173
2027-02-18 18:00:00+01:00,2728.1107722851684
2027-02-18 19:00:00+01:00,2679.6944576621795
2027-02-18 20:00:00+01:00,2430.4706248224466
2027-02-18 21:00:00+01:00,2088.7239486510953
2027-02-18 22:00:00+01:00,1743.26934190647
2027-02-18 23:00:00+01:00,1462.2351851834653
2027-02-19 00:00:00+01:00,1314.1062241231587
2027-02-19 01:00:00+01:00,1219.8905007845765
2027-02-19 02:00:00+01:00,1193.3045288458618
2027-02-19 03:00:00+01:00,1206.148616163017
2027-02-19 04:00:00+01:00,1291.8961764934163
2027-02-19 05:00:00+01:00,1543.7685728333834
2027-02-19 06:00:00+01:00,1878.016264596565
2027-02-19 07:00:00+01:00,2199.0218214172887
2027-02-19 08:00:00+01:00,2332.4046190839404
2027-02-19 09:00:00+01:00,2319.9437133313286
2027-02-19 10:00:00+01:00,2242.911444222719
2027-02-19 11:00:00+01:00,2168.5299948710854
2027-02-19 12:00:00+01:00,2111.394443610259
2027-02-19 13:00:00+01:00,2063.20029741104
2027-02-19 14:00:00+01:00,2043.3092462882037
2027-02-19 15:00:00+01:00,2086.9917235013104
2027-02-19 16:00:00+01:00,2276.837092798387
2027-02-19 17:00:00+01:00,2507.0461323700965
2027-02-19 18:00:00+01:00,2662.9572086263784
2027-02-19 19:00:00+01:00,2607.957686423148
2027-02-19 20:00:00+01:00,2387.0293792523194
2027-02-19 21:00:00+01:00,2050.145203760897
2027-02-19 22:00:00+01:00,1702.4835662899627
2027-02-19 23:00:00+01:00,1423.8182487738547
2027-02-20 00:00:00+01:00,1080.5919315928709
2027-02-20 01:00:00+01:00,1021.6564365587774
2027-02-20 02:00:00+01:00,1005.7325708371909
2027-02-20 03:00:00+01:00,1020.0467805980885
2027-02-20 04:00:00+01:00,1105.0739371343113
2027-02-20 05:00:00+01:00,1324.175005087417
2027-02-20 06:00:00+01:00,1637.0039823383572
2027-02-20 07:00:00+01:00,1931.0553924865146
2027-02-20 08:00:00+01:00,2070.0789122573897
2027-02-20 09:00:00+01:00,2072.828301844108
2027-02-20 10:00:00+01:00,2012.727432159071
2027-02-20 11:00:00+01:00,1959.366931844789
2027-02-20 12:00:00+01:00,1905.8105051837736
2027-02-20 13:00:00+01:00,1835.4014112956027
2027-02-20 14:00:00+01:00,1779.9477779236233
2027-02-20 15:00:00+01:00,1801.0155166765799
2027-02-20 16:00:00+01:00,1965.1017542632928
2027-02-20 17:00:00+01:00,2175.550667910825
2027-02-20 18:00:00+01:00,2312.7330645284724
2027-02-20 19:00:00+01:00,2261.588820624713
2027-02-20 20:00:00+01:00,2054.1863783989065
2027-02-20 21:00:00+01:00,1750.185446021737
2027-02-20 22:00:00+01:00,1460.506500114566
2027-02-20 23:00:00+01:00,1224.5031518431836
2027-02-21 00:00:00+01:00,1078.3598070817213
2027-02-21 01:00:00+01:00,1004.5354700021281
2027-02-21 02:00:00+01:00,988.6313612203758
2027-02-21 03:00:00+01:00,1009.3026114031844
2027-02-21 04:00:00+01:00,1101.533248584485
2027-02-21 05:00:00+01:00,1297.697293577345
2027-02-21 06:00:00+01:00,1550.7456166281204
2027-02-21 07:00:00+01:00,1770.3656662611834
2027-02-21 08:00:00+01:00,1876.8575154573405
2027-02-21 09:00:00+01:00,1891.957064569225
2027-02-21 10:00:00+01:00,1867.3821765585753
2027-02-21 11:00:00+01:00,1824.8459084309047
2027-02-21 12:00:00+01:00,1776.1698396368522
2027-02-21 13:00:00+01:00,1724.5800995559784
2027-02-21 14:00:00+01:00,1713.5289081913863
2027-02-21 15:00:00+01:00,1771.7350915524237
2027-02-21 16:00:00+01:00,1963.8959389651654
2027-02-21 17:00:00+01:00,2180.5565405779225
2027-02-21 18:00:00+01:00,2317.9269485609816
2027-02-21 19:00:00+01:00,2253.410620325665
2027-02-21 20:00:00+01:00,2039.4115102182504
2027-02-21 21:00:00+01:00,1758.1951066560066
2027-02-21 22:00:00+01:00,1494.9641738544437
2027-02-21 23:00:00+01:00,1261.459872945005
2027-02-22 00:00:00+01:00,1323.2718009060886
2027-02-22 01:00:00+01:00,1216.3327886748125
2027-02-22 02:00:00+01:00,1202.2885038110676
2027-02-22 03:00:00+01:00,1242.7900474593246
2027-02-22 04:00:00+01:00,1340.5332766979027
2027-02-22 05:00:00+01:00,1587.2384385875046
2027-02-22 06:00:00+01:00,1897.917968469747
2027-02-22 07:00:00+01:00,2204.028459342104
2027-02-22 08:00:00+01:00,2320.4378416554614
2027-02-22 09:00:00+01:00,2276.181598597135
2027-02-22 10:00:00+01:00,2178.958447873563
2027-02-22 11:00:00+01:00,2111.2559551267473
2027-02-22 12:00:00+01:00,2080.273592503064
2027-02-22 13:00:00+01:00,2045.963782669986
2027-02-22 14:00:00+01:00,2017.2128655659296
2027-02-22 15:00:00+01:00,2045.048242508599
2027-02-22 16:00:00+01:00,2222.1617684183075
2027-02-22 17:00:00+01:00,2477.9452974657265
2027-02-22 18:00:00+01:00,2660.8550148262234
2027-02-22 19:00:00+01:00,2616.6624019079786
2027-02-22 20:00:00+01:00,2360.6576283383115
2027-02-22 21:00:00+01:00,2020.0544945211757
2027-02-22 22:00:00+01:00,1704.1848635178621
2027-02-22 23:00:00+01:00,1465.5134852478236
2027-02-23 00:00:00+01:00,1309.736503471049
2027-02-23 01:00:00+01:00,1232.0605736696148
2027-02-23 02:00:00+01:00,1219.3605375763998
2027-02-23 03:00:00+01:00,1258.6413549867552
2027-02-23 04:00:00+01:00,1347.3979998751704
2027-02-23 05:00:00+01:00,1579.4170911010654
2027-02-23 06:00:00+01:00,1896.848406347106
2027-02-23 07:00:00+01:00,2186.6348219844613
2027-02-23 08:00:00+01:00,2319.204069829592
2027-02-23 09:00:00+01:00,2321.698619839095
2027-02-23 10:00:00+01:00,2277.292301338046
2027-02-23 11:00:00+01:00,2205.0467626003415
2027-02-23 12:00:00+01:00,2137.5568521284345
2027-02-23 13:00:00+01:00,2075.211903538524
2027-02-23 14:00:00+01:00,2063.3321153710986
2027-02-23 15:00:00+01:00,2119.1399728694482
2027-02-23 16:00:00+01:00,2318.167420844798
2027-02-23 17:00:00+01:00,2536.3874534434717
2027-02-23 18:00:00+01:00,2678.0379968490047
2027-02-23 19:00:00+01:00,2587.742552705252
2027-02-23 20:00:00+01:00,2336.417246803498
2027-02-23 21:00:00+01:00,1997.282840388176
2027-02-23 22:00:00+01:00,1680.4590708097553
2027-02-23 23:00:00+01:00,1452.5035349063776
2027-02-24 00:00:00+01:00,1336.2331355696706
2027-02-24 01:00:00+01:00,1284.713280560547
2027-02-24 02:00:00+01:00,1279.1740176670528
2027-02-24 03:00:00+01:00,1308.190265315299
2027-02-24 04:00:00+01:00,1411.7162319575864
2027-02-24 05:00:00+01:00,1652.5251393579872
2027-02-24 06:00:00+01:00,1982.3680045160963
2027-02-24 07:00:00+01:00,2261.9161321498286
2027-02-24 08:00:00+01:00,2367.5453040630555
2027-02-24 09:00:00+01:00,2344.926238987218
2027-02-24 10:00:00+01:00,2260.3211007499776
2027-02-24 11:00:00+01:00,2176.193040593979
2027-02-24 12:00:00+01:00,2075.0471806320224
2027-02-24 13:00:00+01:00,1999.0821195109813
2027-02-24 14:00:00+01:00,1938.0878003497778
2027-02-24 15:00:00+01:00,1969.5584760589672
2027-02-24 16:00:00+01:00,2165.369742371436
2027-02-24 17:00:00+01:00,2439.5356486814235
2027-02-24 18:00:00+01:00,2636.483041360698
2027-02-24 19:00:00+01:00,2597.6787013133435
2027-02-24 20:00:00+01:00,2391.3494726907634
2027-02-24 21:00:00+01:00,2085.3901277488058
2027-02-24 22:00:00+01:00,1776.8941454429748
2027-02-24 23:00:00+01:00,1530.0201074864242
2027-02-25 00:00:00+01:00,1374.9364127037272
2027-02-25 01:00:00+01:00,1311.3716810228814
2027-02-25 02:00:00+01:00,1285.6114553005582
2027-02-25 03:00:00+01:00,1290.9650596404842
2027-02-25 04:00:00+01:00,1373.1094687436603
2027-02-25 05:00:00+01:00,1623.2777619277663
2027-02-25 06:00:00+01:00,1947.2515947322836
2027-02-25 07:00:00+01:00,2202.8435182850785
2027-02-25 08:00:00+01:00,2272.5243679970386
2027-02-25 09:00:00+01:00,2221.9855916162123
2027-02-25 10:00:00+01:00,2156.6926690152186
2027-02-25 11:00:00+01:00,2110.5575806638644
2027-02-25 12:00:00+01:00,2081.47992809952
2027-02-25 13:00:00+01:00,2052.873291828718
2027-02-25 14:00:00+01:00,2026.955629812228
2027-02-25 15:00:00+01:00,2051.2524427843687
2027-02-25 16:00:00+01:00,2215.325774348349
2027-02-25 17:00:00+01:00,2491.7711452410012
2027-02-25 18:00:00+01:00,2713.33561987966
2027-02-25 19:00:00+01:00,2698.27593672951
2027-02-25 20:00:00+01:00,2463.799758868248
2027-02-25 21:00:00+01:00,2122.5993097678133
2027-02-25 22:00:00+01:00,1802.687501044027
2027-02-25 23:00:00+01:00,1552.0044113960203
2027-02-26 00:00:00+01:00,1413.0902048132152
2027-02-26 01:00:00+01:00,1360.1865906564656
2027-02-26 02:00:00+01:00,1325.6782796262196
2027-02-26 03:00:00+01:00,1322.9279838214368
2027-02-26 04:00:00+01:00,1378.0845916587039
2027-02-26 05:00:00+01:00,1596.804672563534
2027-02-26 06:00:00+01:00,1885.3034744527272
2027-02-26 07:00:00+01:00,2141.386760570958
2027-02-26 08:00:00+01:00,2238.7563267114238
2027-02-26 09:00:00+01:00,2207.55002915573
2027-02-26 10:00:00+01:00,2145.7893330983
2027-02-26 11:00:00+01:00,2080.173678891358
2027-02-26 12:00:00+01:00,2047.8134767584029
2027-02-26 13:00:00+01:00,2030.2751950176437
2027-02-26 14:00:00+01:00,2041.0630888681019
2027-02-26 15:00:00+01:00,2097.2928090305995
2027-02-26 16:00:00+01:00,2284.5739037877966
2027-02-26 17:00:00+01:00,2543.5080256648175
2027-02-26 18:00:00+01:00,2728.9295246241127
2027-02-26 19:00:00+01:00,2703.8003697116073
2027-02-26 20:00:00+01:00,2471.5927026658737
2027-02-26 21:00:00+01:00,2124.8012766911475
2027-02-26 22:00:00+01:00,1769.1483593482967
2027-02-26 23:00:00+01:00,1482.0670820635146
2027-02-27 00:00:00+01:00,1175.5912799196014
2027-02-27 01:00:00+01:00,1106.0445978374266
2027-02-27 02:00:00+01:00,1081.9063332725148
2027-02-27 03:00:00+01:00,1100.7957327766826
2027-02-27 04:00:00+01:00,1185.3212854141889
2027-02-27 05:00:00+01:00,1391.9795184158595
2027-02-27 06:00:00+01:00,1644.6398038152122
2027-02-27 07:00:00+01:00,1886.3559107867018
2027-02-27 08:00:00+01:00,1997.208060451729
2027-02-27 09:00:00+01:00,2004.8406165744198
2027-02-27 10:00:00+01:00,1961.8984725290172
2027-02-27 11:00:00+01:00,1906.203777340883
2027-02-27 12:00:00+01:00,1852.3797464076151
2027-02-27 13:00:00+01:00,1793.9690266996308
2027-02-27 14:00:00+01:00,1773.5601858485943
2027-02-27 15:00:00+01:00,1809.8003129862338
2027-02-27 16:00:00+01:00,1988.081554792306
2027-02-27 17:00:00+01:00,2229.6126167184943
2027-02-27 18:00:00+01:00,2401.8674057047724
2027-02-27 19:00:00+01:00,2360.5388916917964
2027-02-27 20:00:00+01:00,2126.4589909992455
2027-02-27 21:00:00+01:00,1810.6593498667223
2027-02-27 22:00:00+01:00,1521.0670782463203
2027-02-27 23:00:00+01:00,1308.8057948965682
2027-02-28 00:00:00+01:00,1163.1065105408325
2027-02-28 01:00:00+01:00,1118.8762155255033
2027-02-28 02:00:00+01:00,1111.730105541906
2027-02-28 03:00:00+01:00,1142.5109199842748
2027-02-28 04:00:00+01:00,1220.213347800054
2027-02-28 05:00:00+01:00,1425.6902145210831
2027-02-28 06:00:00+01:00,1674.86500109605
2027-02-28 07:00:00+01:00,1881.2307941796407
2027-02-28 08:00:00+01:00,1947.465073951001
2027-02-28 09:00:00+01:00,1922.207240737133
2027-02-28 10:00:00+01:00,1868.986562219632
2027-02-28 11:00:00+01:00,1804.6880134025462
2027-02-28 12:00:00+01:00,1737.1862447758663
2027-02-28 13:00:00+01:00,1676.6773934200255
2027-02-28 14:00:00+01:00,1631.7131609586527
2027-02-28 15:00:00+01:00,1643.882604204764
2027-02-28 16:00:00+01:00,1808.5013771389547
2027-02-28 17:00:00+01:00,2069.2189107040604
2027-02-28 18:00:00+01:00,2277.0933987236544
2027-02-28 19:00:00+01:00,2277.4815834824108
2027-02-28 20:00:00+01:00,2087.164272952754
2027-02-28 21:00:00+01:00,1818.9385761562503
2027-02-28 22:00:00+01:00,1561.4237406092204
2027-02-28 23:00:00+01:00,1366.7788903616824
2027-03-01 00:00:00+01:00,1370.5167401017952
2027-03-01 01:00:00+01:00,1290.3108447206055
2027-03-01 02:00:00+01:00,1254.1409708442113
2027-03-01 03:00:00+01:00,1241.6564856966563
2027-03-01 04:00:00+01:00,1281.6879432426745
2027-03-01 05:00:00+01:00,1463.0468687273042
2027-03-01 06:00:00+01:00,1760.0208402258265
2027-03-01 07:00:00+01:00,2062.612006515973
2027-03-01 08:00:00+01:00,2216.8939487632306
2027-03-01 09:00:00+01:00,2243.9272712781226
2027-03-01 10:00:00+01:00,2199.70713273618
2027-03-01 11:00:00+01:00,2136.0013612748444
2027-03-01 12:00:00+01:00,2039.7762962974118
2027-03-01 13:00:00+01:00,1965.3563714414631
2027-03-01 14:00:00+01:00,1942.1264215513202
2027-03-01 15:00:00+01:00,1989.4314029512852
2027-03-01 16:00:00+01:00,2156.2447322915555
2027-03-01 17:00:00+01:00,2399.77619618382
2027-03-01 18:00:00+01:00,2598.7364495463635
2027-03-01 19:00:00+01:00,2609.7146749739736
2027-03-01 20:00:00+01:00,2394.19937658937
2027-03-01 21:00:00+01:00,2074.275397771718
2027-03-01 22:00:00+01:00,1779.8060700986243
2027-03-01 23:00:00+01:00,1556.7306156109223
2027-03-02 00:00:00+01:00,1432.1858260328133
2027-03-02 01:00:00+01:00,1362.280852567794
2027-03-02 02:00:00+01:00,1346.431311753327
2027-03-02 03:00:00+01:00,1362.8832116242315
2027-03-02 04:00:00+01:00,1416.6470186339038
2027-03-02 05:00:00+01:00,1582.4520614362723
2027-03-02 06:00:00+01:00,1820.9026678950745
2027-03-02 07:00:00+01:00,2042.3164083115878
2027-03-02 08:00:00+01:00,2146.255756425464
2027-03-02 09:00:00+01:00,2147.8069288948327
2027-03-02 10:00:00+01:00,2123.2738525279924
2027-03-02 11:00:00+01:00,2084.4411612719027
2027-03-02 12:00:00+01:00,2031.97641154323
2027-03-02 13:00:00+01:00,1988.2495981266204
2027-03-02 14:00:00+01:00,1970.559960484483
2027-03-02 15:00:00+01:00,2030.3320080161395
2027-03-02 16:00:00+01:00,2211.7663951678614
2027-03-02 17:00:00+01:00,2487.139936620383
2027-03-02 18:00:00+01:00,2681.135565995419
2027-03-02 19:00:00+01:00,2641.034539050838
2027-03-02 20:00:00+01:00,2382.2295152995057
2027-03-02 21:00:00+01:00,2033.8477392576654
2027-03-02 22:00:00+01:00,1732.6535333818297
2027-03-02 23:00:00+01:00,1508.5288904701965
2027-03-03 00:00:00+01:00,1389.1863531927925
2027-03-03 01:00:00+01:00,1310.5769537839851
2027-03-03 02:00:00+01:00,1273.0215097883315
2027-03-03 03:00:00+01:00,1267.7987666840781
2027-03-03 04:00:00+01:00,1337.7077052732602
2027-03-03 05:00:00+01:00,1554.0927336338002
2027-03-03 06:00:00+01:00,1852.4822683017337
2027-03-03 07:00:00+01:00,2121.459822965926
2027-03-03 08:00:00+01:00,2244.86156386402
2027-03-03 09:00:00+01:00,2241.9323290421125
2027-03-03 10:00:00+01:00,2207.9932800856654
2027-03-03 11:00:00+01:00,2152.943870235917
2027-03-03 12:00:00+01:00,2112.870682355781
2027-03-03 13:00:00+01:00,2060.4396037014762
2027-03-03 14:00:00+01:00,2032.850711375633
2027-03-03 15:00:00+01:00,2051.3035003557416
2027-03-03 16:00:00+01:00,2189.3697021002777
2027-03-03 17:00:00+01:00,2431.3230293629213
2027-03-03 18:00:00+01:00,2612.712618891717
2027-03-03 19:00:00+01:00,2592.5086722718884
2027-03-03 20:00:00+01:00,2356.8676104691203
2027-03-03 21:00:00+01:00,2034.352014605536
2027-03-03 22:00:00+01:00,1730.29148750818
2027-03-03 23:00:00+01:00,1505.4373054886253
2027-03-04 00:00:00+01:00,1371.8787525416922
2027-03-04 01:00:00+01:00,1311.9579589448497
2027-03-04 02:00:00+01:00,1291.4704235450934
2027-03-04 03:00:00+01:00,1326.103034508821
2027-03-04 04:00:00+01:00,1416.3228981425843
2027-03-04 05:00:00+01:00,1647.4441083306174
2027-03-04 06:00:00+01:00,1919.171103844145
2027-03-04 07:00:00+01:00,2169.346970773215
2027-03-04 08:00:00+01:00,2245.3294675948623
2027-03-04 09:00:00+01:00,2226.8878741336976
2027-03-04 10:00:00+01:00,2158.4763806270803
2027-03-04 11:00:00+01:00,2101.1560528325317
2027-03-04 12:00:00+01:00,2050.080012682064
2027-03-04 13:00:00+01:00,2007.0943322060168
2027-03-04 14:00:00+01:00,1989.548906123684
2027-03-04 15:00:00+01:00,2020.6671607893716
2027-03-04 16:00:00+01:00,2179.9388849257393
2027-03-04 17:00:00+01:00,2435.3455597440834
2027-03-04 18:00:00+01:00,2637.412190408337
2027-03-04 19:00:00+01:00,2633.1993679124594
2027-03-04 20:00:00+01:00,2396.363738225974
2027-03-04 21:00:00+01:00,2049.031999107585
2027-03-04 22:00:00+01:00,1722.496063762321
2027-03-04 23:00:00+01:00,1488.6214314681004
2027-03-05 00:00:00+01:00,1369.3555310558418
2027-03-05 01:00:00+01:00,1322.016708334279
2027-03-05 02:00:00+01:00,1314.7439245463152
2027-03-05 03:00:00+01:00,1351.8234799046174
2027-03-05 04:00:00+01:00,1438.323683842455
2027-03-05 05:00:00+01:00,1658.9608893218592
2027-03-05 06:00:00+01:00,1932.0376822825601
2027-03-05 07:00:00+01:00,2190.776706625006
2027-03-05 08:00:00+01:00,2283.2117984882248
2027-03-05 09:00:00+01:00,2262.5176177684907
2027-03-05 10:00:00+01:00,2188.085740009308
2027-03-05 11:00:00+01:00,2117.7811349018216
2027-03-05 12:00:00+01:00,2073.03898801887
2027-03-05 13:00:00+01:00,2027.287900410307
2027-03-05 14:00:00+01:00,1985.608032634667
2027-03-05 15:00:00+01:00,1975.1876835546307
2027-03-05 16:00:00+01:00,2098.1456342452057
2027-03-05 17:00:00+01:00,2339.539632517647
2027-03-05 18:00:00+01:00,2533.2587408249615
2027-03-05 19:00:00+01:00,2553.1344143349133
2027-03-05 20:00:00+01:00,2363.2191950644233
2027-03-05 21:00:00+01:00,2086.7867061856555
2027-03-05 22:00:00+01:00,1808.6331352469315
2027-03-05 23:00:00+01:00,1583.1497153641096
2027-03-06 00:00:00+01:00,1263.8481103882132
2027-03-06 01:00:00+01:00,1189.2474491360838
2027-03-06 02:00:00+01:00,1161.48409364961
2027-03-06 03:00:00+01:00,1189.7535965219636
2027-03-06 04:00:00+01:00,1276.1331428399021
2027-03-06 05:00:00+01:00,1467.0106944702857
2027-03-06 06:00:00+01:00,1693.6482822783644
2027-03-06 07:00:00+01:00,1892.106499550044
2027-03-06 08:00:00+01:00,1969.1889639837264
2027-03-06 09:00:00+01:00,1946.28908063566
2027-03-06 10:00:00+01:00,1878.529960746492
2027-03-06 11:00:00+01:00,1816.5795074107293
2027-03-06 12:00:00+01:00,1762.2184924607495
2027-03-06 13:00:00+01:00,1714.1203083765351
2027-03-06 14:00:00+01:00,1686.4877808412773
2027-03-06 15:00:00+01:00,1712.3592867473717
2027-03-06 16:00:00+01:00,1839.0066612393175
2027-03-06 17:00:00+01:00,2070.5549937897413
2027-03-06 18:00:00+01:00,2271.309058222831
2027-03-06 19:00:00+01:00,2322.5206935568367
2027-03-06 20:00:00+01:00,2131.8650091494733
2027-03-06 21:00:00+01:00,1833.147570413316
2027-03-06 22:00:00+01:00,1538.413862848376
2027-03-06 23:00:00+01:00,1337.0484519796642
2027-03-07 00:00:00+01:00,1194.5864728722722
2027-03-07 01:00:00+01:00,1168.7308540250226
2027-03-07 02:00:00+01:00,1183.3876389195707
2027-03-07 03:00:00+01:00,1206.4903279925195
2027-03-07 04:00:00+01:00,1262.223438818163
2027-03-07 05:00:00+01:00,1411.4367099459516
2027-03-07 06:00:00+01:00,1609.9237386520422
2027-03-07 07:00:00+01:00,1795.1496553944207
2027-03-07 08:00:00+01:00,1852.666558856406
2027-03-07 09:00:00+01:00,1807.9393037089771
2027-03-07 10:00:00+01:00,1730.955528518445
2027-03-07 11:00:00+01:00,1667.0306940969579
2027-03-07 12:00:00+01:00,1647.3245496691773
2027-03-07 13:00:00+01:00,1637.662215979793
2027-03-07 14:00:00+01:00,1655.086356623988
2027-03-07 15:00:00+01:00,1700.576956105714
2027-03-07 16:00:00+01:00,1851.4382295782639
2027-03-07 17:00:00+01:00,2079.1141424974235
2027-03-07 18:00:00+01:00,2264.210307737984
2027-03-07 19:00:00+01:00,2264.6336171342527
2027-03-07 20:00:00+01:00,2084.9457832345565
2027-03-07 21:00:00+01:00,1819.7297782891212
2027-03-07 22:00:00+01:00,1573.361710312302
2027-03-07 23:00:00+01:00,1352.3609531233876
2027-03-08 00:00:00+01:00,1433.6926191673854
2027-03-08 01:00:00+01:00,1317.8982807546997
2027-03-08 02:00:00+01:00,1289.8315450788682
2027-03-08 03:00:00+01:00,1338.600277156133
2027-03-08 04:00:00+01:00,1435.2358503797811
2027-03-08 05:00:00+01:00,1627.8020604128117
2027-03-08 06:00:00+01:00,1873.283206161369
2027-03-08 07:00:00+01:00,2110.0289865205405
2027-03-08 08:00:00+01:00,2228.183767927978
2027-03-08 09:00:00+01:00,2234.0970139695105
2027-03-08 10:00:00+01:00,2182.1130126965586
2027-03-08 11:00:00+01:00,2126.6558944583153
2027-03-08 12:00:00+01:00,2029.3452851738687
2027-03-08 13:00:00+01:00,1929.1346035623042
2027-03-08 14:00:00+01:00,1863.0338734747684
2027-03-08 15:00:00+01:00,1890.21756080131
2027-03-08 16:00:00+01:00,2062.16576416093
2027-03-08 17:00:00+01:00,2345.639896874382
2027-03-08 18:00:00+01:00,2596.2323902699686
2027-03-08 19:00:00+01:00,2632.3570707652966
2027-03-08 20:00:00+01:00,2420.17595856542
2027-03-08 21:00:00+01:00,2134.567149616688
2027-03-08 22:00:00+01:00,1874.9926601877296
2027-03-08 23:00:00+01:00,1700.9305684815422
2027-03-09 00:00:00+01:00,1560.313463379669
2027-03-09 01:00:00+01:00,1496.832842836591
2027-03-09 02:00:00+01:00,1458.718947057626
2027-03-09 03:00:00+01:00,1478.0406244837277
2027-03-09 04:00:00+01:00,1532.8454752196735
2027-03-09 05:00:00+01:00,1676.2801794081113
2027-03-09 06:00:00+01:00,1868.8084162455893
2027-03-09 07:00:00+01:00,2048.55908861795
2027-03-09 08:00:00+01:00,2119.9838964471905
2027-03-09 09:00:00+01:00,2090.402203385201
2027-03-09 10:00:00+01:00,2036.5877534111546
2027-03-09 11:00:00+01:00,2009.9588485243078
2027-03-09 12:00:00+01:00,1990.0456590180204
2027-03-09 13:00:00+01:00,1968.6707985598216
2027-03-09 14:00:00+01:00,1974.9958773780631
2027-03-09 15:00:00+01:00,2035.0637444552228
2027-03-09 16:00:00+01:00,2183.644124444636
2027-03-09 17:00:00+01:00,2412.361360691866
2027-03-09 18:00:00+01:00,2598.7595421762408
2027-03-09 19:00:00+01:00,2634.0439728103606
2027-03-09 20:00:00+01:00,2446.117871480565
2027-03-09 21:00:00+01:00,2133.6660216787855
2027-03-09 22:00:00+01:00,1815.5678206827042
2027-03-09 23:00:00+01:00,1594.5022407185927
2027-03-10 00:00:00+01:00,1482.9504501181384
2027-03-10 01:00:00+01:00,1413.569163387682
2027-03-10 02:00:00+01:00,1346.8813364279024
2027-03-10 03:00:00+01:00,1348.5013262965435
2027-03-10 04:00:00+01:00,1439.4095564596769
2027-03-10 05:00:00+01:00,1681.611924401253
2027-03-10 06:00:00+01:00,1936.0790147550952
2027-03-10 07:00:00+01:00,2154.892947401532
2027-03-10 08:00:00+01:00,2214.9192573003506
2027-03-10 09:00:00+01:00,2204.9542855666987
2027-03-10 10:00:00+01:00,2149.9389273433017
2027-03-10 11:00:00+01:00,2110.4074396955784
2027-03-10 12:00:00+01:00,2075.0974068226365
2027-03-10 13:00:00+01:00,2064.6812951246034
2027-03-10 14:00:00+01:00,2072.427575176082
2027-03-10 15:00:00+01:00,2104.680863812192
2027-03-10 16:00:00+01:00,2213.675146351841
2027-03-10 17:00:00+01:00,2432.095808275918
2027-03-10 18:00:00+01:00,2608.2188204153604
2027-03-10 19:00:00+01:00,2599.794622679094
2027-03-10 20:00:00+01:00,2348.4413559531886
2027-03-10 21:00:00+01:00,2038.384949396755
2027-03-10 22:00:00+01:00,1761.7192324785535
2027-03-10 23:00:00+01:00,1574.0430887317257
2027-03-11 00:00:00+01:00,1456.5666935979518
2027-03-11 01:00:00+01:00,1403.6129357092304
2027-03-11 02:00:00+01:00,1387.2977732019901
2027-03-11 03:00:00+01:00,1413.852957639136
2027-03-11 04:00:00+01:00,1492.5782310993243
2027-03-11 05:00:00+01:00,1684.6917338933054
2027-03-11 06:00:00+01:00,1916.1607765452109
2027-03-11 07:00:00+01:00,2121.884738840189
2027-03-11 08:00:00+01:00,2197.0293046832066
2027-03-11 09:00:00+01:00,2185.6312641642567
2027-03-11 10:00:00+01:00,2137.2465251076533
2027-03-11 11:00:00+01:00,2091.415525094532
2027-03-11 12:00:00+01:00,2066.1219975380013
2027-03-11 13:00:00+01:00,2048.294585975354
2027-03-11 14:00:00+01:00,2042.6719276326114
2027-03-11 15:00:00+01:00,2062.2756209594704
2027-03-11 16:00:00+01:00,2183.0646812651576
2027-03-11 17:00:00+01:00,2401.063597569396
2027-03-11 18:00:00+01:00,2589.8353109874492
2027-03-11 19:00:00+01:00,2622.783767107095
2027-03-11 20:00:00+01:00,2436.329389375368
2027-03-11 21:00:00+01:00,2138.8293966787637
2027-03-11 22:00:00+01:00,1834.4210046264204
2027-03-11 23:00:00+01:00,1613.3179686442772
2027-03-12 00:00:00+01:00,1502.9498998880626
2027-03-12 01:00:00+01:00,1426.5078844804968
2027-03-12 02:00:00+01:00,1386.5494282594434
2027-03-12 03:00:00+01:00,1400.1606248797282
2027-03-12 04:00:00+01:00,1480.3274210026884
2027-03-12 05:00:00+01:00,1704.5001143410732
2027-03-12 06:00:00+01:00,1946.3925434458874
2027-03-12 07:00:00+01:00,2157.49103716222
2027-03-12 08:00:00+01:00,2209.40378316014
2027-03-12 09:00:00+01:00,2188.490200146839
2027-03-12 10:00:00+01:00,2136.568037189679
2027-03-12 11:00:00+01:00,2094.699014925543
2027-03-12 12:00:00+01:00,2055.7564675008284
2027-03-12 13:00:00+01:00,2025.4259275732957
2027-03-12 14:00:00+01:00,2000.8277372221405
2027-03-12 15:00:00+01:00,2025.8582491270458
2027-03-12 16:00:00+01:00,2143.3027424241373
2027-03-12 17:00:00+01:00,2388.6823951788456
2027-03-12 18:00:00+01:00,2600.168202480087
2027-03-12 19:00:00+01:00,2628.8133661371976
2027-03-12 20:00:00+01:00,2426.773241825366
2027-03-12 21:00:00+01:00,2106.5223948125545
2027-03-12 22:00:00+01:00,1813.6957003284963
2027-03-12 23:00:00+01:00,1585.2852324317823
2027-03-13 00:00:00+01:00,1249.2030441826514
2027-03-13 01:00:00+01:00,1199.5108480494741
2027-03-13 02:00:00+01:00,1189.614149209876
2027-03-13 03:00:00+01:00,1230.0266897361032
2027-03-13 04:00:00+01:00,1305.7827343717195
2027-03-13 05:00:00+01:00,1484.6442661812243
2027-03-13 06:00:00+01:00,1704.5452766953306
2027-03-13 07:00:00+01:00,1919.3705827615875
2027-03-13 08:00:00+01:00,1998.9330525298103
2027-03-13 09:00:00+01:00,1975.777406184244
2027-03-13 10:00:00+01:00,1918.3480546789262
2027-03-13 11:00:00+01:00,1875.8411757240635
2027-03-13 12:00:00+01:00,1839.1865402947767
2027-03-13 13:00:00+01:00,1801.103837061451
2027-03-13 14:00:00+01:00,1764.332139786321
2027-03-13 15:00:00+01:00,1764.9065523960508
2027-03-13 16:00:00+01:00,1851.8438556364565
2027-03-13 17:00:00+01:00,2031.728566811823
2027-03-13 18:00:00+01:00,2183.7538032312664
2027-03-13 19:00:00+01:00,2204.329882504265
2027-03-13 20:00:00+01:00,2066.7394517972616
2027-03-13 21:00:00+01:00,1857.4694936833148
2027-03-13 22:00:00+01:00,1614.33382660357
2027-03-13 23:00:00+01:00,1396.8285260002297
2027-03-14 00:00:00+01:00,1217.7392190371036
2027-03-14 01:00:00+01:00,1152.9693267975065
2027-03-14 02:00:00+01:00,1142.599516842011
2027-03-14 03:00:00+01:00,1177.869291665351
2027-03-14 04:00:00+01:00,1253.7595326741123
2027-03-14 05:00:00+01:00,1429.1076988457376
2027-03-14 06:00:00+01:00,1643.9315480970727
2027-03-14 07:00:00+01:00,1828.6017668881107
2027-03-14 08:00:00+01:00,1877.6920266773236
2027-03-14 09:00:00+01:00,1843.2102762573525
2027-03-14 10:00:00+01:00,1803.3853274474031
2027-03-14 11:00:00+01:00,1778.3117257603387
2027-03-14 12:00:00+01:00,1751.7342019819905
2027-03-14 13:00:00+01:00,1711.357846308956
2027-03-14 14:00:00+01:00,1689.1659264562309
2027-03-14 15:00:00+01:00,1708.2903373810173
2027-03-14 16:00:00+01:00,1808.5413571169865
2027-03-14 17:00:00+01:00,2005.744511970548
2027-03-14 18:00:00+01:00,2181.279285303433
2027-03-14 19:00:00+01:00,2239.739524197872
2027-03-14 20:00:00+01:00,2101.2328527660366
2027-03-14 21:00:00+01:00,1868.66967152361
2027-03-14 22:00:00+01:00,1610.6914295202566
2027-03-14 23:00:00+01:00,1384.1452042570684
2027-03-15 00:00:00+01:00,1472.0542439267092
2027-03-15 01:00:00+01:00,1352.855341426207
2027-03-15 02:00:00+01:00,1316.7095822429874
2027-03-15 03:00:00+01:00,1342.8764156788877
2027-03-15 04:00:00+01:00,1448.4499839648493
2027-03-15 05:00:00+01:00,1669.2812815420446
2027-03-15 06:00:00+01:00,1931.5772048724825
2027-03-15 07:00:00+01:00,2145.25141628399
2027-03-15 08:00:00+01:00,2235.871193823076
2027-03-15 09:00:00+01:00,2220.1538533289404
2027-03-15 10:00:00+01:00,2185.0849552705017
2027-03-15 11:00:00+01:00,2116.6243127166194
2027-03-15 12:00:00+01:00,2032.8959590155562
2027-03-15 13:00:00+01:00,1932.7457719154067
2027-03-15 14:00:00+01:00,1892.4534986274102
2027-03-15 15:00:00+01:00,1922.4141725535976
2027-03-15 16:00:00+01:00,2094.9737587488817
2027-03-15 17:00:00+01:00,2389.4354407969777
2027-03-15 18:00:00+01:00,2659.4798654167153
2027-03-15 19:00:00+01:00,2773.5015328644877
2027-03-15 20:00:00+01:00,2619.6348125328173
2027-03-15 21:00:00+01:00,2327.1837328719794
2027-03-15 22:00:00+01:00,1979.849094900036
2027-03-15 23:00:00+01:00,1701.189763999277
2027-03-16 00:00:00+01:00,1509.6928412828245
2027-03-16 01:00:00+01:00,1409.4451858727068
2027-03-16 02:00:00+01:00,1359.886297748847
2027-03-16 03:00:00+01:00,1357.002859737114
2027-03-16 04:00:00+01:00,1422.0664858645137
2027-03-16 05:00:00+01:00,1640.219067707943
2027-03-16 06:00:00+01:00,1905.649848596458
2027-03-16 07:00:00+01:00,2130.3083172415904
2027-03-16 08:00:00+01:00,2187.457393275848
2027-03-16 09:00:00+01:00,2154.336202418815
2027-03-16 10:00:00+01:00,2104.875898958034
2027-03-16 11:00:00+01:00,2076.960602116259
2027-03-16 12:00:00+01:00,2056.0309804419276
2027-03-16 13:00:00+01:00,2030.516511774414
2027-03-16 14:00:00+01:00,2006.626577147881
2027-03-16 15:00:00+01:00,2045.9708544494608
2027-03-16 16:00:00+01:00,2202.3907213050384
2027-03-16 17:00:00+01:00,2509.1079159801884
2027-03-16 18:00:00+01:00,2770.0177028910875
2027-03-16 19:00:00+01:00,2836.3407777119
2027-03-16 20:00:00+01:00,2643.1526632145265
2027-03-16 21:00:00+01:00,2292.768939554681
2027-03-16 22:00:00+01:00,1924.382002571391
2027-03-16 23:00:00+01:00,1610.9841884274626
2027-03-17 00:00:00+01:00,1483.5031045801964
2027-03-17 01:00:00+01:00,1405.146601020341
2027-03-17 02:00:00+01:00,1373.4815087560485
2027-03-17 03:00:00+01:00,1379.4410028624757
2027-03-17 04:00:00+01:00,1450.9978036609514
2027-03-17 05:00:00+01:00,1665.1640057409857
2027-03-17 06:00:00+01:00,1938.8369836693632
2027-03-17 07:00:00+01:00,2184.8499868380595
2027-03-17 08:00:00+01:00,2253.6961074512674
2027-03-17 09:00:00+01:00,2225.361800557079
2027-03-17 10:00:00+01:00,2168.820970350035
2027-03-17 11:00:00+01:00,2124.3498328626283
2027-03-17 12:00:00+01:00,2077.720582623145
2027-03-17 13:00:00+01:00,2024.4945553213524
2027-03-17 14:00:00+01:00,2008.1125004209796
2027-03-17 15:00:00+01:00,2032.284114055962
2027-03-17 16:00:00+01:00,2155.5613473763824
2027-03-17 17:00:00+01:00,2455.9589487827457
2027-03-17 18:00:00+01:00,2732.8506518523654
2027-03-17 19:00:00+01:00,2817.051566680562
2027-03-17 20:00:00+01:00,2576.1988093143254
2027-03-17 21:00:00+01:00,2213.020653111675
2027-03-17 22:00:00+01:00,1874.3606788866289
2027-03-17 23:00:00+01:00,1626.5533612237355
2027-03-18 00:00:00+01:00,1440.3234891349587
2027-03-18 01:00:00+01:00,1397.3163528705802
2027-03-18 02:00:00+01:00,1421.2871708334699
2027-03-18 03:00:00+01:00,1497.965453714472
2027-03-18 04:00:00+01:00,1604.7454000696034
2027-03-18 05:00:00+01:00,1808.423525597138
2027-03-18 06:00:00+01:00,2027.239966181946
2027-03-18 07:00:00+01:00,2220.3168112740273
2027-03-18 08:00:00+01:00,2279.891613005127
2027-03-18 09:00:00+01:00,2232.158421759654
2027-03-18 10:00:00+01:00,2134.0644825494187
2027-03-18 11:00:00+01:00,2036.6789648136514
2027-03-18 12:00:00+01:00,1966.292043511494
2027-03-18 13:00:00+01:00,1928.4195097638499
2027-03-18 14:00:00+01:00,1926.5758896697807
2027-03-18 15:00:00+01:00,1980.1027007078553
2027-03-18 16:00:00+01:00,2135.5679141591504
2027-03-18 17:00:00+01:00,2389.498814544799
2027-03-18 18:00:00+01:00,2628.7312806586424
2027-03-18 19:00:00+01:00,2704.6501728673966
2027-03-18 20:00:00+01:00,2560.489962587548
2027-03-18 21:00:00+01:00,2292.7085058520383
2027-03-18 22:00:00+01:00,1980.5554096738688
2027-03-18 23:00:00+01:00,1715.0205426245518
2027-03-19 00:00:00+01:00,1534.4308861217755
2027-03-19 01:00:00+01:00,1443.7604967822356
2027-03-19 02:00:00+01:00,1416.2408549479828
2027-03-19 03:00:00+01:00,1436.3506821663987
2027-03-19 04:00:00+01:00,1505.6371249650633
2027-03-19 05:00:00+01:00,1709.4781197776638
2027-03-19 06:00:00+01:00,1994.018052095434
2027-03-19 07:00:00+01:00,2239.970060487602
2027-03-19 08:00:00+01:00,2324.5092345266457
2027-03-19 09:00:00+01:00,2291.1469194773326
2027-03-19 10:00:00+01:00,2246.0395053133916
2027-03-19 11:00:00+01:00,2185.5544786226665
2027-03-19 12:00:00+01:00,2114.1001500502507
2027-03-19 13:00:00+01:00,2022.5229675763085
2027-03-19 14:00:00+01:00,1949.0175445723546
2027-03-19 15:00:00+01:00,1943.967436603518
2027-03-19 16:00:00+01:00,2054.534830094751
2027-03-19 17:00:00+01:00,2320.5344043132573
2027-03-19 18:00:00+01:00,2565.3864386419136
2027-03-19 19:00:00+01:00,2630.716048246101
2027-03-19 20:00:00+01:00,2466.3219811944014
2027-03-19 21:00:00+01:00,2168.737073936732
2027-03-19 22:00:00+01:00,1916.0602192900817
2027-03-19 23:00:00+01:00,1702.8285806698318
2027-03-20 00:00:00+01:00,1363.8158527997682
2027-03-20 01:00:00+01:00,1290.864278249056
2027-03-20 02:00:00+01:00,1262.632952742022
2027-03-20 03:00:00+01:00,1273.1069225494518
2027-03-20 04:00:00+01:00,1322.6559891353577
2027-03-20 05:00:00+01:00,1479.3755663344598
2027-03-20 06:00:00+01:00,1688.633647920423
2027-03-20 07:00:00+01:00,1889.1442077189254
2027-03-20 08:00:00+01:00,1949.2273041806502
2027-03-20 09:00:00+01:00,1906.5966286574803
2027-03-20 10:00:00+01:00,1804.504592330293
2027-03-20 11:00:00+01:00,1731.4846226960453
2027-03-20 12:00:00+01:00,1688.8318503452872
2027-03-20 13:00:00+01:00,1681.1508588662205
2027-03-20 14:00:00+01:00,1684.664976927257
2027-03-20 15:00:00+01:00,1729.359021640836
2027-03-20 16:00:00+01:00,1855.3682408973389
2027-03-20 17:00:00+01:00,2113.696063317203
2027-03-20 18:00:00+01:00,2372.0852396728264
2027-03-20 19:00:00+01:00,2461.020912448434
2027-03-20 20:00:00+01:00,2294.1470790281674
2027-03-20 21:00:00+01:00,1992.1093596799913
2027-03-20 22:00:00+01:00,1716.0720113211412
2027-03-20 23:00:00+01:00,1510.0648968549012
2027-03-21 00:00:00+01:00,1324.554398540841
2027-03-21 01:00:00+01:00,1259.227120439284
2027-03-21 02:00:00+01:00,1227.2587742102837
2027-03-21 03:00:00+01:00,1243.6143914674565
2027-03-21 04:00:00+01:00,1293.875212362594
2027-03-21 05:00:00+01:00,1445.25093125998
2027-03-21 06:00:00+01:00,1620.1355967052677
2027-03-21 07:00:00+01:00,1769.868631634102
2027-03-21 08:00:00+01:00,1820.190720739278
2027-03-21 09:00:00+01:00,1798.1693466469692
2027-03-21 10:00:00+01:00,1768.120291176982
2027-03-21 11:00:00+01:00,1726.975073546694
2027-03-21 12:00:00+01:00,1692.374633444078
2027-03-21 13:00:00+01:00,1663.2964624849253
2027-03-21 14:00:00+01:00,1655.8461139250653
2027-03-21 15:00:00+01:00,1693.7950454757033
2027-03-21 16:00:00+01:00,1816.0525227671453
2027-03-21 17:00:00+01:00,2069.016608682329
2027-03-21 18:00:00+01:00,2310.4901397986105
2027-03-21 19:00:00+01:00,2376.1653124785967
2027-03-21 20:00:00+01:00,2218.626466065594
2027-03-21 21:00:00+01:00,1928.1257256203944
2027-03-21 22:00:00+01:00,1643.8821915198612
2027-03-21 23:00:00+01:00,1384.494781621068
2027-03-22 00:00:00+01:00,1480.1468033997335
2027-03-22 01:00:00+01:00,1368.6732666657988
2027-03-22 02:00:00+01:00,1355.442957290317
2027-03-22 03:00:00+01:00,1414.904403940402
2027-03-22 04:00:00+01:00,1522.041444115856
2027-03-22 05:00:00+01:00,1724.1934481772778
2027-03-22 06:00:00+01:00,1953.8553012373447
2027-03-22 07:00:00+01:00,2164.6466527350585
2027-03-22 08:00:00+01:00,2230.034797316976
2027-03-22 09:00:00+01:00,2223.937401895618
2027-03-22 10:00:00+01:00,2165.1717321909687
2027-03-22 11:00:00+01:00,2110.6648743745586
2027-03-22 12:00:00+01:00,2036.0592405342343
2027-03-22 13:00:00+01:00,1973.6044274592155
2027-03-22 14:00:00+01:00,1949.362318745455
2027-03-22 15:00:00+01:00,1995.0012558097192
2027-03-22 16:00:00+01:00,2149.6148558038726
2027-03-22 17:00:00+01:00,2461.2623756747303
2027-03-22 18:00:00+01:00,2743.3977617064743
2027-03-22 19:00:00+01:00,2841.5928502063334
2027-03-22 20:00:00+01:00,2665.2898205285774
2027-03-22 21:00:00+01:00,2366.2528722639986
2027-03-22 22:00:00+01:00,2058.1983644653246
2027-03-22 23:00:00+01:00,1809.853572513731
2027-03-23 00:00:00+01:00,1639.6127218325678
2027-03-23 01:00:00+01:00,1561.4357969818689
2027-03-23 02:00:00+01:00,1530.1151539223224
2027-03-23 03:00:00+01:00,1535.4962409615878
2027-03-23 04:00:00+01:00,1585.0076713925464
2027-03-23 05:00:00+01:00,1747.0665338214608
2027-03-23 06:00:00+01:00,1964.6102319963597
2027-03-23 07:00:00+01:00,2176.6299878229197
2027-03-23 08:00:00+01:00,2253.5062379691562
2027-03-23 09:00:00+01:00,2236.905584034251
2027-03-23 10:00:00+01:00,2194.4763510464177
2027-03-23 11:00:00+01:00,2144.1881311966845
2027-03-23 12:00:00+01:00,2106.2669605414753
2027-03-23 13:00:00+01:00,2063.23476221153
2027-03-23 14:00:00+01:00,2041.7454105140966
2027-03-23 15:00:00+01:00,2058.3714911572006
2027-03-23 16:00:00+01:00,2148.457760640828
2027-03-23 17:00:00+01:00,2370.342578953268
2027-03-23 18:00:00+01:00,2604.354578814403
2027-03-23 19:00:00+01:00,2699.99487282082
2027-03-23 20:00:00+01:00,2554.613743183392
2027-03-23 21:00:00+01:00,2261.420177799385
2027-03-23 22:00:00+01:00,1960.127156243061
2027-03-23 23:00:00+01:00,1724.020303280333
2027-03-24 00:00:00+01:00,1563.547530949639
2027-03-24 01:00:00+01:00,1468.308128164867
2027-03-24 02:00:00+01:00,1440.8691551816166
2027-03-24 03:00:00+01:00,1457.4667201734135
2027-03-24 04:00:00+01:00,1543.248467330698
2027-03-24 05:00:00+01:00,1748.1619602386522
2027-03-24 06:00:00+01:00,1998.8910034927244
2027-03-24 07:00:00+01:00,2231.617443690826
2027-03-24 08:00:00+01:00,2305.7917799596426
2027-03-24 09:00:00+01:00,2271.955180534787
2027-03-24 10:00:00+01:00,2197.405189550391
2027-03-24 11:00:00+01:00,2145.44836350743
2027-03-24 12:00:00+01:00,2108.3040902975786
2027-03-24 13:00:00+01:00,2080.3790669549676
2027-03-24 14:00:00+01:00,2038.3712081191784
2027-03-24 15:00:00+01:00,2041.923156281896
2027-03-24 16:00:00+01:00,2131.9999118954456
2027-03-24 17:00:00+01:00,2380.61782996594
2027-03-24 18:00:00+01:00,2611.3458414737265
2027-03-24 19:00:00+01:00,2717.8132696664875
2027-03-24 20:00:00+01:00,2570.3791114344194
2027-03-24 21:00:00+01:00,2299.190881690602
2027-03-24 22:00:00+01:00,2003.617506287929
2027-03-24 23:00:00+01:00,1754.8811792926153
2027-03-25 00:00:00+01:00,1602.1261701461442
2027-03-25 01:00:00+01:00,1496.561275615158
2027-03-25 02:00:00+01:00,1462.017399534224
2027-03-25 03:00:00+01:00,1463.6849606544465
2027-03-25 04:00:00+01:00,1545.9401073142003
2027-03-25 05:00:00+01:00,1735.8374530794788
2027-03-25 06:00:00+01:00,1987.2575726215427
2027-03-25 07:00:00+01:00,2199.568794523689
2027-03-25 08:00:00+01:00,2279.7555381010766
2027-03-25 09:00:00+01:00,2253.9961958294275
2027-03-25 10:00:00+01:00,2208.192487010726
2027-03-25 11:00:00+01:00,2166.3399417407486
2027-03-25 12:00:00+01:00,2123.2207950015018
2027-03-25 13:00:00+01:00,2073.537325020377
2027-03-25 14:00:00+01:00,2046.555609428321
2027-03-25 15:00:00+01:00,2067.794041648825
2027-03-25 16:00:00+01:00,2166.410815279972
2027-03-25 17:00:00+01:00,2387.7059692555426
2027-03-25 18:00:00+01:00,2649.406133611688
2027-03-25 19:00:00+01:00,2761.452154173161
2027-03-25 20:00:00+01:00,2601.8244707598074
2027-03-25 21:00:00+01:00,2245.0949026641674
2027-03-25 22:00:00+01:00,1903.2381869006574
2027-03-25 23:00:00+01:00,1653.2724778142024
2027-03-26 00:00:00+01:00,1521.8992848310434
2027-03-26 01:00:00+01:00,1474.4929986843908
2027-03-26 02:00:00+01:00,1472.962606435319
2027-03-26 03:00:00+01:00,1484.3493122319396
2027-03-26 04:00:00+01:00,1516.982161995772
2027-03-26 05:00:00+01:00,1696.9598452125588
2027-03-26 06:00:00+01:00,1968.014209939332
2027-03-26 07:00:00+01:00,2234.3471708631414
2027-03-26 08:00:00+01:00,2332.4557510100512
2027-03-26 09:00:00+01:00,2297.9428175798544
2027-03-26 10:00:00+01:00,2245.9311044561014
2027-03-26 11:00:00+01:00,2186.7471196241813
2027-03-26 12:00:00+01:00,2134.1905062557603
2027-03-26 13:00:00+01:00,2065.56882835681
2027-03-26 14:00:00+01:00,2012.273259042879
2027-03-26 15:00:00+01:00,2028.085977712402
2027-03-26 16:00:00+01:00,2117.188753380915
2027-03-26 17:00:00+01:00,2342.9335540314933
2027-03-26 18:00:00+01:00,2583.0965834449635
2027-03-26 19:00:00+01:00,2690.693983019918
2027-03-26 20:00:00+01:00,2570.5393013744188
2027-03-26 21:00:00+01:00,2275.93464097552
2027-03-26 22:00:00+01:00,1980.5004099037499
2027-03-26 23:00:00+01:00,1735.5259663218803
2027-03-27 00:00:00+01:00,1394.4024043588336
2027-03-27 01:00:00+01:00,1330.2362032358276
2027-03-27 02:00:00+01:00,1296.904417094226
2027-03-27 03:00:00+01:00,1293.5872055534226
2027-03-27 04:00:00+01:00,1329.5831512146656
2027-03-27 05:00:00+01:00,1489.5059304779352
2027-03-27 06:00:00+01:00,1741.5990347522363
2027-03-27 07:00:00+01:00,1979.5189208219247
2027-03-27 08:00:00+01:00,2086.882968608816
2027-03-27 09:00:00+01:00,2054.0496861647493
2027-03-27 10:00:00+01:00,1975.3890822552196
2027-03-27 11:00:00+01:00,1904.7087713279998
2027-03-27 12:00:00+01:00,1853.9314297778735
2027-03-27 13:00:00+01:00,1813.150967115272
2027-03-27 14:00:00+01:00,1784.9281428995575
2027-03-27 15:00:00+01:00,1791.4810888036347
2027-03-27 16:00:00+01:00,1838.7745937865989
2027-03-27 17:00:00+01:00,1974.9573888125115
2027-03-27 18:00:00+01:00,2170.946921403276
2027-03-27 19:00:00+01:00,2313.027252233401
2027-03-27 20:00:00+01:00,2264.014526251596
2027-03-27 21:00:00+01:00,2030.9347960831594
2027-03-27 22:00:00+01:00,1749.3617827401556
2027-03-27 23:00:00+01:00,1547.683891239106
2027-03-28 00:00:00+01:00,1367.2037745614898
2027-03-28 01:00:00+01:00,1314.648760920623
2027-03-28 03:00:00+02:00,1294.1362786022269
2027-03-28 04:00:00+02:00,1317.8748550894416
2027-03-28 05:00:00+02:00,1375.0507218806565
2027-03-28 06:00:00+02:00,1510.3808208036858
2027-03-28 07:00:00+02:00,1683.8312210357565
2027-03-28 08:00:00+02:00,1856.2427680558028
2027-03-28 09:00:00+02:00,1914.356669064345
2027-03-28 10:00:00+02:00,1891.9017331532154
2027-03-28 11:00:00+02:00,1831.5667009371987
2027-03-28 12:00:00+02:00,1791.460325623343
2027-03-28 13:00:00+02:00,1762.8126854389427
2027-03-28 14:00:00+02:00,1736.4069488884957
2027-03-28 15:00:00+02:00,1724.8825879544363
2027-03-28 16:00:00+02:00,1764.499651732385
2027-03-28 17:00:00+02:00,1867.6327475960522
2027-03-28 18:00:00+02:00,2043.348872420089
2027-03-28 19:00:00+02:00,2293.2882440924454
2027-03-28 20:00:00+02:00,2453.726224350258
2027-03-28 21:00:00+02:00,2409.5745214001504
2027-03-28 22:00:00+02:00,2128.5478361028427
2027-03-28 23:00:00+02:00,1796.2641144094598
2027-03-29 00:00:00+02:00,1788.0570935130456
2027-03-29 01:00:00+02:00,1651.7943892639769
2027-03-29 02:00:00+02:00,1539.452975611764
2027-03-29 03:00:00+02:00,1477.8185051325006
2027-03-29 04:00:00+02:00,1480.345460459127
2027-03-29 05:00:00+02:00,1523.3005613950227
2027-03-29 06:00:00+02:00,1694.8215659435043
2027-03-29 07:00:00+02:00,1927.3705613271914
2027-03-29 08:00:00+02:00,2138.7251006121282
2027-03-29 09:00:00+02:00,2237.0922969926783
2027-03-29 10:00:00+02:00,2240.9419707506854
2027-03-29 11:00:00+02:00,2201.993238409411
2027-03-29 12:00:00+02:00,2153.085113207365
2027-03-29 13:00:00+02:00,2119.225174578256
2027-03-29 14:00:00+02:00,2077.8290968885785
2027-03-29 15:00:00+02:00,2060.179283293723
2027-03-29 16:00:00+02:00,2080.3507690457836
2027-03-29 17:00:00+02:00,2166.1742338767863
2027-03-29 18:00:00+02:00,2362.9845623117144
2027-03-29 19:00:00+02:00,2702.771023846406
2027-03-29 20:00:00+02:00,2942.3333942523245
2027-03-29 21:00:00+02:00,2919.5063664903955
2027-03-29 22:00:00+02:00,2590.3430944451384
2027-03-29 23:00:00+02:00,2219.377011095102
2027-03-30 00:00:00+02:00,1922.6460324573377
2027-03-30 01:00:00+02:00,1737.6454994138737
2027-03-30 02:00:00+02:00,1623.9279002884275
2027-03-30 03:00:00+02:00,1562.5782714660581
2027-03-30 04:00:00+02:00,1542.2815033624584
2027-03-30 05:00:00+02:00,1587.5364268704964
2027-03-30 06:00:00+02:00,1753.945733115389
2027-03-30 07:00:00+02:00,1982.6308650100475
2027-03-30 08:00:00+02:00,2210.512712152145
2027-03-30 09:00:00+02:00,2317.512586148233
2027-03-30 10:00:00+02:00,2334.4637992938674
2027-03-30 11:00:00+02:00,2303.8569218980847
2027-03-30 12:00:00+02:00,2264.108517813413
2027-03-30 13:00:00+02:00,2222.364097548586
2027-03-30 14:00:00+02:00,2189.6347914780267
2027-03-30 15:00:00+02:00,2171.560915487022
2027-03-30 16:00:00+02:00,2187.0125279967797
2027-03-30 17:00:00+02:00,2224.7966095575307
2027-03-30 18:00:00+02:00,2306.8344271017877
2027-03-30 19:00:00+02:00,2528.2041434658854
2027-03-30 20:00:00+02:00,2690.626025315272
2027-03-30 21:00:00+02:00,2673.577565192942
2027-03-30 22:00:00+02:00,2349.191094515862
2027-03-30 23:00:00+02:00,1996.0018971531708
2027-03-31 00:00:00+02:00,1673.6617382849133
2027-03-31 01:00:00+02:00,1597.7828119274952
2027-03-31 02:00:00+02:00,1555.464940860544
2027-03-31 03:00:00+02:00,1564.7625210958358
2027-03-31 04:00:00+02:00,1648.7258506176229
2027-03-31 05:00:00+02:00,1858.8824833390536
2027-03-31 06:00:00+02:00,2144.2112019604588
2027-03-31 07:00:00+02:00,2374.0287320202287
2027-03-31 08:00:00+02:00,2468.5533951175125
2027-03-31 09:00:00+02:00,2436.2161574758065
2027-03-31 10:00:00+02:00,2354.9548134793413
2027-03-31 11:00:00+02:00,2265.449448211841
2027-03-31 12:00:00+02:00,2192.8414665323166
2027-03-31 13:00:00+02:00,2147.810337848437
2027-03-31 14:00:00+02:00,2122.824727216514
2027-03-31 15:00:00+02:00,2133.0243458713985
2027-03-31 16:00:00+02:00,2166.4506276480483
2027-03-31 17:00:00+02:00,2242.2106490575643
2027-03-31 18:00:00+02:00,2427.0432117919795
2027-03-31 19:00:00+02:00,2597.118834369566
2027-03-31 20:00:00+02:00,2600.293114417482
2027-03-31 21:00:00+02:00,2348.2187000426975
2027-03-31 22:00:00+02:00,2026.2795682176998
2027-03-31 23:00:00+02:00,1796.9569809198715
2027-04-01 00:00:00+02:00,1659.0911279469678
2027-04-01 01:00:00+02:00,1598.9346720858598
2027-04-01 02:00:00+02:00,1566.5563649868377
2027-04-01 03:00:00+02:00,1562.2978300419613
2027-04-01 04:00:00+02:00,1630.8006930606118
2027-04-01 05:00:00+02:00,1839.7702626473385
2027-04-01 06:00:00+02:00,2108.831119834279
2027-04-01 07:00:00+02:00,2347.3238769687273
2027-04-01 08:00:00+02:00,2408.895960240897
2027-04-01 09:00:00+02:00,2336.9727288575427
2027-04-01 10:00:00+02:00,2216.629935094493
2027-04-01 11:00:00+02:00,2136.9783124113264
2027-04-01 12:00:00+02:00,2102.812849778052
2027-04-01 13:00:00+02:00,2078.841742433696
2027-04-01 14:00:00+02:00,2059.7791260764166
2027-04-01 15:00:00+02:00,2072.311906009477
2027-04-01 16:00:00+02:00,2115.7873476882096
2027-04-01 17:00:00+02:00,2221.226528231207
2027-04-01 18:00:00+02:00,2463.5761535688653
2027-04-01 19:00:00+02:00,2703.014116302875
2027-04-01 20:00:00+02:00,2769.851575763886
2027-04-01 21:00:00+02:00,2539.99818605067
2027-04-01 22:00:00+02:00,2191.1857386609163
2027-04-01 23:00:00+02:00,1888.3168196797985
2027-04-02 00:00:00+02:00,1726.7795778201253
2027-04-02 01:00:00+02:00,1643.6028421891021
2027-04-02 02:00:00+02:00,1612.6885319635048
2027-04-02 03:00:00+02:00,1615.6787200191966
2027-04-02 04:00:00+02:00,1661.4715718328723
2027-04-02 05:00:00+02:00,1833.9806610674314
2027-04-02 06:00:00+02:00,2103.2525278513212
2027-04-02 07:00:00+02:00,2347.39302324549
2027-04-02 08:00:00+02:00,2444.0684592382704
2027-04-02 09:00:00+02:00,2378.6987892528678
2027-04-02 10:00:00+02:00,2282.121531420672
2027-04-02 11:00:00+02:00,2195.7261896014707
2027-04-02 12:00:00+02:00,2129.701437620974
2027-04-02 13:00:00+02:00,2065.244221539815
2027-04-02 14:00:00+02:00,2017.240510771853
2027-04-02 15:00:00+02:00,2010.8786302777673
2027-04-02 16:00:00+02:00,2041.6430021169538
2027-04-02 17:00:00+02:00,2140.2095106512534
2027-04-02 18:00:00+02:00,2401.1369938643616
2027-04-02 19:00:00+02:00,2659.4417016446637
2027-04-02 20:00:00+02:00,2720.4956379927476
2027-04-02 21:00:00+02:00,2479.614036215685
2027-04-02 22:00:00+02:00,2127.830360978292
2027-04-02 23:00:00+02:00,1865.1288542874672
2027-04-03 00:00:00+02:00,1490.3009668861691
2027-04-03 01:00:00+02:00,1441.4712974259874
2027-04-03 02:00:00+02:00,1434.8485985795646
2027-04-03 03:00:00+02:00,1453.633120698507
2027-04-03 04:00:00+02:00,1514.0553064003623
2027-04-03 05:00:00+02:00,1663.518650675378
2027-04-03 06:00:00+02:00,1875.4931917595097
2027-04-03 07:00:00+02:00,2065.727545363389
2027-04-03 08:00:00+02:00,2129.2031485527664
2027-04-03 09:00:00+02:00,2075.9344066046997
2027-04-03 10:00:00+02:00,1988.4786283003366
2027-04-03 11:00:00+02:00,1919.4939991861966
2027-04-03 12:00:00+02:00,1867.1908639570538
2027-04-03 13:00:00+02:00,1820.2683799109827
2027-04-03 14:00:00+02:00,1789.3454202232124
2027-04-03 15:00:00+02:00,1777.0176677935528
2027-04-03 16:00:00+02:00,1792.1926977941812
2027-04-03 17:00:00+02:00,1847.6493947828087
2027-04-03 18:00:00+02:00,2053.045978330598
2027-04-03 19:00:00+02:00,2274.0746658128114
2027-04-03 20:00:00+02:00,2349.0653821076917
2027-04-03 21:00:00+02:00,2176.1589293253837
2027-04-03 22:00:00+02:00,1911.1879681070868
2027-04-03 23:00:00+02:00,1707.3783797141834
2027-04-04 00:00:00+02:00,1517.7781012379587
2027-04-04 01:00:00+02:00,1445.1793105173126
2027-04-04 02:00:00+02:00,1413.440993275631
2027-04-04 03:00:00+02:00,1410.8377575566992
2027-04-04 04:00:00+02:00,1457.5881214035765
2027-04-04 05:00:00+02:00,1556.400664225663
2027-04-04 06:00:00+02:00,1719.7960123885944
2027-04-04 07:00:00+02:00,1872.7504859673193
2027-04-04 08:00:00+02:00,1958.420473530008
2027-04-04 09:00:00+02:00,1948.9505271257406
2027-04-04 10:00:00+02:00,1894.2229795455555
2027-04-04 11:00:00+02:00,1848.2861774495743
2027-04-04 12:00:00+02:00,1811.7028315811217
2027-04-04 13:00:00+02:00,1776.3785696323262
2027-04-04 14:00:00+02:00,1756.8196874955825
2027-04-04 15:00:00+02:00,1761.52095368222
2027-04-04 16:00:00+02:00,1810.1233387716254
2027-04-04 17:00:00+02:00,1894.1237109417948
2027-04-04 18:00:00+02:00,2098.4364400604813
2027-04-04 19:00:00+02:00,2279.648633046287
2027-04-04 20:00:00+02:00,2311.4856425288194
2027-04-04 21:00:00+02:00,2112.161121627039
2027-04-04 22:00:00+02:00,1820.8388547069558
2027-04-04 23:00:00+02:00,1602.0764732666225
2027-04-05 00:00:00+02:00,1758.7521068804824
2027-04-05 01:00:00+02:00,1688.8193997063274
2027-04-05 02:00:00+02:00,1660.370943517706
2027-04-05 03:00:00+02:00,1663.0666047171653
2027-04-05 04:00:00+02:00,1717.9395546044243
2027-04-05 05:00:00+02:00,1856.9230840480832
2027-04-05 06:00:00+02:00,2056.8745970343257
2027-04-05 07:00:00+02:00,2245.273299073297
2027-04-05 08:00:00+02:00,2314.132648405235
2027-04-05 09:00:00+02:00,2282.3392695237703
2027-04-05 10:00:00+02:00,2222.0930955881495
2027-04-05 11:00:00+02:00,2178.863722173203
2027-04-05 12:00:00+02:00,2136.962267948065
2027-04-05 13:00:00+02:00,2092.330307581149
2027-04-05 14:00:00+02:00,2056.845789992269
2027-04-05 15:00:00+02:00,2067.519001226246
2027-04-05 16:00:00+02:00,2124.4732622207493
2027-04-05 17:00:00+02:00,2277.028025957138
2027-04-05 18:00:00+02:00,2541.716281945389
2027-04-05 19:00:00+02:00,2779.0493516641695
2027-04-05 20:00:00+02:00,2826.3589349144995
2027-04-05 21:00:00+02:00,2608.0228254081044
2027-04-05 22:00:00+02:00,2261.916411699242
2027-04-05 23:00:00+02:00,1960.2738439695502
2027-04-06 00:00:00+02:00,1769.5436721953927
2027-04-06 01:00:00+02:00,1657.9146093062727
2027-04-06 02:00:00+02:00,1591.4742843566494
2027-04-06 03:00:00+02:00,1567.016907756303
2027-04-06 04:00:00+02:00,1611.75823747422
2027-04-06 05:00:00+02:00,1788.545524555954
2027-04-06 06:00:00+02:00,2045.4508158675883
2027-04-06 07:00:00+02:00,2283.3807339274986
2027-04-06 08:00:00+02:00,2371.500337992907
2027-04-06 09:00:00+02:00,2348.07795085468
2027-04-06 10:00:00+02:00,2303.632077311975
2027-04-06 11:00:00+02:00,2282.9171645169386
2027-04-06 12:00:00+02:00,2265.4765393927637
2027-04-06 13:00:00+02:00,2222.358929337813
2027-04-06 14:00:00+02:00,2183.142016338129
2027-04-06 15:00:00+02:00,2177.813225435865
2027-04-06 16:00:00+02:00,2233.5505570897712
2027-04-06 17:00:00+02:00,2354.9219794410105
2027-04-06 18:00:00+02:00,2596.8094665341528
2027-04-06 19:00:00+02:00,2793.854164519914
2027-04-06 20:00:00+02:00,2801.775024211457
2027-04-06 21:00:00+02:00,2535.531950190918
2027-04-06 22:00:00+02:00,2169.1245868756478
2027-04-06 23:00:00+02:00,1878.0141780155718
2027-04-07 00:00:00+02:00,1669.3937979024713
2027-04-07 01:00:00+02:00,1584.3854199999819
2027-04-07 02:00:00+02:00,1557.4125713906903
2027-04-07 03:00:00+02:00,1583.3974420212535
2027-04-07 04:00:00+02:00,1647.6279270502303
2027-04-07 05:00:00+02:00,1832.3596262774913
2027-04-07 06:00:00+02:00,2089.458353289701
2027-04-07 07:00:00+02:00,2332.7777829100055
2027-04-07 08:00:00+02:00,2433.056137305712
2027-04-07 09:00:00+02:00,2392.357316098475
2027-04-07 10:00:00+02:00,2318.3909358646333
2027-04-07 11:00:00+02:00,2251.8832637792552
2027-04-07 12:00:00+02:00,2218.1183577970323
2027-04-07 13:00:00+02:00,2178.786674664715
2027-04-07 14:00:00+02:00,2149.539888511878
2027-04-07 15:00:00+02:00,2156.43739683411
2027-04-07 16:00:00+02:00,2217.53554645174
2027-04-07 17:00:00+02:00,2347.156327011676
2027-04-07 18:00:00+02:00,2584.9211238483085
2027-04-07 19:00:00+02:00,2797.876622786063
2027-04-07 20:00:00+02:00,2817.998509347919
2027-04-07 21:00:00+02:00,2577.7998012301296
2027-04-07 22:00:00+02:00,2225.422675581635
2027-04-07 23:00:00+02:00,1921.4065788979003
2027-04-08 00:00:00+02:00,1772.8326788848753
2027-04-08 01:00:00+02:00,1676.8835911186331
2027-04-08 02:00:00+02:00,1658.594094660108
2027-04-08 03:00:00+02:00,1671.1416474097111
2027-04-08 04:00:00+02:00,1723.699790929541
2027-04-08 05:00:00+02:00,1865.85024313668
2027-04-08 06:00:00+02:00,2074.142731464883
2027-04-08 07:00:00+02:00,2299.0655970235202
2027-04-08 08:00:00+02:00,2410.2868658740235
2027-04-08 09:00:00+02:00,2389.2937032769887
2027-04-08 10:00:00+02:00,2298.6731886953557
2027-04-08 11:00:00+02:00,2214.1773873287175
2027-04-08 12:00:00+02:00,2155.479714281341
2027-04-08 13:00:00+02:00,2106.9245973533043
2027-04-08 14:00:00+02:00,2084.4649773975184
2027-04-08 15:00:00+02:00,2114.602234178411
2027-04-08 16:00:00+02:00,2189.0788877659265
2027-04-08 17:00:00+02:00,2306.8338342661414
2027-04-08 18:00:00+02:00,2532.187199792657
2027-04-08 19:00:00+02:00,2737.6890803628885
2027-04-08 20:00:00+02:00,2801.6582741330217
2027-04-08 21:00:00+02:00,2598.552306976702
2027-04-08 22:00:00+02:00,2273.5796537600568
2027-04-08 23:00:00+02:00,1964.9922702970648
2027-04-09 00:00:00+02:00,1721.8630212099174
2027-04-09 01:00:00+02:00,1620.0404789237894
2027-04-09 02:00:00+02:00,1589.341308527679
2027-04-09 03:00:00+02:00,1611.770969076195
2027-04-09 04:00:00+02:00,1682.155501308934
2027-04-09 05:00:00+02:00,1868.9002005257237
2027-04-09 06:00:00+02:00,2104.9289566459042
2027-04-09 07:00:00+02:00,2344.4720807547865
2027-04-09 08:00:00+02:00,2452.4702079776184
2027-04-09 09:00:00+02:00,2454.520433489223
2027-04-09 10:00:00+02:00,2403.138857152314
2027-04-09 11:00:00+02:00,2341.2429636571114
2027-04-09 12:00:00+02:00,2274.252528840821
2027-04-09 13:00:00+02:00,2207.4638521387837
2027-04-09 14:00:00+02:00,2160.280843282933
2027-04-09 15:00:00+02:00,2146.372626999714
2027-04-09 16:00:00+02:00,2185.4256959882437
2027-04-09 17:00:00+02:00,2265.7735635001627
2027-04-09 18:00:00+02:00,2485.2953483443102
2027-04-09 19:00:00+02:00,2685.374152435929
2027-04-09 20:00:00+02:00,2731.5476628989422
2027-04-09 21:00:00+02:00,2488.9232488996413
2027-04-09 22:00:00+02:00,2154.6663964753243
2027-04-09 23:00:00+02:00,1884.6653049490733
2027-04-10 00:00:00+02:00,1531.642012100842
2027-04-10 01:00:00+02:00,1450.6174588850954
2027-04-10 02:00:00+02:00,1420.4761791900257
2027-04-10 03:00:00+02:00,1425.8740631523328
2027-04-10 04:00:00+02:00,1478.7122495255787
2027-04-10 05:00:00+02:00,1623.7449331704506
2027-04-10 06:00:00+02:00,1831.3470906857253
2027-04-10 07:00:00+02:00,2035.575051233348
2027-04-10 08:00:00+02:00,2129.6068580603815
2027-04-10 09:00:00+02:00,2127.6758514216485
2027-04-10 10:00:00+02:00,2074.637725902408
2027-04-10 11:00:00+02:00,2037.2118624743728
2027-04-10 12:00:00+02:00,2004.9768848588842
2027-04-10 13:00:00+02:00,1973.4498669987238
2027-04-10 14:00:00+02:00,1936.3644221615486
2027-04-10 15:00:00+02:00,1925.3345287883842
2027-04-10 16:00:00+02:00,1948.184375866661
2027-04-10 17:00:00+02:00,2028.8039199542654
2027-04-10 18:00:00+02:00,2193.536515307078
2027-04-10 19:00:00+02:00,2375.4668101961524
2027-04-10 20:00:00+02:00,2405.827785786749
2027-04-10 21:00:00+02:00,2229.2297709688046
2027-04-10 22:00:00+02:00,1944.223968391698
2027-04-10 23:00:00+02:00,1698.6814403330711
2027-04-11 00:00:00+02:00,1485.2273435176735
2027-04-11 01:00:00+02:00,1403.3178584132963
2027-04-11 02:00:00+02:00,1365.8187672352549
2027-04-11 03:00:00+02:00,1348.2496819184414
2027-04-11 04:00:00+02:00,1373.5575302282725
2027-04-11 05:00:00+02:00,1521.1347886389856
2027-04-11 06:00:00+02:00,1751.5821217466746
2027-04-11 07:00:00+02:00,1968.1009644784867
2027-04-11 08:00:00+02:00,2073.873969501043
2027-04-11 09:00:00+02:00,2084.1510234975203
2027-04-11 10:00:00+02:00,2064.868808048632
2027-04-11 11:00:00+02:00,2026.604508220524
2027-04-11 12:00:00+02:00,1979.5620668613058
2027-04-11 13:00:00+02:00,1916.370935886545
2027-04-11 14:00:00+02:00,1870.8893729903118
2027-04-11 15:00:00+02:00,1855.7158703242328
2027-04-11 16:00:00+02:00,1883.6181804442479
2027-04-11 17:00:00+02:00,1950.5413270033919
2027-04-11 18:00:00+02:00,2128.502422822403
2027-04-11 19:00:00+02:00,2324.2385903160325
2027-04-11 20:00:00+02:00,2374.83245439944
2027-04-11 21:00:00+02:00,2194.9389451425423
2027-04-11 22:00:00+02:00,1896.1744199979055
2027-04-11 23:00:00+02:00,1648.9665376878997
2027-04-12 00:00:00+02:00,1757.694082781283
2027-04-12 01:00:00+02:00,1614.930279680048
2027-04-12 02:00:00+02:00,1539.120097350941
2027-04-12 03:00:00+02:00,1541.1550552974468
2027-04-12 04:00:00+02:00,1628.1532232588095
2027-04-12 05:00:00+02:00,1814.8213489315133
2027-04-12 06:00:00+02:00,2056.808576729355
2027-04-12 07:00:00+02:00,2286.0010362518715
2027-04-12 08:00:00+02:00,2416.9400505109347
2027-04-12 09:00:00+02:00,2449.4965883224095
2027-04-12 10:00:00+02:00,2423.117079836798
2027-04-12 11:00:00+02:00,2384.411312029191
2027-04-12 12:00:00+02:00,2332.9031683584385
2027-04-12 13:00:00+02:00,2268.142033265016
2027-04-12 14:00:00+02:00,2204.9063281790995
2027-04-12 15:00:00+02:00,2184.1077227546384
2027-04-12 16:00:00+02:00,2245.121668551986
2027-04-12 17:00:00+02:00,2376.393742410821
2027-04-12 18:00:00+02:00,2602.9199862836103
2027-04-12 19:00:00+02:00,2821.519193148729
2027-04-12 20:00:00+02:00,2868.4454200785626
2027-04-12 21:00:00+02:00,2643.8849939311685
2027-04-12 22:00:00+02:00,2286.984299898178
2027-04-12 23:00:00+02:00,1976.2196747149526
2027-04-13 00:00:00+02:00,1830.4568877019708
2027-04-13 01:00:00+02:00,1693.9965389260226
2027-04-13 02:00:00+02:00,1610.493431548354
2027-04-13 03:00:00+02:00,1589.0826086366494
2027-04-13 04:00:00+02:00,1617.623095229805
2027-04-13 05:00:00+02:00,1769.5681678775006
2027-04-13 06:00:00+02:00,2027.6104837169664
2027-04-13 07:00:00+02:00,2305.9693851839716
2027-04-13 08:00:00+02:00,2477.884965547519
2027-04-13 09:00:00+02:00,2489.2357432508998
2027-04-13 10:00:00+02:00,2443.2686348890566
2027-04-13 11:00:00+02:00,2376.9576456871237
2027-04-13 12:00:00+02:00,2310.6879324532565
2027-04-13 13:00:00+02:00,2255.6358250599706
2027-04-13 14:00:00+02:00,2212.440972576729
2027-04-13 15:00:00+02:00,2211.019650430861
2027-04-13 16:00:00+02:00,2251.583719509429
2027-04-13 17:00:00+02:00,2340.2647221765715
2027-04-13 18:00:00+02:00,2564.2168222421355
2027-04-13 19:00:00+02:00,2802.671470514927
2027-04-13 20:00:00+02:00,2880.3858924031683
2027-04-13 21:00:00+02:00,2682.8298798054466
2027-04-13 22:00:00+02:00,2325.879693823759
2027-04-13 23:00:00+02:00,2017.824255576531
2027-04-14 00:00:00+02:00,1772.4236807776176
2027-04-14 01:00:00+02:00,1672.225384287083
2027-04-14 02:00:00+02:00,1630.8220315075832
2027-04-14 03:00:00+02:00,1630.8672300724465
2027-04-14 04:00:00+02:00,1692.0323423120665
2027-04-14 05:00:00+02:00,1887.6228254606297
2027-04-14 06:00:00+02:00,2199.9017961347863
2027-04-14 07:00:00+02:00,2507.529427236458
2027-04-14 08:00:00+02:00,2662.6212331703978
2027-04-14 09:00:00+02:00,2656.0617063667237
2027-04-14 10:00:00+02:00,2580.416355895222
2027-04-14 11:00:00+02:00,2503.2895523697534
2027-04-14 12:00:00+02:00,2434.147974043066
2027-04-14 13:00:00+02:00,2342.7884720643265
2027-04-14 14:00:00+02:00,2252.2725966423172
2027-04-14 15:00:00+02:00,2170.3296838767915
2027-04-14 16:00:00+02:00,2146.8172183855795
2027-04-14 17:00:00+02:00,2237.9791598780184
2027-04-14 18:00:00+02:00,2464.8093107397845
2027-04-14 19:00:00+02:00,2659.964739059272
2027-04-14 20:00:00+02:00,2660.0089311031197
2027-04-14 21:00:00+02:00,2413.96286635697
2027-04-14 22:00:00+02:00,2109.9822368528544
2027-04-14 23:00:00+02:00,1897.2246652393746
2027-04-15 00:00:00+02:00,1779.1665889476553
2027-04-15 01:00:00+02:00,1736.7251541283215
2027-04-15 02:00:00+02:00,1712.3164018535151
2027-04-15 03:00:00+02:00,1694.4733364008143
2027-04-15 04:00:00+02:00,1729.9309094481725
2027-04-15 05:00:00+02:00,1889.626993818007
2027-04-15 06:00:00+02:00,2143.4551112795757
2027-04-15 07:00:00+02:00,2403.3046118815696
2027-04-15 08:00:00+02:00,2520.9841028889955
2027-04-15 09:00:00+02:00,2510.487919015387
2027-04-15 10:00:00+02:00,2428.2731599558474
2027-04-15 11:00:00+02:00,2335.0345094022387
2027-04-15 12:00:00+02:00,2252.5707695938613
2027-04-15 13:00:00+02:00,2171.252201330574
2027-04-15 14:00:00+02:00,2115.849905016873
2027-04-15 15:00:00+02:00,2126.550218020815
2027-04-15 16:00:00+02:00,2206.9363907015427
2027-04-15 17:00:00+02:00,2335.022062304179
2027-04-15 18:00:00+02:00,2544.8969171652097
2027-04-15 19:00:00+02:00,2744.8437293378624
2027-04-15 20:00:00+02:00,2804.267679678907
2027-04-15 21:00:00+02:00,2618.1782275769765
2027-04-15 22:00:00+02:00,2315.2982000665215
2027-04-15 23:00:00+02:00,2055.5691583066373
2027-04-16 00:00:00+02:00,1874.4287815455484
2027-04-16 01:00:00+02:00,1754.244802992656
2027-04-16 02:00:00+02:00,1683.282957823941
2027-04-16 03:00:00+02:00,1684.0784441994092
2027-04-16 04:00:00+02:00,1717.5913143035682
2027-04-16 05:00:00+02:00,1859.1174843460967
2027-04-16 06:00:00+02:00,2081.942752425369
2027-04-16 07:00:00+02:00,2320.730044878353
2027-04-16 08:00:00+02:00,2420.85616075422
2027-04-16 09:00:00+02:00,2390.4015357612852
2027-04-16 10:00:00+02:00,2328.1816670443077
2027-04-16 11:00:00+02:00,2263.3650118951664
2027-04-16 12:00:00+02:00,2215.7041982206097
2027-04-16 13:00:00+02:00,2154.128804577034
2027-04-16 14:00:00+02:00,2132.2390213866465
2027-04-16 15:00:00+02:00,2161.0737290970474
2027-04-16 16:00:00+02:00,2244.2531555997693
2027-04-16 17:00:00+02:00,2364.792087690361
2027-04-16 18:00:00+02:00,2560.3292362312923
2027-04-16 19:00:00+02:00,2769.244643061105
2027-04-16 20:00:00+02:00,2856.9087860453064
2027-04-16 21:00:00+02:00,2687.3242251842844
2027-04-16 22:00:00+02:00,2370.4630589670073
2027-04-16 23:00:00+02:00,2056.997290880615
2027-04-17 00:00:00+02:00,1646.0356384494698
2027-04-17 01:00:00+02:00,1553.3981130069692
2027-04-17 02:00:00+02:00,1520.6805040084375
2027-04-17 03:00:00+02:00,1518.325380504308
2027-04-17 04:00:00+02:00,1544.1950676967617
2027-04-17 05:00:00+02:00,1663.1741291325054
2027-04-17 06:00:00+02:00,1851.0798945868532
2027-04-17 07:00:00+02:00,2034.2507523725128
2027-04-17 08:00:00+02:00,2122.6417389334224
2027-04-17 09:00:00+02:00,2112.0046107039434
2027-04-17 10:00:00+02:00,2070.709413495145
2027-04-17 11:00:00+02:00,2029.186925784596
2027-04-17 12:00:00+02:00,2003.2016970188504
2027-04-17 13:00:00+02:00,1988.3325509991205
2027-04-17 14:00:00+02:00,1984.017638900105
2027-04-17 15:00:00+02:00,1995.7898535578468
2027-04-17 16:00:00+02:00,2011.9860890064747
2027-04-17 17:00:00+02:00,2033.917156768015
2027-04-17 18:00:00+02:00,2155.8318099985263
2027-04-17 19:00:00+02:00,2344.049991878198
2027-04-17 20:00:00+02:00,2438.0104928555484
2027-04-17 21:00:00+02:00,2314.051474798789
2027-04-17 22:00:00+02:00,2048.2539814381903
2027-04-17 23:00:00+02:00,1822.549508138145
2027-04-18 00:00:00+02:00,1595.9525571322608
2027-04-18 01:00:00+02:00,1482.1373743202762
2027-04-18 02:00:00+02:00,1406.6537168457212
2027-04-18 03:00:00+02:00,1402.2775773530004
2027-04-18 04:00:00+02:00,1448.3462716177296
2027-04-18 05:00:00+02:00,1597.892270284252
2027-04-18 06:00:00+02:00,1799.560338515054
2027-04-18 07:00:00+02:00,1992.1786191031479
2027-04-18 08:00:00+02:00,2078.8947181322283
2027-04-18 09:00:00+02:00,2089.7861574509907
2027-04-18 10:00:00+02:00,2071.0974122105986
2027-04-18 11:00:00+02:00,2044.3177615327172
2027-04-18 12:00:00+02:00,1996.0002282346961
2027-04-18 13:00:00+02:00,1934.961627629715
2027-04-18 14:00:00+02:00,1878.189030541471
2027-04-18 15:00:00+02:00,1860.1853176083848
2027-04-18 16:00:00+02:00,1900.2420152995958
2027-04-18 17:00:00+02:00,1992.2061679129217
2027-04-18 18:00:00+02:00,2153.6114609601896
2027-04-18 19:00:00+02:00,2332.842233128055
2027-04-18 20:00:00+02:00,2375.951222319002
2027-04-18 21:00:00+02:00,2229.5535711545867
2027-04-18 22:00:00+02:00,1958.8612973302008
2027-04-18 23:00:00+02:00,1747.6707661158682
2027-04-19 00:00:00+02:00,1913.8590050491614
2027-04-19 01:00:00+02:00,1833.2212072953303
2027-04-19 02:00:00+02:00,1785.0256802152903
2027-04-19 03:00:00+02:00,1773.2035745193996
2027-04-19 04:00:00+02:00,1770.8555273963982
2027-04-19 05:00:00+02:00,1869.8584334231123
2027-04-19 06:00:00+02:00,2039.115581517716
2027-04-19 07:00:00+02:00,2244.3835027133696
2027-04-19 08:00:00+02:00,2354.75888607588
2027-04-19 09:00:00+02:00,2376.478370604287
2027-04-19 10:00:00+02:00,2347.051521791855
2027-04-19 11:00:00+02:00,2320.733285423162
2027-04-19 12:00:00+02:00,2288.341693358612
2027-04-19 13:00:00+02:00,2247.5728661841017
2027-04-19 14:00:00+02:00,2233.9040394938147
2027-04-19 15:00:00+02:00,2259.083008092969
2027-04-19 16:00:00+02:00,2341.844908639795
2027-04-19 17:00:00+02:00,2434.156908195827
2027-04-19 18:00:00+02:00,2602.54277025946
2027-04-19 19:00:00+02:00,2785.931243321764
2027-04-19 20:00:00+02:00,2798.9675667665074
2027-04-19 21:00:00+02:00,2622.0733840545076
2027-04-19 22:00:00+02:00,2295.8638316582774
2027-04-19 23:00:00+02:00,2012.8653322150885
2027-04-20 00:00:00+02:00,1832.2176201786008
2027-04-20 01:00:00+02:00,1694.8063781939752
2027-04-20 02:00:00+02:00,1663.443197231795
2027-04-20 03:00:00+02:00,1704.1837030244462
2027-04-20 04:00:00+02:00,1806.8398866721454
2027-04-20 05:00:00+02:00,2009.4443831109295
2027-04-20 06:00:00+02:00,2201.8921993540116
2027-04-20 07:00:00+02:00,2380.1366695201896
2027-04-20 08:00:00+02:00,2426.2798597356
2027-04-20 09:00:00+02:00,2390.1912890294957
2027-04-20 10:00:00+02:00,2310.9365600615806
2027-04-20 11:00:00+02:00,2268.3014022591633
2027-04-20 12:00:00+02:00,2253.935307404686
2027-04-20 13:00:00+02:00,2236.2194618930757
2027-04-20 14:00:00+02:00,2180.339291714558
2027-04-20 15:00:00+02:00,2160.4701478701472
2027-04-20 16:00:00+02:00,2207.4800363733552
2027-04-20 17:00:00+02:00,2376.1050133111435
2027-04-20 18:00:00+02:00,2620.4049008319716
2027-04-20 19:00:00+02:00,2883.113126574895
2027-04-20 20:00:00+02:00,2941.0437301310803
2027-04-20 21:00:00+02:00,2755.9427565089723
2027-04-20 22:00:00+02:00,2401.7747444223946
2027-04-20 23:00:00+02:00,2084.660967028487
2027-04-21 00:00:00+02:00,1830.577516338069
2027-04-21 01:00:00+02:00,1716.0241252895712
2027-04-21 02:00:00+02:00,1666.339194577766
2027-04-21 03:00:00+02:00,1670.3005449034292
2027-04-21 04:00:00+02:00,1699.3016126731522
2027-04-21 05:00:00+02:00,1868.4866689097678
2027-04-21 06:00:00+02:00,2152.0150535402445
2027-04-21 07:00:00+02:00,2449.7826627764953
2027-04-21 08:00:00+02:00,2578.3111396910845
2027-04-21 09:00:00+02:00,2532.591543798419
2027-04-21 10:00:00+02:00,2445.596255197332
2027-04-21 11:00:00+02:00,2389.0562611273754
2027-04-21 12:00:00+02:00,2352.593932532544
2027-04-21 13:00:00+02:00,2318.261290834697
2027-04-21 14:00:00+02:00,2277.3355163955757
2027-04-21 15:00:00+02:00,2259.3043858977117
2027-04-21 16:00:00+02:00,2275.4064837926444
2027-04-21 17:00:00+02:00,2322.948639292926
2027-04-21 18:00:00+02:00,2473.7694778773403
2027-04-21 19:00:00+02:00,2702.5134252356793
2027-04-21 20:00:00+02:00,2785.1401221996966
2027-04-21 21:00:00+02:00,2636.1253664063447
2027-04-21 22:00:00+02:00,2295.463653399785
2027-04-21 23:00:00+02:00,2008.8048327876306
2027-04-22 00:00:00+02:00,1856.5530057827891
2027-04-22 01:00:00+02:00,1747.205227279343
2027-04-22 02:00:00+02:00,1704.5834714223015
2027-04-22 03:00:00+02:00,1701.2747913659364
2027-04-22 04:00:00+02:00,1751.1340023585128
2027-04-22 05:00:00+02:00,1909.594365513118
2027-04-22 06:00:00+02:00,2146.528176026596
2027-04-22 07:00:00+02:00,2383.61490636732
2027-04-22 08:00:00+02:00,2490.357985286578
2027-04-22 09:00:00+02:00,2501.7602623918233
2027-04-22 10:00:00+02:00,2474.3137269397193
2027-04-22 11:00:00+02:00,2451.146283260142
2027-04-22 12:00:00+02:00,2393.8568476876785
2027-04-22 13:00:00+02:00,2313.8670022946317
2027-04-22 14:00:00+02:00,2226.3755915066217
2027-04-22 15:00:00+02:00,2173.4523938398675
2027-04-22 16:00:00+02:00,2162.055142430254
2027-04-22 17:00:00+02:00,2239.9085401829393
2027-04-22 18:00:00+02:00,2445.5336452673373
2027-04-22 19:00:00+02:00,2716.282466588853
2027-04-22 20:00:00+02:00,2827.8420081079134
2027-04-22 21:00:00+02:00,2679.0200689695343
2027-04-22 22:00:00+02:00,2337.633576265426
2027-04-22 23:00:00+02:00,2039.3320157186058
2027-04-23 00:00:00+02:00,1833.3615347355546
2027-04-23 01:00:00+02:00,1747.570249497322
2027-04-23 02:00:00+02:00,1712.75519830573
2027-04-23 03:00:00+02:00,1716.2630079493788
2027-04-23 04:00:00+02:00,1775.3553952500479
2027-04-23 05:00:00+02:00,1946.0991785693607
2027-04-23 06:00:00+02:00,2185.550372659756
2027-04-23 07:00:00+02:00,2417.222828236906
2027-04-23 08:00:00+02:00,2523.076745828461
2027-04-23 09:00:00+02:00,2522.744973411556
2027-04-23 10:00:00+02:00,2482.5618349973724
2027-04-23 11:00:00+02:00,2442.2925207176568
2027-04-23 12:00:00+02:00,2397.0772492855267
2027-04-23 13:00:00+02:00,2326.77852490863
2027-04-23 14:00:00+02:00,2270.0878986586545
2027-04-23 15:00:00+02:00,2232.931814125245
2027-04-23 16:00:00+02:00,2230.46705798872
2027-04-23 17:00:00+02:00,2272.7084227946366
2027-04-23 18:00:00+02:00,2413.6415123887436
2027-04-23 19:00:00+02:00,2632.7365604199576
2027-04-23 20:00:00+02:00,2699.939728153572
2027-04-23 21:00:00+02:00,2537.051673752928
2027-04-23 22:00:00+02:00,2206.082587396598
2027-04-23 23:00:00+02:00,1961.7655913330718
2027-04-24 00:00:00+02:00,1635.1348122917893
2027-04-24 01:00:00+02:00,1608.953415769946
2027-04-24 02:00:00+02:00,1604.1783757603216
2027-04-24 03:00:00+02:00,1632.1653039952762
2027-04-24 04:00:00+02:00,1661.4449160536915
2027-04-24 05:00:00+02:00,1769.8905788923346
2027-04-24 06:00:00+02:00,1914.161642564661
2027-04-24 07:00:00+02:00,2077.2131793785693
2027-04-24 08:00:00+02:00,2167.7556051839383
2027-04-24 09:00:00+02:00,2182.0028524955883
2027-04-24 10:00:00+02:00,2159.962542750116
2027-04-24 11:00:00+02:00,2116.0488445969922
2027-04-24 12:00:00+02:00,2064.0790397158985
2027-04-24 13:00:00+02:00,1999.4533512478881
2027-04-24 14:00:00+02:00,1939.3539666201004
2027-04-24 15:00:00+02:00,1925.3161937478515
2027-04-24 16:00:00+02:00,1954.9623136938922
2027-04-24 17:00:00+02:00,2031.1205701138697
2027-04-24 18:00:00+02:00,2166.870233949705
2027-04-24 19:00:00+02:00,2346.902244536133
2027-04-24 20:00:00+02:00,2411.703617424845
2027-04-24 21:00:00+02:00,2282.756022836021
2027-04-24 22:00:00+02:00,2005.6100941714512
2027-04-24 23:00:00+02:00,1761.7368570407898
2027-04-25 00:00:00+02:00,1550.5913840846883
2027-04-25 01:00:00+02:00,1482.9288705189067
2027-04-25 02:00:00+02:00,1460.7141914599868
2027-04-25 03:00:00+02:00,1468.253981066878
2027-04-25 04:00:00+02:00,1506.1160593653249
2027-04-25 05:00:00+02:00,1646.7823705957187
2027-04-25 06:00:00+02:00,1842.7427662001712
2027-04-25 07:00:00+02:00,2052.8362846032655
2027-04-25 08:00:00+02:00,2152.7548350607676
2027-04-25 09:00:00+02:00,2156.065378642254
2027-04-25 10:00:00+02:00,2116.0147018905996
2027-04-25 11:00:00+02:00,2060.9231643120124
2027-04-25 12:00:00+02:00,2014.6941160418419
2027-04-25 13:00:00+02:00,1965.7230417670442
2027-04-25 14:00:00+02:00,1935.5526398333177
2027-04-25 15:00:00+02:00,1940.334601769868
2027-04-25 16:00:00+02:00,1977.0433877149835
2027-04-25 17:00:00+02:00,2036.4071718658124
2027-04-25 18:00:00+02:00,2129.927259354566
2027-04-25 19:00:00+02:00,2289.1313824482063
2027-04-25 20:00:00+02:00,2339.664577806066
2027-04-25 21:00:00+02:00,2213.2816441473583
2027-04-25 22:00:00+02:00,1927.0429870186065
2027-04-25 23:00:00+02:00,1677.967886746355
2027-04-26 00:00:00+02:00,1854.7532326304408
2027-04-26 01:00:00+02:00,1767.092348156876
2027-04-26 02:00:00+02:00,1715.6676725726895
2027-04-26 03:00:00+02:00,1701.8800677137663
2027-04-26 04:00:00+02:00,1737.9084958275619
2027-04-26 05:00:00+02:00,1920.187966768426
2027-04-26 06:00:00+02:00,2142.9891565907737
2027-04-26 07:00:00+02:00,2342.3003188907087
2027-04-26 08:00:00+02:00,2420.853945511003
2027-04-26 09:00:00+02:00,2448.5998508581897
2027-04-26 10:00:00+02:00,2457.253146235524
2027-04-26 11:00:00+02:00,2473.1021111616897
2027-04-26 12:00:00+02:00,2458.4427749284027
2027-04-26 13:00:00+02:00,2426.76286516453
2027-04-26 14:00:00+02:00,2374.370579305799
2027-04-26 15:00:00+02:00,2360.2344548214123
2027-04-26 16:00:00+02:00,2370.3300871945953
2027-04-26 17:00:00+02:00,2420.7586749817824
2027-04-26 18:00:00+02:00,2541.9856648382324
2027-04-26 19:00:00+02:00,2743.397659246831
2027-04-26 20:00:00+02:00,2814.1582352240434
2027-04-26 21:00:00+02:00,2674.342792894329
2027-04-26 22:00:00+02:00,2343.2458194414226
2027-04-26 23:00:00+02:00,2063.4693514345126
2027-04-27 00:00:00+02:00,1906.8831573857226
2027-04-27 01:00:00+02:00,1848.706402493864
2027-04-27 02:00:00+02:00,1847.9351696270933
2027-04-27 03:00:00+02:00,1844.1981276394472
2027-04-27 04:00:00+02:00,1869.0782122007597
2027-04-27 05:00:00+02:00,1991.5571560550015
2027-04-27 06:00:00+02:00,2201.373330540927
2027-04-27 07:00:00+02:00,2425.734531778509
2027-04-27 08:00:00+02:00,2543.999743607315
2027-04-27 09:00:00+02:00,2560.598439713447
2027-04-27 10:00:00+02:00,2530.451663134666
2027-04-27 11:00:00+02:00,2487.8138085309065
2027-04-27 12:00:00+02:00,2442.982919397179
2027-04-27 13:00:00+02:00,2379.340641817634
2027-04-27 14:00:00+02:00,2308.1079868463526
2027-04-27 15:00:00+02:00,2261.4696880603938
2027-04-27 16:00:00+02:00,2262.288189738038
2027-04-27 17:00:00+02:00,2323.968655536338
2027-04-27 18:00:00+02:00,2474.171598351165
2027-04-27 19:00:00+02:00,2711.4237842182315
2027-04-27 20:00:00+02:00,2784.824672347052
2027-04-27 21:00:00+02:00,2624.9071262062466
2027-04-27 22:00:00+02:00,2271.4575124641647
2027-04-27 23:00:00+02:00,2010.7190235245089
2027-04-28 00:00:00+02:00,1853.228725590556
2027-04-28 01:00:00+02:00,1806.5085733573278
2027-04-28 02:00:00+02:00,1796.164111626737
2027-04-28 03:00:00+02:00,1821.6754773256644
2027-04-28 04:00:00+02:00,1850.0756060140989
2027-04-28 05:00:00+02:00,1989.2137581438333
2027-04-28 06:00:00+02:00,2197.454967477509
2027-04-28 07:00:00+02:00,2428.013739743
2027-04-28 08:00:00+02:00,2522.5552113977865
2027-04-28 09:00:00+02:00,2504.9884336309556
2027-04-28 10:00:00+02:00,2439.5301940123177
2027-04-28 11:00:00+02:00,2395.274097123936
2027-04-28 12:00:00+02:00,2359.9306452482006
2027-04-28 13:00:00+02:00,2337.2467571051175
2027-04-28 14:00:00+02:00,2317.7050968859653
2027-04-28 15:00:00+02:00,2324.0274081563457
2027-04-28 16:00:00+02:00,2367.8015523023623
2027-04-28 17:00:00+02:00,2434.214338596008
2027-04-28 18:00:00+02:00,2566.5702009709717
2027-04-28 19:00:00+02:00,2759.5018396424443
2027-04-28 20:00:00+02:00,2827.903709364182
2027-04-28 21:00:00+02:00,2658.318732591529
2027-04-28 22:00:00+02:00,2315.0333580962774
2027-04-28 23:00:00+02:00,2010.262268382907
2027-04-29 00:00:00+02:00,1829.9833195421966
2027-04-29 01:00:00+02:00,1752.5184200183596
2027-04-29 02:00:00+02:00,1729.7549681913265
2027-04-29 03:00:00+02:00,1733.5490733153915
2027-04-29 04:00:00+02:00,1748.3312962613902
2027-04-29 05:00:00+02:00,1899.285332382092
2027-04-29 06:00:00+02:00,2116.6358933750407
2027-04-29 07:00:00+02:00,2369.4439254807726
2027-04-29 08:00:00+02:00,2484.207590486446
2027-04-29 09:00:00+02:00,2508.6356560540744
2027-04-29 10:00:00+02:00,2476.9216863615984
2027-04-29 11:00:00+02:00,2453.359466481102
2027-04-29 12:00:00+02:00,2427.8659081247874
2027-04-29 13:00:00+02:00,2398.6121021158337
2027-04-29 14:00:00+02:00,2361.683868661605
2027-04-29 15:00:00+02:00,2331.6258113420586
2027-04-29 16:00:00+02:00,2314.0978588765993
2027-04-29 17:00:00+02:00,2327.3632153587832
2027-04-29 18:00:00+02:00,2459.336206609491
2027-04-29 19:00:00+02:00,2693.718751371592
2027-04-29 20:00:00+02:00,2843.3815222876256
2027-04-29 21:00:00+02:00,2719.541509454469
2027-04-29 22:00:00+02:00,2393.8935055105167
2027-04-29 23:00:00+02:00,2051.1123703877197
2027-04-30 00:00:00+02:00,1834.115079002376
2027-04-30 01:00:00+02:00,1729.7528319796083
2027-04-30 02:00:00+02:00,1687.6704575319807
2027-04-30 03:00:00+02:00,1669.1039292403373
2027-04-30 04:00:00+02:00,1669.1881259642196
2027-04-30 05:00:00+02:00,1787.4185694045668
2027-04-30 06:00:00+02:00,2001.6184674073143
2027-04-30 07:00:00+02:00,2247.8561331335763
2027-04-30 08:00:00+02:00,2383.8110911285503
2027-04-30 09:00:00+02:00,2411.6064095113716
2027-04-30 10:00:00+02:00,2388.719929536858
2027-04-30 11:00:00+02:00,2354.4926139778295
2027-04-30 12:00:00+02:00,2302.7358961362293
2027-04-30 13:00:00+02:00,2248.3473712169866
2027-04-30 14:00:00+02:00,2202.8536446872986
2027-04-30 15:00:00+02:00,2209.500229595061
2027-04-30 16:00:00+02:00,2249.511767499313
2027-04-30 17:00:00+02:00,2343.028222850069
2027-04-30 18:00:00+02:00,2480.9624083781523
2027-04-30 19:00:00+02:00,2710.1531183257275
2027-04-30 20:00:00+02:00,2806.8099135563516
2027-04-30 21:00:00+02:00,2666.892618002187
2027-04-30 22:00:00+02:00,2344.2258258227216
2027-04-30 23:00:00+02:00,2054.821729301866
2027-05-01 00:00:00+02:00,1670.3174929999543
2027-05-01 01:00:00+02:00,1585.7956722442482
2027-05-01 02:00:00+02:00,1536.4771094697808
2027-05-01 03:00:00+02:00,1511.9838213896232
2027-05-01 04:00:00+02:00,1499.4011420501993
2027-05-01 05:00:00+02:00,1588.8829144415927
2027-05-01 06:00:00+02:00,1761.294844732148
2027-05-01 07:00:00+02:00,1980.2600902760419
2027-05-01 08:00:00+02:00,2111.401698398566
2027-05-01 09:00:00+02:00,2160.0859888629284
2027-05-01 10:00:00+02:00,2159.9903975144034
2027-05-01 11:00:00+02:00,2151.3746332469473
2027-05-01 12:00:00+02:00,2132.055340512682
2027-05-01 13:00:00+02:00,2088.5879559733794
2027-05-01 14:00:00+02:00,2041.2928284722548
2027-05-01 15:00:00+02:00,2014.9981184615538
2027-05-01 16:00:00+02:00,2022.7730932098516
2027-05-01 17:00:00+02:00,2080.0311243299193
2027-05-01 18:00:00+02:00,2207.233567647015
2027-05-01 19:00:00+02:00,2420.078365556275
2027-05-01 20:00:00+02:00,2514.579410916159
2027-05-01 21:00:00+02:00,2385.4183176411975
2027-05-01 22:00:00+02:00,2061.6621945412253
2027-05-01 23:00:00+02:00,1747.5145118816126
2027-05-02 00:00:00+02:00,1536.958076987597
2027-05-02 01:00:00+02:00,1458.1076296877604
2027-05-02 02:00:00+02:00,1439.9351787753687
2027-05-02 03:00:00+02:00,1455.0083881120818
2027-05-02 04:00:00+02:00,1482.4059325851215
2027-05-02 05:00:00+02:00,1626.0780869721602
2027-05-02 06:00:00+02:00,1814.18020015292
2027-05-02 07:00:00+02:00,2005.2070019556288
2027-05-02 08:00:00+02:00,2080.372710580946
2027-05-02 09:00:00+02:00,2082.3460175471164
2027-05-02 10:00:00+02:00,2055.6018620843925
2027-05-02 11:00:00+02:00,2038.4708074065961
2027-05-02 12:00:00+02:00,2016.7857115000625
2027-05-02 13:00:00+02:00,1976.0664816772148
2027-05-02 14:00:00+02:00,1929.5314813225773
2027-05-02 15:00:00+02:00,1933.102434063259
2027-05-02 16:00:00+02:00,1996.674867034283
2027-05-02 17:00:00+02:00,2088.4504705283757
2027-05-02 18:00:00+02:00,2204.654059171269
2027-05-02 19:00:00+02:00,2364.329422343341
2027-05-02 20:00:00+02:00,2409.1710161370384
2027-05-02 21:00:00+02:00,2270.3392656765027
2027-05-02 22:00:00+02:00,1979.7919684137612
2027-05-02 23:00:00+02:00,1727.7577187349482
2027-05-03 00:00:00+02:00,1758.1013465915294
2027-05-03 01:00:00+02:00,1680.373293030626
2027-05-03 02:00:00+02:00,1651.0560249542837
2027-05-03 03:00:00+02:00,1629.9978956453836
2027-05-03 04:00:00+02:00,1623.4953589589759
2027-05-03 05:00:00+02:00,1750.4688534254808
2027-05-03 06:00:00+02:00,1978.3664795676648
2027-05-03 07:00:00+02:00,2239.8816998235784
2027-05-03 08:00:00+02:00,2376.0537700820373
2027-05-03 09:00:00+02:00,2405.5956338361625
2027-05-03 10:00:00+02:00,2389.6549688177174
2027-05-03 11:00:00+02:00,2349.3793318405696
2027-05-03 12:00:00+02:00,2292.7314817068172
2027-05-03 13:00:00+02:00,2240.0252798436413
2027-05-03 14:00:00+02:00,2215.115168863226
2027-05-03 15:00:00+02:00,2245.5303251310793
2027-05-03 16:00:00+02:00,2308.398870939763
2027-05-03 17:00:00+02:00,2384.7301694008443
2027-05-03 18:00:00+02:00,2500.7232549196774
2027-05-03 19:00:00+02:00,2647.410934281461
2027-05-03 20:00:00+02:00,2680.196981778203
2027-05-03 21:00:00+02:00,2506.9501208675724
2027-05-03 22:00:00+02:00,2184.296428226371
2027-05-03 23:00:00+02:00,1913.0880552813605
2027-05-04 00:00:00+02:00,1885.8039610287162
2027-05-04 01:00:00+02:00,1793.0645377306298
2027-05-04 02:00:00+02:00,1743.9198003057872
2027-05-04 03:00:00+02:00,1727.28395000851
2027-05-04 04:00:00+02:00,1752.3206361630932
2027-05-04 05:00:00+02:00,1889.2557060144998
2027-05-04 06:00:00+02:00,2112.9763367892274
2027-05-04 07:00:00+02:00,2345.7709492776007
2027-05-04 08:00:00+02:00,2469.650740969903
2027-05-04 09:00:00+02:00,2484.576158368843
2027-05-04 10:00:00+02:00,2475.708784366373
2027-05-04 11:00:00+02:00,2472.956206204875
2027-05-04 12:00:00+02:00,2462.683466297944
2027-05-04 13:00:00+02:00,2408.472062042212
2027-05-04 14:00:00+02:00,2354.9055091909268
2027-05-04 15:00:00+02:00,2348.304785026524
2027-05-04 16:00:00+02:00,2412.5912180368778
2027-05-04 17:00:00+02:00,2494.259676541743
2027-05-04 18:00:00+02:00,2616.588642815119
2027-05-04 19:00:00+02:00,2788.868452911222
2027-05-04 20:00:00+02:00,2843.1771728268604
2027-05-04 21:00:00+02:00,2671.6662360938867
2027-05-04 22:00:00+02:00,2310.8971474694786
2027-05-04 23:00:00+02:00,1966.3806506317699
2027-05-05 00:00:00+02:00,1774.4863543773608
2027-05-05 01:00:00+02:00,1689.5604234722969
2027-05-05 02:00:00+02:00,1682.2648757814848
2027-05-05 03:00:00+02:00,1694.5477928851853
2027-05-05 04:00:00+02:00,1737.6289114551075
2027-05-05 05:00:00+02:00,1936.4516837381586
2027-05-05 06:00:00+02:00,2215.2966801845528
2027-05-05 07:00:00+02:00,2477.9764265118147
2027-05-05 08:00:00+02:00,2583.8706189510926
2027-05-05 09:00:00+02:00,2590.6121219512124
2027-05-05 10:00:00+02:00,2559.189510952865
2027-05-05 11:00:00+02:00,2520.998464060942
2027-05-05 12:00:00+02:00,2471.9075373838737
2027-05-05 13:00:00+02:00,2431.4665168206457
2027-05-05 14:00:00+02:00,2408.4709402811113
2027-05-05 15:00:00+02:00,2415.6909664317245
2027-05-05 16:00:00+02:00,2440.3658728929668
2027-05-05 17:00:00+02:00,2470.969776729521
2027-05-05 18:00:00+02:00,2560.776051505905
2027-05-05 19:00:00+02:00,2741.062486482447
2027-05-05 20:00:00+02:00,2831.1956997469733
2027-05-05 21:00:00+02:00,2716.6937243095945
2027-05-05 22:00:00+02:00,2405.140080144064
2027-05-05 23:00:00+02:00,2112.3042628670796
2027-05-06 00:00:00+02:00,1914.5871342868315
2027-05-06 01:00:00+02:00,1808.3492070901546
2027-05-06 02:00:00+02:00,1751.9194063741738
2027-05-06 03:00:00+02:00,1729.0985643888791
2027-05-06 04:00:00+02:00,1741.686599076397
2027-05-06 05:00:00+02:00,1889.5266061183863
2027-05-06 06:00:00+02:00,2113.6641043352543
2027-05-06 07:00:00+02:00,2364.8063442779057
2027-05-06 08:00:00+02:00,2512.970146360311
2027-05-06 09:00:00+02:00,2563.2158849521647
2027-05-06 10:00:00+02:00,2556.847445820361
2027-05-06 11:00:00+02:00,2545.255184886553
2027-05-06 12:00:00+02:00,2542.799482757399
2027-05-06 13:00:00+02:00,2531.549567141437
2027-05-06 14:00:00+02:00,2491.936982855225
2027-05-06 15:00:00+02:00,2458.152328119722
2027-05-06 16:00:00+02:00,2457.1884803348094
2027-05-06 17:00:00+02:00,2492.2410308893914
2027-05-06 18:00:00+02:00,2588.57290072005
2027-05-06 19:00:00+02:00,2741.9019820497074
2027-05-06 20:00:00+02:00,2776.180268790527
2027-05-06 21:00:00+02:00,2608.3751732506958
2027-05-06 22:00:00+02:00,2295.999593548076
2027-05-06 23:00:00+02:00,2007.8872709410211
2027-05-07 00:00:00+02:00,1833.3500017854226
2027-05-07 01:00:00+02:00,1741.1383100520848
2027-05-07 02:00:00+02:00,1713.013000567722
2027-05-07 03:00:00+02:00,1719.212336197062
2027-05-07 04:00:00+02:00,1762.0572314664441
2027-05-07 05:00:00+02:00,1952.4415921112554
2027-05-07 06:00:00+02:00,2211.616975300247
2027-05-07 07:00:00+02:00,2454.831651545135
2027-05-07 08:00:00+02:00,2541.4141229508323
2027-05-07 09:00:00+02:00,2540.1043229686547
2027-05-07 10:00:00+02:00,2508.823788044929
2027-05-07 11:00:00+02:00,2471.783911790132
2027-05-07 12:00:00+02:00,2440.5626185290666
2027-05-07 13:00:00+02:00,2406.4821324185536
2027-05-07 14:00:00+02:00,2380.970218751949
2027-05-07 15:00:00+02:00,2377.4082162853083
2027-05-07 16:00:00+02:00,2408.08800720783
2027-05-07 17:00:00+02:00,2473.521048994337
2027-05-07 18:00:00+02:00,2577.0549591402782
2027-05-07 19:00:00+02:00,2746.3924592378803
2027-05-07 20:00:00+02:00,2833.4815094562064
2027-05-07 21:00:00+02:00,2712.069249524293
2027-05-07 22:00:00+02:00,2419.640879246106
2027-05-07 23:00:00+02:00,2118.356521517428
2027-05-08 00:00:00+02:00,1733.1948463999036
2027-05-08 01:00:00+02:00,1637.403060790253
2027-05-08 02:00:00+02:00,1588.1341719714333
2027-05-08 03:00:00+02:00,1556.4624284756976
2027-05-08 04:00:00+02:00,1549.6635337023017
2027-05-08 05:00:00+02:00,1671.7822874453216
2027-05-08 06:00:00+02:00,1857.5420021328798
2027-05-08 07:00:00+02:00,2067.12312487424
2027-05-08 08:00:00+02:00,2166.527108780886
2027-05-08 09:00:00+02:00,2207.231356778788
2027-05-08 10:00:00+02:00,2208.9155214079055
2027-05-08 11:00:00+02:00,2198.3563481394544
2027-05-08 12:00:00+02:00,2186.884521071893
2027-05-08 13:00:00+02:00,2162.342191751189
2027-05-08 14:00:00+02:00,2147.09649507634
2027-05-08 15:00:00+02:00,2157.782301684309
2027-05-08 16:00:00+02:00,2195.495538712478
2027-05-08 17:00:00+02:00,2268.607144789137
2027-05-08 18:00:00+02:00,2357.759604004049
2027-05-08 19:00:00+02:00,2505.5456268085723
2027-05-08 20:00:00+02:00,2544.7614341200406
2027-05-08 21:00:00+02:00,2406.9841248830808
2027-05-08 22:00:00+02:00,2112.8202229045423
2027-05-08 23:00:00+02:00,1819.1144236949538
2027-05-09 00:00:00+02:00,1598.3361441592835
2027-05-09 01:00:00+02:00,1506.6952969958609
2027-05-09 02:00:00+02:00,1479.0483102127303
2027-05-09 03:00:00+02:00,1471.5681493224254
2027-05-09 04:00:00+02:00,1498.315023412302
2027-05-09 05:00:00+02:00,1640.8800357738505
2027-05-09 06:00:00+02:00,1853.9528450925186
2027-05-09 07:00:00+02:00,2070.244734294326
2027-05-09 08:00:00+02:00,2169.3300866342724
2027-05-09 09:00:00+02:00,2198.600892923274
2027-05-09 10:00:00+02:00,2197.7245276908147
2027-05-09 11:00:00+02:00,2193.793076568257
2027-05-09 12:00:00+02:00,2175.2182441308814
2027-05-09 13:00:00+02:00,2137.270270272466
2027-05-09 14:00:00+02:00,2100.245232004109
2027-05-09 15:00:00+02:00,2068.5247138406316
2027-05-09 16:00:00+02:00,2077.2854525996286
2027-05-09 17:00:00+02:00,2124.6905055615816
2027-05-09 18:00:00+02:00,2226.360451318377
2027-05-09 19:00:00+02:00,2408.325786268187
2027-05-09 20:00:00+02:00,2476.4988454857676
2027-05-09 21:00:00+02:00,2369.4661117822393
2027-05-09 22:00:00+02:00,2082.435435397126
2027-05-09 23:00:00+02:00,1809.7540325413422
2027-05-10 00:00:00+02:00,1886.0468601009127
2027-05-10 01:00:00+02:00,1772.3535199966934
2027-05-10 02:00:00+02:00,1738.8192361152721
2027-05-10 03:00:00+02:00,1731.9743250090796
2027-05-10 04:00:00+02:00,1773.332347367747
2027-05-10 05:00:00+02:00,1934.6612114316638
2027-05-10 06:00:00+02:00,2159.002772725699
2027-05-10 07:00:00+02:00,2388.8211291803336
2027-05-10 08:00:00+02:00,2484.2374918451933
2027-05-10 09:00:00+02:00,2513.2582406783317
2027-05-10 10:00:00+02:00,2499.429868301699
2027-05-10 11:00:00+02:00,2487.908527407828
2027-05-10 12:00:00+02:00,2452.6924502728184
2027-05-10 13:00:00+02:00,2407.5730734866847
2027-05-10 14:00:00+02:00,2360.7238092979364
2027-05-10 15:00:00+02:00,2345.0685547829053
2027-05-10 16:00:00+02:00,2377.373386490256
2027-05-10 17:00:00+02:00,2453.10664006155
2027-05-10 18:00:00+02:00,2581.8439927418335
2027-05-10 19:00:00+02:00,2777.3237933236855
2027-05-10 20:00:00+02:00,2855.7511599594604
2027-05-10 21:00:00+02:00,2714.4361043458175
2027-05-10 22:00:00+02:00,2370.2841897576313
2027-05-10 23:00:00+02:00,2059.8772815584175
2027-05-11 00:00:00+02:00,1894.5257454140772
2027-05-11 01:00:00+02:00,1794.4902290768525
2027-05-11 02:00:00+02:00,1743.168431350723
2027-05-11 03:00:00+02:00,1727.4985722619729
2027-05-11 04:00:00+02:00,1752.8568939097036
2027-05-11 05:00:00+02:00,1930.8552093178123
2027-05-11 06:00:00+02:00,2184.955024572538
2027-05-11 07:00:00+02:00,2449.1017607671956
2027-05-11 08:00:00+02:00,2551.446205415738
2027-05-11 09:00:00+02:00,2552.9216743900897
2027-05-11 10:00:00+02:00,2509.0508090405824
2027-05-11 11:00:00+02:00,2471.85047190107
2027-05-11 12:00:00+02:00,2455.2424252308615
2027-05-11 13:00:00+02:00,2455.7460692588443
2027-05-11 14:00:00+02:00,2454.380384893742
2027-05-11 15:00:00+02:00,2459.7636106061304
2027-05-11 16:00:00+02:00,2479.5078305147244
2027-05-11 17:00:00+02:00,2510.234400395097
2027-05-11 18:00:00+02:00,2589.0515510948912
2027-05-11 19:00:00+02:00,2747.90241083886
2027-05-11 20:00:00+02:00,2806.2675107802315
2027-05-11 21:00:00+02:00,2677.3297706949143
2027-05-11 22:00:00+02:00,2334.32904560621
2027-05-11 23:00:00+02:00,2037.50212741752
2027-05-12 00:00:00+02:00,1862.8583514419172
2027-05-12 01:00:00+02:00,1788.3384837079393
2027-05-12 02:00:00+02:00,1768.7089144527733
2027-05-12 03:00:00+02:00,1757.8209577918126
2027-05-12 04:00:00+02:00,1803.8487595111164
2027-05-12 05:00:00+02:00,1971.24910094894
2027-05-12 06:00:00+02:00,2219.6668692616245
2027-05-12 07:00:00+02:00,2471.747845879402
2027-05-12 08:00:00+02:00,2601.320769081905
2027-05-12 09:00:00+02:00,2630.9563017103437
2027-05-12 10:00:00+02:00,2616.194690276618
2027-05-12 11:00:00+02:00,2591.601539760381
2027-05-12 12:00:00+02:00,2556.058313605137
2027-05-12 13:00:00+02:00,2516.1909203993714
2027-05-12 14:00:00+02:00,2464.1465586818417
2027-05-12 15:00:00+02:00,2433.3958488179173
2027-05-12 16:00:00+02:00,2423.652026545184
2027-05-12 17:00:00+02:00,2437.323203074317
2027-05-12 18:00:00+02:00,2486.574743394241
2027-05-12 19:00:00+02:00,2605.598903233253
2027-05-12 20:00:00+02:00,2660.55938142289
2027-05-12 21:00:00+02:00,2554.2014095699033
2027-05-12 22:00:00+02:00,2296.5367684087355
2027-05-12 23:00:00+02:00,2066.866919503957
2027-05-13 00:00:00+02:00,1933.4067905033996
2027-05-13 01:00:00+02:00,1867.7288823060394
2027-05-13 02:00:00+02:00,1830.115855554121
2027-05-13 03:00:00+02:00,1818.8865727443936
2027-05-13 04:00:00+02:00,1816.2641583608438
2027-05-13 05:00:00+02:00,1939.6357804901982
2027-05-13 06:00:00+02:00,2128.3790640605507
2027-05-13 07:00:00+02:00,2357.44485026276
2027-05-13 08:00:00+02:00,2479.5601001148593
2027-05-13 09:00:00+02:00,2532.3010207711454
2027-05-13 10:00:00+02:00,2540.8074137119884
2027-05-13 11:00:00+02:00,2536.5978254656566
2027-05-13 12:00:00+02:00,2540.2001493953667
2027-05-13 13:00:00+02:00,2522.1885779100385
2027-05-13 14:00:00+02:00,2499.7884882313924
2027-05-13 15:00:00+02:00,2478.0323093154093
2027-05-13 16:00:00+02:00,2482.6114997916975
2027-05-13 17:00:00+02:00,2495.4934375493926
2027-05-13 18:00:00+02:00,2547.7203440524795
2027-05-13 19:00:00+02:00,2677.8083984728833
2027-05-13 20:00:00+02:00,2727.1320567194202
2027-05-13 21:00:00+02:00,2584.6551044311805
2027-05-13 22:00:00+02:00,2255.474275438044
2027-05-13 23:00:00+02:00,1960.129572898056
2027-05-14 00:00:00+02:00,1783.500879410026
2027-05-14 01:00:00+02:00,1733.1393343529865
2027-05-14 02:00:00+02:00,1725.3551523889114
2027-05-14 03:00:00+02:00,1723.2432675258046
2027-05-14 04:00:00+02:00,1750.7647385305822
2027-05-14 05:00:00+02:00,1931.3536400632036
2027-05-14 06:00:00+02:00,2198.3011858216337
2027-05-14 07:00:00+02:00,2470.8966941485455
2027-05-14 08:00:00+02:00,2583.267834343568
2027-05-14 09:00:00+02:00,2602.9037458661855
2027-05-14 10:00:00+02:00,2586.469978570263
2027-05-14 11:00:00+02:00,2562.2858997076146
2027-05-14 12:00:00+02:00,2536.4003728992348
2027-05-14 13:00:00+02:00,2494.0628515057797
2027-05-14 14:00:00+02:00,2462.194154637068
2027-05-14 15:00:00+02:00,2459.3942428047826
2027-05-14 16:00:00+02:00,2461.3180738982187
2027-05-14 17:00:00+02:00,2477.3002194809
2027-05-14 18:00:00+02:00,2518.661320539572
2027-05-14 19:00:00+02:00,2653.316828368004
2027-05-14 20:00:00+02:00,2715.08086088375
2027-05-14 21:00:00+02:00,2600.099959636282
2027-05-14 22:00:00+02:00,2325.6974686301933
2027-05-14 23:00:00+02:00,2054.4415549691525
2027-05-15 00:00:00+02:00,1678.1434712616153
2027-05-15 01:00:00+02:00,1571.5150284637382
2027-05-15 02:00:00+02:00,1493.8464998524787
2027-05-15 03:00:00+02:00,1452.8459580176786
2027-05-15 04:00:00+02:00,1456.463781484495
2027-05-15 05:00:00+02:00,1606.2733342774488
2027-05-15 06:00:00+02:00,1827.083677917271
2027-05-15 07:00:00+02:00,2063.903089875444
2027-05-15 08:00:00+02:00,2189.4348181630785
2027-05-15 09:00:00+02:00,2253.105907871921
2027-05-15 10:00:00+02:00,2295.2254941259102
2027-05-15 11:00:00+02:00,2321.408988845092
2027-05-15 12:00:00+02:00,2308.0337784883427
2027-05-15 13:00:00+02:00,2257.9712876859826
2027-05-15 14:00:00+02:00,2213.4905505342545
2027-05-15 15:00:00+02:00,2199.7663397006063
2027-05-15 16:00:00+02:00,2212.3544614312204
2027-05-15 17:00:00+02:00,2245.363041441989
2027-05-15 18:00:00+02:00,2327.692515210583
2027-05-15 19:00:00+02:00,2470.125979426886
2027-05-15 20:00:00+02:00,2534.2484181254263
2027-05-15 21:00:00+02:00,2408.149901090841
2027-05-15 22:00:00+02:00,2117.7065739184595
2027-05-15 23:00:00+02:00,1832.0002658551846
2027-05-16 00:00:00+02:00,1616.4994829700433
2027-05-16 01:00:00+02:00,1501.2041600677237
2027-05-16 02:00:00+02:00,1446.9095662386433
2027-05-16 03:00:00+02:00,1451.3759105463798
2027-05-16 04:00:00+02:00,1500.179093972807
2027-05-16 05:00:00+02:00,1643.0050312846854
2027-05-16 06:00:00+02:00,1845.7797734770763
2027-05-16 07:00:00+02:00,2067.1960382718376
2027-05-16 08:00:00+02:00,2190.3905217736897
2027-05-16 09:00:00+02:00,2242.9801639824013
2027-05-16 10:00:00+02:00,2253.5451729837782
2027-05-16 11:00:00+02:00,2252.070444034659
2027-05-16 12:00:00+02:00,2234.3371831675468
2027-05-16 13:00:00+02:00,2202.6264578974465
2027-05-16 14:00:00+02:00,2160.5910019214853
2027-05-16 15:00:00+02:00,2125.8139849813588
2027-05-16 16:00:00+02:00,2119.960800887004
2027-05-16 17:00:00+02:00,2147.4320263412483
2027-05-16 18:00:00+02:00,2216.842734129593
2027-05-16 19:00:00+02:00,2334.451856953296
2027-05-16 20:00:00+02:00,2370.4607521891285
2027-05-16 21:00:00+02:00,2248.854362475803
2027-05-16 22:00:00+02:00,2008.424004355474
2027-05-16 23:00:00+02:00,1764.659843424572
2027-05-17 00:00:00+02:00,1850.6862120409812
2027-05-17 01:00:00+02:00,1758.0207108329585
2027-05-17 02:00:00+02:00,1752.198705558146
2027-05-17 03:00:00+02:00,1771.6606748292697
2027-05-17 04:00:00+02:00,1819.1594637042929
2027-05-17 05:00:00+02:00,1992.644689832878
2027-05-17 06:00:00+02:00,2223.1580314833727
2027-05-17 07:00:00+02:00,2447.537958837007
2027-05-17 08:00:00+02:00,2514.3339605148326
2027-05-17 09:00:00+02:00,2490.999424575882
2027-05-17 10:00:00+02:00,2439.683616172129
2027-05-17 11:00:00+02:00,2419.750330435612
2027-05-17 12:00:00+02:00,2393.6247502049096
2027-05-17 13:00:00+02:00,2360.399315082047
2027-05-17 14:00:00+02:00,2325.873640843114
2027-05-17 15:00:00+02:00,2350.218771926108
2027-05-17 16:00:00+02:00,2404.618984386581
2027-05-17 17:00:00+02:00,2475.065550639449
2027-05-17 18:00:00+02:00,2561.0791704005137
2027-05-17 19:00:00+02:00,2698.3954225955536
2027-05-17 20:00:00+02:00,2762.9153385331456
2027-05-17 21:00:00+02:00,2659.6419549028287
2027-05-17 22:00:00+02:00,2407.413629551023
2027-05-17 23:00:00+02:00,2131.418425317585
2027-05-18 00:00:00+02:00,1952.6331944925162
2027-05-18 01:00:00+02:00,1822.069082892991
2027-05-18 02:00:00+02:00,1752.4187318217403
2027-05-18 03:00:00+02:00,1736.2081659768967
2027-05-18 04:00:00+02:00,1757.787271924085
2027-05-18 05:00:00+02:00,1903.4908649778872
2027-05-18 06:00:00+02:00,2133.2226311600593
2027-05-18 07:00:00+02:00,2391.0129757727923
2027-05-18 08:00:00+02:00,2535.3202145820583
2027-05-18 09:00:00+02:00,2563.6472953730326
2027-05-18 10:00:00+02:00,2546.377583362908
2027-05-18 11:00:00+02:00,2520.347086441677
2027-05-18 12:00:00+02:00,2485.0728820994614
2027-05-18 13:00:00+02:00,2447.0002875620985
2027-05-18 14:00:00+02:00,2419.6205275507136
2027-05-18 15:00:00+02:00,2422.079085888427
2027-05-18 16:00:00+02:00,2450.6887735844534
2027-05-18 17:00:00+02:00,2484.0349377948355
2027-05-18 18:00:00+02:00,2546.9955258984373
2027-05-18 19:00:00+02:00,2686.098302856433
2027-05-18 20:00:00+02:00,2772.3823176300175
2027-05-18 21:00:00+02:00,2673.6970702835497
2027-05-18 22:00:00+02:00,2380.0288482708406
2027-05-18 23:00:00+02:00,2086.0751272836105
2027-05-19 00:00:00+02:00,1918.941885501886
2027-05-19 01:00:00+02:00,1811.5515084275812
2027-05-19 02:00:00+02:00,1742.4480587759492
2027-05-19 03:00:00+02:00,1708.482779213679
2027-05-19 04:00:00+02:00,1747.9786247401605
2027-05-19 05:00:00+02:00,1928.9128593170622
2027-05-19 06:00:00+02:00,2196.1253570946533
2027-05-19 07:00:00+02:00,2442.334024202566
2027-05-19 08:00:00+02:00,2549.027882423846
2027-05-19 09:00:00+02:00,2544.4256020023827
2027-05-19 10:00:00+02:00,2502.0737564190367
2027-05-19 11:00:00+02:00,2473.7472794604323
2027-05-19 12:00:00+02:00,2461.348503547541
2027-05-19 13:00:00+02:00,2451.6800046718913
2027-05-19 14:00:00+02:00,2441.6893704687604
2027-05-19 15:00:00+02:00,2450.720771126066
2027-05-19 16:00:00+02:00,2473.39767538213
2027-05-19 17:00:00+02:00,2507.3422220542666
2027-05-19 18:00:00+02:00,2564.37162859007
2027-05-19 19:00:00+02:00,2701.2285230492203
2027-05-19 20:00:00+02:00,2769.777771796763
2027-05-19 21:00:00+02:00,2670.174956434968
2027-05-19 22:00:00+02:00,2356.4203390178664
2027-05-19 23:00:00+02:00,2039.1672988731225
2027-05-20 00:00:00+02:00,1859.1605583595092
2027-05-20 01:00:00+02:00,1792.8695631663595
2027-05-20 02:00:00+02:00,1779.7743874227642
2027-05-20 03:00:00+02:00,1763.428506790807
2027-05-20 04:00:00+02:00,1768.0251802564046
2027-05-20 05:00:00+02:00,1918.3352933023339
2027-05-20 06:00:00+02:00,2180.8145857208715
2027-05-20 07:00:00+02:00,2465.2933473678427
2027-05-20 08:00:00+02:00,2608.3265306466665
2027-05-20 09:00:00+02:00,2639.865172462441
2027-05-20 10:00:00+02:00,2635.7407252813223
2027-05-20 11:00:00+02:00,2586.6026562582006
2027-05-20 12:00:00+02:00,2490.9057937663215
2027-05-20 13:00:00+02:00,2404.120557434084
2027-05-20 14:00:00+02:00,2358.3524238258497
2027-05-20 15:00:00+02:00,2396.8338457972286
2027-05-20 16:00:00+02:00,2442.8193416061886
2027-05-20 17:00:00+02:00,2498.2630705206857
2027-05-20 18:00:00+02:00,2545.2577943356428
2027-05-20 19:00:00+02:00,2674.981755354097
2027-05-20 20:00:00+02:00,2719.586520496954
2027-05-20 21:00:00+02:00,2594.935467830949
2027-05-20 22:00:00+02:00,2301.64551944279
2027-05-20 23:00:00+02:00,2038.7421000493332
2027-05-21 00:00:00+02:00,1870.862800779353
2027-05-21 01:00:00+02:00,1801.0240430866475
2027-05-21 02:00:00+02:00,1762.5083157659903
2027-05-21 03:00:00+02:00,1742.4406094405083
2027-05-21 04:00:00+02:00,1735.439698153453
2027-05-21 05:00:00+02:00,1888.0971013526332
2027-05-21 06:00:00+02:00,2149.1166771129474
2027-05-21 07:00:00+02:00,2442.5059098763936
2027-05-21 08:00:00+02:00,2588.015961878187
2027-05-21 09:00:00+02:00,2626.455596777063
2027-05-21 10:00:00+02:00,2614.9206259416546
2027-05-21 11:00:00+02:00,2598.889358520339
2027-05-21 12:00:00+02:00,2563.5413082364157
2027-05-21 13:00:00+02:00,2509.747709827794
2027-05-21 14:00:00+02:00,2450.1409411769146
2027-05-21 15:00:00+02:00,2411.365642913293
2027-05-21 16:00:00+02:00,2387.528661897133
2027-05-21 17:00:00+02:00,2389.0037562859025
2027-05-21 18:00:00+02:00,2437.5838403340867
2027-05-21 19:00:00+02:00,2588.8121717201434
2027-05-21 20:00:00+02:00,2685.060051319066
2027-05-21 21:00:00+02:00,2620.6762973823097
2027-05-21 22:00:00+02:00,2359.3511318185
2027-05-21 23:00:00+02:00,2100.2715648264957
2027-05-22 00:00:00+02:00,1726.2606227090419
2027-05-22 01:00:00+02:00,1653.1754865832336
2027-05-22 02:00:00+02:00,1607.3864594202637
2027-05-22 03:00:00+02:00,1579.4602478909446
2027-05-22 04:00:00+02:00,1583.5158324540264
2027-05-22 05:00:00+02:00,1704.9707994210135
2027-05-22 06:00:00+02:00,1905.719356169181
2027-05-22 07:00:00+02:00,2122.176404634854
2027-05-22 08:00:00+02:00,2222.201076151356
2027-05-22 09:00:00+02:00,2238.57919428441
2027-05-22 10:00:00+02:00,2218.8234103815103
2027-05-22 11:00:00+02:00,2200.1591962504676
2027-05-22 12:00:00+02:00,2174.7273464266455
2027-05-22 13:00:00+02:00,2144.515180427151
2027-05-22 14:00:00+02:00,2102.038699417943
2027-05-22 15:00:00+02:00,2089.431475711183
2027-05-22 16:00:00+02:00,2121.626941269815
2027-05-22 17:00:00+02:00,2190.6907536477247
2027-05-22 18:00:00+02:00,2282.92153496118
2027-05-22 19:00:00+02:00,2416.3220888697556
2027-05-22 20:00:00+02:00,2494.9065215302326
2027-05-22 21:00:00+02:00,2399.4477939813146
2027-05-22 22:00:00+02:00,2153.1543951759195
2027-05-22 23:00:00+02:00,1890.446594195904
2027-05-23 00:00:00+02:00,1687.591944632524
2027-05-23 01:00:00+02:00,1580.1173368130503
2027-05-23 02:00:00+02:00,1524.2007641246694
2027-05-23 03:00:00+02:00,1507.6619698794937
2027-05-23 04:00:00+02:00,1525.578807449785
2027-05-23 05:00:00+02:00,1651.1280579348017
2027-05-23 06:00:00+02:00,1848.8826040714443
2027-05-23 07:00:00+02:00,2065.323030871405
2027-05-23 08:00:00+02:00,2174.143120966957
2027-05-23 09:00:00+02:00,2194.141188972182
2027-05-23 10:00:00+02:00,2175.999606629095
2027-05-23 11:00:00+02:00,2155.361526478525
2027-05-23 12:00:00+02:00,2130.519813313328
2027-05-23 13:00:00+02:00,2091.6525029717427
2027-05-23 14:00:00+02:00,2061.138134975535
2027-05-23 15:00:00+02:00,2058.4600270988617
2027-05-23 16:00:00+02:00,2089.3358324280325
2027-05-23 17:00:00+02:00,2133.330711742701
2027-05-23 18:00:00+02:00,2203.5179484276964
2027-05-23 19:00:00+02:00,2334.5293295787665
2027-05-23 20:00:00+02:00,2401.662891356519
2027-05-23 21:00:00+02:00,2326.6553720172024
2027-05-23 22:00:00+02:00,2098.160425354592
2027-05-23 23:00:00+02:00,1863.1197248720257
2027-05-24 00:00:00+02:00,1930.7336376745493
2027-05-24 01:00:00+02:00,1803.4630741604765
2027-05-24 02:00:00+02:00,1729.6356605917247
2027-05-24 03:00:00+02:00,1687.4313392031604
2027-05-24 04:00:00+02:00,1694.2221486234419
2027-05-24 05:00:00+02:00,1830.6334174751246
2027-05-24 06:00:00+02:00,2063.718149551308
2027-05-24 07:00:00+02:00,2320.340131107356
2027-05-24 08:00:00+02:00,2456.237974996
2027-05-24 09:00:00+02:00,2499.019228325641
2027-05-24 10:00:00+02:00,2493.657181039084
2027-05-24 11:00:00+02:00,2475.132999117844
2027-05-24 12:00:00+02:00,2436.056692029747
2027-05-24 13:00:00+02:00,2382.3043288255312
2027-05-24 14:00:00+02:00,2327.0475483005093
2027-05-24 15:00:00+02:00,2319.289619822588
2027-05-24 16:00:00+02:00,2363.6721001796864
2027-05-24 17:00:00+02:00,2464.666332996715
2027-05-24 18:00:00+02:00,2573.8536822392684
2027-05-24 19:00:00+02:00,2752.1751852043712
2027-05-24 20:00:00+02:00,2836.0297673937384
2027-05-24 21:00:00+02:00,2738.613952081305
2027-05-24 22:00:00+02:00,2420.5416254673887
2027-05-24 23:00:00+02:00,2076.1790774272454
2027-05-25 00:00:00+02:00,1896.580900261603
2027-05-25 01:00:00+02:00,1773.7630392693982
2027-05-25 02:00:00+02:00,1720.3485359186288
2027-05-25 03:00:00+02:00,1690.468060252481
2027-05-25 04:00:00+02:00,1696.7475151669883
2027-05-25 05:00:00+02:00,1843.0646015056861
2027-05-25 06:00:00+02:00,2079.3868559062084
2027-05-25 07:00:00+02:00,2338.128186112578
2027-05-25 08:00:00+02:00,2453.641409767075
2027-05-25 09:00:00+02:00,2496.0106159623924
2027-05-25 10:00:00+02:00,2495.4675276154094
2027-05-25 11:00:00+02:00,2505.0553739673687
2027-05-25 12:00:00+02:00,2497.0835215273974
2027-05-25 13:00:00+02:00,2493.3846543603445
2027-05-25 14:00:00+02:00,2490.958066732714
2027-05-25 15:00:00+02:00,2509.969494044054
2027-05-25 16:00:00+02:00,2528.7051411100388
2027-05-25 17:00:00+02:00,2550.9790067773015
2027-05-25 18:00:00+02:00,2584.6421568635565
2027-05-25 19:00:00+02:00,2679.631052044258
2027-05-25 20:00:00+02:00,2727.60812052984
2027-05-25 21:00:00+02:00,2616.19559917272
2027-05-25 22:00:00+02:00,2339.4697849046133
2027-05-25 23:00:00+02:00,2046.588089013016
2027-05-26 00:00:00+02:00,1860.4482433279693
2027-05-26 01:00:00+02:00,1771.0533361609855
2027-05-26 02:00:00+02:00,1734.3799765087288
2027-05-26 03:00:00+02:00,1725.5032414418279
2027-05-26 04:00:00+02:00,1770.3722292729324
2027-05-26 05:00:00+02:00,1942.5727403210744
2027-05-26 06:00:00+02:00,2185.90297966539
2027-05-26 07:00:00+02:00,2408.231010011132
2027-05-26 08:00:00+02:00,2502.4773646025988
2027-05-26 09:00:00+02:00,2503.750560384262
2027-05-26 10:00:00+02:00,2483.4108119433413
2027-05-26 11:00:00+02:00,2476.616988316072
2027-05-26 12:00:00+02:00,2471.8539983922446
2027-05-26 13:00:00+02:00,2474.083048079689
2027-05-26 14:00:00+02:00,2468.790451892779
2027-05-26 15:00:00+02:00,2481.5434798589704
2027-05-26 16:00:00+02:00,2492.242010450085
2027-05-26 17:00:00+02:00,2502.427405896559
2027-05-26 18:00:00+02:00,2530.1863500648383
2027-05-26 19:00:00+02:00,2634.443023207509
2027-05-26 20:00:00+02:00,2685.3402122887974
2027-05-26 21:00:00+02:00,2574.4096013607405
2027-05-26 22:00:00+02:00,2320.7340382113
2027-05-26 23:00:00+02:00,2070.0980983918766
2027-05-27 00:00:00+02:00,1914.2898100942102
2027-05-27 01:00:00+02:00,1813.185693176338
2027-05-27 02:00:00+02:00,1742.0333931517484
2027-05-27 03:00:00+02:00,1689.1272735579223
2027-05-27 04:00:00+02:00,1711.5773967467367
2027-05-27 05:00:00+02:00,1897.829042065555
2027-05-27 06:00:00+02:00,2172.5274398357133
2027-05-27 07:00:00+02:00,2424.9926462668263
2027-05-27 08:00:00+02:00,2534.6609177624237
2027-05-27 09:00:00+02:00,2551.8979091182437
2027-05-27 10:00:00+02:00,2528.7736445321493
2027-05-27 11:00:00+02:00,2508.086852996212
2027-05-27 12:00:00+02:00,2478.8608174703427
2027-05-27 13:00:00+02:00,2438.4839118624695
2027-05-27 14:00:00+02:00,2399.7772425024464
2027-05-27 15:00:00+02:00,2390.1718128314224
2027-05-27 16:00:00+02:00,2417.6011196215536
2027-05-27 17:00:00+02:00,2472.360904678037
2027-05-27 18:00:00+02:00,2552.4150986496447
2027-05-27 19:00:00+02:00,2686.6423046727436
2027-05-27 20:00:00+02:00,2749.1055741613422
2027-05-27 21:00:00+02:00,2641.1046390176907
2027-05-27 22:00:00+02:00,2353.068656779141
2027-05-27 23:00:00+02:00,2027.8402169519914
2027-05-28 00:00:00+02:00,1814.8301405472255
2027-05-28 01:00:00+02:00,1701.318274599079
2027-05-28 02:00:00+02:00,1680.800358961605
2027-05-28 03:00:00+02:00,1702.3065422857658
2027-05-28 04:00:00+02:00,1770.3723265746332
2027-05-28 05:00:00+02:00,1945.7501868884015
2027-05-28 06:00:00+02:00,2183.702674766354
2027-05-28 07:00:00+02:00,2396.427232801404
2027-05-28 08:00:00+02:00,2489.506628189856
2027-05-28 09:00:00+02:00,2501.747748608459
2027-05-28 10:00:00+02:00,2489.9081512478488
2027-05-28 11:00:00+02:00,2471.0384755066198
2027-05-28 12:00:00+02:00,2451.4903351600733
2027-05-28 13:00:00+02:00,2414.6527110605375
2027-05-28 14:00:00+02:00,2386.968962392088
2027-05-28 15:00:00+02:00,2398.664708018675
2027-05-28 16:00:00+02:00,2439.178286335036
2027-05-28 17:00:00+02:00,2501.584162607703
2027-05-28 18:00:00+02:00,2582.8893258602934
2027-05-28 19:00:00+02:00,2713.3878241999328
2027-05-28 20:00:00+02:00,2777.1456097423256
2027-05-28 21:00:00+02:00,2658.4006496555157
2027-05-28 22:00:00+02:00,2400.9949128307603
2027-05-28 23:00:00+02:00,2119.8318750323588
2027-05-29 00:00:00+02:00,1731.036825514331
2027-05-29 01:00:00+02:00,1625.279365894681
2027-05-29 02:00:00+02:00,1567.3663424224478
2027-05-29 03:00:00+02:00,1538.8016589067602
2027-05-29 04:00:00+02:00,1547.7958910392692
2027-05-29 05:00:00+02:00,1684.604666000545
2027-05-29 06:00:00+02:00,1894.7578613182613
2027-05-29 07:00:00+02:00,2083.732022492612
2027-05-29 08:00:00+02:00,2153.688823779514
2027-05-29 09:00:00+02:00,2153.2729498014146
2027-05-29 10:00:00+02:00,2148.434098043166
2027-05-29 11:00:00+02:00,2156.869016387035
2027-05-29 12:00:00+02:00,2169.8231225167897
2027-05-29 13:00:00+02:00,2184.192597916058
2027-05-29 14:00:00+02:00,2205.400394952923
2027-05-29 15:00:00+02:00,2229.2446744102876
2027-05-29 16:00:00+02:00,2227.1545190135653
2027-05-29 17:00:00+02:00,2235.3548627216865
2027-05-29 18:00:00+02:00,2257.5073195124605
2027-05-29 19:00:00+02:00,2359.661209407417
2027-05-29 20:00:00+02:00,2406.509557483615
2027-05-29 21:00:00+02:00,2315.3732612785484
2027-05-29 22:00:00+02:00,2104.827626207662
2027-05-29 23:00:00+02:00,1863.5872581078354
2027-05-30 00:00:00+02:00,1649.8198843494204
2027-05-30 01:00:00+02:00,1561.504432972057
2027-05-30 02:00:00+02:00,1503.9309074247196
2027-05-30 03:00:00+02:00,1469.4143114902015
2027-05-30 04:00:00+02:00,1484.398872107473
2027-05-30 05:00:00+02:00,1624.1583879946509
2027-05-30 06:00:00+02:00,1826.4942059074158
2027-05-30 07:00:00+02:00,2030.1820792576996
2027-05-30 08:00:00+02:00,2146.2257970338896
2027-05-30 09:00:00+02:00,2196.8329884050595
2027-05-30 10:00:00+02:00,2212.0544371245887
2027-05-30 11:00:00+02:00,2202.931783224296
2027-05-30 12:00:00+02:00,2183.296772437463
2027-05-30 13:00:00+02:00,2155.9977398498504
2027-05-30 14:00:00+02:00,2142.02826761001
2027-05-30 15:00:00+02:00,2137.614659382041
2027-05-30 16:00:00+02:00,2134.0831944333136
2027-05-30 17:00:00+02:00,2137.4394669155226
2027-05-30 18:00:00+02:00,2159.808956929092
2027-05-30 19:00:00+02:00,2241.4041861353635
2027-05-30 20:00:00+02:00,2285.717092693137
2027-05-30 21:00:00+02:00,2209.7832155816045
2027-05-30 22:00:00+02:00,2006.674473245305
2027-05-30 23:00:00+02:00,1765.2678991725236
2027-05-31 00:00:00+02:00,1817.1832054985211
2027-05-31 01:00:00+02:00,1687.3637186171916
2027-05-31 02:00:00+02:00,1621.8622494258166
2027-05-31 03:00:00+02:00,1584.2949934078454
2027-05-31 04:00:00+02:00,1599.5878045178615
2027-05-31 05:00:00+02:00,1734.6418527933852
2027-05-31 06:00:00+02:00,1981.0263063391253
2027-05-31 07:00:00+02:00,2259.7686013944403
2027-05-31 08:00:00+02:00,2440.7789049200223
2027-05-31 09:00:00+02:00,2496.704899624588
2027-05-31 10:00:00+02:00,2480.0377441274454
2027-05-31 11:00:00+02:00,2448.432121238751
2027-05-31 12:00:00+02:00,2419.1342165304795
2027-05-31 13:00:00+02:00,2391.8341464368536
2027-05-31 14:00:00+02:00,2358.8047684772137
2027-05-31 15:00:00+02:00,2356.9365606329106
2027-05-31 16:00:00+02:00,2376.571234853252
2027-05-31 17:00:00+02:00,2423.1697610130545
2027-05-31 18:00:00+02:00,2478.1503501202988
2027-05-31 19:00:00+02:00,2577.0395572910497
2027-05-31 20:00:00+02:00,2597.4911624515903
2027-05-31 21:00:00+02:00,2470.9017599012564
2027-05-31 22:00:00+02:00,2197.361824273342
2027-05-31 23:00:00+02:00,1945.0356650419783
2027-06-01 00:00:00+02:00,1797.5142782912237
2027-06-01 01:00:00+02:00,1745.8141596853131
2027-06-01 02:00:00+02:00,1726.8708228405678
2027-06-01 03:00:00+02:00,1701.2936528115417
2027-06-01 04:00:00+02:00,1696.3567246254604
2027-06-01 05:00:00+02:00,1817.5875591765514
2027-06-01 06:00:00+02:00,2023.478097580477
2027-06-01 07:00:00+02:00,2250.0357395289257
2027-06-01 08:00:00+02:00,2359.8999293577863
2027-06-01 09:00:00+02:00,2408.5635069948526
2027-06-01 10:00:00+02:00,2424.913437867346
2027-06-01 11:00:00+02:00,2432.789963915275
2027-06-01 12:00:00+02:00,2421.4548011032457
2027-06-01 13:00:00+02:00,2403.2921054478306
2027-06-01 14:00:00+02:00,2380.268156128672
2027-06-01 15:00:00+02:00,2363.2599225486324
2027-06-01 16:00:00+02:00,2356.8117024616704
2027-06-01 17:00:00+02:00,2394.313725913934
2027-06-01 18:00:00+02:00,2472.2799670213276
2027-06-01 19:00:00+02:00,2582.5643414416313
2027-06-01 20:00:00+02:00,2623.268731519659
2027-06-01 21:00:00+02:00,2475.178993599986
2027-06-01 22:00:00+02:00,2198.6745462390595
2027-06-01 23:00:00+02:00,1916.368792652156
2027-06-02 00:00:00+02:00,1815.6147089883996
2027-06-02 01:00:00+02:00,1726.131858348032
2027-06-02 02:00:00+02:00,1666.3112807078148
2027-06-02 03:00:00+02:00,1607.2367643751406
2027-06-02 04:00:00+02:00,1605.2636828207665
2027-06-02 05:00:00+02:00,1760.4658386019942
2027-06-02 06:00:00+02:00,2073.076181159663
2027-06-02 07:00:00+02:00,2399.8777813263873
2027-06-02 08:00:00+02:00,2581.1609778241163
2027-06-02 09:00:00+02:00,2625.3075866617264
2027-06-02 10:00:00+02:00,2619.9196892504588
2027-06-02 11:00:00+02:00,2614.7232116343994
2027-06-02 12:00:00+02:00,2598.3840234978024
2027-06-02 13:00:00+02:00,2559.267918706951
2027-06-02 14:00:00+02:00,2504.620889225827
2027-06-02 15:00:00+02:00,2457.0974383938515
2027-06-02 16:00:00+02:00,2425.05943644642
2027-06-02 17:00:00+02:00,2422.0927169736037
2027-06-02 18:00:00+02:00,2456.2682837002294
2027-06-02 19:00:00+02:00,2581.121297254767
2027-06-02 20:00:00+02:00,2671.641239483182
2027-06-02 21:00:00+02:00,2594.5896047326833
2027-06-02 22:00:00+02:00,2346.1851988668923
2027-06-02 23:00:00+02:00,2072.690538112533
2027-06-03 00:00:00+02:00,1951.8830785184023
2027-06-03 01:00:00+02:00,1859.7750749672873
2027-06-03 02:00:00+02:00,1799.9173362172196
2027-06-03 03:00:00+02:00,1738.5409283481222
2027-06-03 04:00:00+02:00,1712.0692771649242
2027-06-03 05:00:00+02:00,1842.8429672993511
2027-06-03 06:00:00+02:00,2086.800572767639
2027-06-03 07:00:00+02:00,2357.6728569923066
2027-06-03 08:00:00+02:00,2496.96115755022
2027-06-03 09:00:00+02:00,2550.056632556781
2027-06-03 10:00:00+02:00,2570.4508602231354
2027-06-03 11:00:00+02:00,2590.723003054945
2027-06-03 12:00:00+02:00,2609.7609406415536
2027-06-03 13:00:00+02:00,2604.6146836969674
2027-06-03 14:00:00+02:00,2580.4474222907184
2027-06-03 15:00:00+02:00,2525.305690030623
2027-06-03 16:00:00+02:00,2482.3152537464516
2027-06-03 17:00:00+02:00,2449.0986312637765
2027-06-03 18:00:00+02:00,2473.7261867556863
2027-06-03 19:00:00+02:00,2560.847774382311
2027-06-03 20:00:00+02:00,2603.647577685982
2027-06-03 21:00:00+02:00,2510.332284842124
2027-06-03 22:00:00+02:00,2288.1532082686685
2027-06-03 23:00:00+02:00,2051.6451996538335
2027-06-04 00:00:00+02:00,1879.1252121301775
2027-06-04 01:00:00+02:00,1776.465841555722
2027-06-04 02:00:00+02:00,1727.1147111580542
2027-06-04 03:00:00+02:00,1695.4148184550845
2027-06-04 04:00:00+02:00,1712.9962610683178
2027-06-04 05:00:00+02:00,1869.3420212922638
2027-06-04 06:00:00+02:00,2118.452919070006
2027-06-04 07:00:00+02:00,2384.7168364167896
2027-06-04 08:00:00+02:00,2514.584461719376
2027-06-04 09:00:00+02:00,2554.267335269097
2027-06-04 10:00:00+02:00,2541.8849802252334
2027-06-04 11:00:00+02:00,2543.528224329491
2027-06-04 12:00:00+02:00,2544.410502506484
2027-06-04 13:00:00+02:00,2528.0543538305233
2027-06-04 14:00:00+02:00,2486.9383664008456
2027-06-04 15:00:00+02:00,2455.51978498154
2027-06-04 16:00:00+02:00,2457.674678300929
2027-06-04 17:00:00+02:00,2498.4384708414022
2027-06-04 18:00:00+02:00,2559.082273181456
2027-06-04 19:00:00+02:00,2668.4883014614124
2027-06-04 20:00:00+02:00,2731.5954743831085
2027-06-04 21:00:00+02:00,2630.0543384943207
2027-06-04 22:00:00+02:00,2347.6919364729497
2027-06-04 23:00:00+02:00,2032.1368316825942
2027-06-05 00:00:00+02:00,1638.4483666513095
2027-06-05 01:00:00+02:00,1540.769793337646
2027-06-05 02:00:00+02:00,1481.8219960650554
2027-06-05 03:00:00+02:00,1448.621646288853
2027-06-05 04:00:00+02:00,1480.2974544960666
2027-06-05 05:00:00+02:00,1648.680399371777
2027-06-05 06:00:00+02:00,1905.6802569302224
2027-06-05 07:00:00+02:00,2161.7030356625387
2027-06-05 08:00:00+02:00,2292.4095883306873
2027-06-05 09:00:00+02:00,2331.9897132142887
2027-06-05 10:00:00+02:00,2326.4220827202216
2027-06-05 11:00:00+02:00,2318.060758272002
2027-06-05 12:00:00+02:00,2305.461005617673
2027-06-05 13:00:00+02:00,2280.659500475608
2027-06-05 14:00:00+02:00,2237.2841939265263
2027-06-05 15:00:00+02:00,2202.233503823788
2027-06-05 16:00:00+02:00,2195.87604410197
2027-06-05 17:00:00+02:00,2226.2874081273962
2027-06-05 18:00:00+02:00,2267.734151974928
2027-06-05 19:00:00+02:00,2353.6401856138245
2027-06-05 20:00:00+02:00,2393.6866301658265
2027-06-05 21:00:00+02:00,2292.9897912726688
2027-06-05 22:00:00+02:00,2049.4526085486536
2027-06-05 23:00:00+02:00,1781.1773601198047
2027-06-06 00:00:00+02:00,1571.286641920886
2027-06-06 01:00:00+02:00,1483.205997559238
2027-06-06 02:00:00+02:00,1443.468101693549
2027-06-06 03:00:00+02:00,1417.5784838153768
2027-06-06 04:00:00+02:00,1464.2902989097354
2027-06-06 05:00:00+02:00,1626.779020387564
2027-06-06 06:00:00+02:00,1868.8392188967437
2027-06-06 07:00:00+02:00,2088.3512377318116
2027-06-06 08:00:00+02:00,2195.0212336950403
2027-06-06 09:00:00+02:00,2223.5543846511155
2027-06-06 10:00:00+02:00,2215.8470091394797
2027-06-06 11:00:00+02:00,2213.85426225583
2027-06-06 12:00:00+02:00,2206.6195893878607
2027-06-06 13:00:00+02:00,2179.1802989441026
2027-06-06 14:00:00+02:00,2131.327638111684
2027-06-06 15:00:00+02:00,2105.6072953128432
2027-06-06 16:00:00+02:00,2112.710629887776
2027-06-06 17:00:00+02:00,2167.138937382301
2027-06-06 18:00:00+02:00,2244.6345871380945
2027-06-06 19:00:00+02:00,2342.060878607105
2027-06-06 20:00:00+02:00,2394.9955736305087
2027-06-06 21:00:00+02:00,2295.032313287239
2027-06-06 22:00:00+02:00,2061.7855363210642
2027-06-06 23:00:00+02:00,1785.0397061932683
2027-06-07 00:00:00+02:00,1830.7225185563536
2027-06-07 01:00:00+02:00,1719.1461821851847
2027-06-07 02:00:00+02:00,1658.2013423547778
2027-06-07 03:00:00+02:00,1608.7713159513341
2027-06-07 04:00:00+02:00,1616.9426615708453
2027-06-07 05:00:00+02:00,1787.6953605107128
2027-06-07 06:00:00+02:00,2064.883248676621
2027-06-07 07:00:00+02:00,2341.651332355905
2027-06-07 08:00:00+02:00,2463.960632330878
2027-06-07 09:00:00+02:00,2475.957224658321
2027-06-07 10:00:00+02:00,2446.8158573457426
2027-06-07 11:00:00+02:00,2411.637210133996
2027-06-07 12:00:00+02:00,2395.5397562742664
2027-06-07 13:00:00+02:00,2397.662481499729
2027-06-07 14:00:00+02:00,2417.74374854288
2027-06-07 15:00:00+02:00,2459.902131682503
2027-06-07 16:00:00+02:00,2493.1039213657195
2027-06-07 17:00:00+02:00,2524.9942770052867
2027-06-07 18:00:00+02:00,2535.79138355563
2027-06-07 19:00:00+02:00,2602.3702877856595
2027-06-07 20:00:00+02:00,2638.080391797645
2027-06-07 21:00:00+02:00,2509.614307244547
2027-06-07 22:00:00+02:00,2242.8398592282583
2027-06-07 23:00:00+02:00,1959.1437732078023
2027-06-08 00:00:00+02:00,1810.0898081136888
2027-06-08 01:00:00+02:00,1732.9261131738544
2027-06-08 02:00:00+02:00,1681.66563216763
2027-06-08 03:00:00+02:00,1634.3789692039138
2027-06-08 04:00:00+02:00,1648.282467404543
2027-06-08 05:00:00+02:00,1805.2702703427203
2027-06-08 06:00:00+02:00,2075.440059244654
2027-06-08 07:00:00+02:00,2340.0185343272183
2027-06-08 08:00:00+02:00,2480.194116018646
2027-06-08 09:00:00+02:00,2515.2680511519097
2027-06-08 10:00:00+02:00,2528.7527810412225
2027-06-08 11:00:00+02:00,2535.190817817904
2027-06-08 12:00:00+02:00,2544.7151672259197
2027-06-08 13:00:00+02:00,2510.0502099419928
2027-06-08 14:00:00+02:00,2469.692646367587
2027-06-08 15:00:00+02:00,2437.4934116057407
2027-06-08 16:00:00+02:00,2421.533126369977
2027-06-08 17:00:00+02:00,2424.5513424606183
2027-06-08 18:00:00+02:00,2452.843061596582
2027-06-08 19:00:00+02:00,2552.06502379281
2027-06-08 20:00:00+02:00,2629.1172275122244
2027-06-08 21:00:00+02:00,2527.85646326526
2027-06-08 22:00:00+02:00,2249.32046498133
2027-06-08 23:00:00+02:00,1928.292608947831
2027-06-09 00:00:00+02:00,1752.5151140690023
2027-06-09 01:00:00+02:00,1687.8869077426898
2027-06-09 02:00:00+02:00,1669.6692265117895
2027-06-09 03:00:00+02:00,1637.9189324445715
2027-06-09 04:00:00+02:00,1658.029681463812
2027-06-09 05:00:00+02:00,1834.5846067412451
2027-06-09 06:00:00+02:00,2115.622841805966
2027-06-09 07:00:00+02:00,2395.071400498245
2027-06-09 08:00:00+02:00,2520.759272076235
2027-06-09 09:00:00+02:00,2553.4411069362022
2027-06-09 10:00:00+02:00,2537.037640040832
2027-06-09 11:00:00+02:00,2530.8731205801478
2027-06-09 12:00:00+02:00,2516.114182115848
2027-06-09 13:00:00+02:00,2491.4469159729138
2027-06-09 14:00:00+02:00,2463.2191203976777
2027-06-09 15:00:00+02:00,2444.1533637238617
2027-06-09 16:00:00+02:00,2437.6987159241303
2027-06-09 17:00:00+02:00,2440.1462865750436
2027-06-09 18:00:00+02:00,2466.9919450036155
2027-06-09 19:00:00+02:00,2545.129230764069
2027-06-09 20:00:00+02:00,2598.884459993588
2027-06-09 21:00:00+02:00,2502.568665440989
2027-06-09 22:00:00+02:00,2253.387709778789
2027-06-09 23:00:00+02:00,1959.0115070484276
2027-06-10 00:00:00+02:00,1784.2076573763109
2027-06-10 01:00:00+02:00,1698.007703436994
2027-06-10 02:00:00+02:00,1659.9913535969515
2027-06-10 03:00:00+02:00,1633.465993653161
2027-06-10 04:00:00+02:00,1641.7460292385042
2027-06-10 05:00:00+02:00,1813.2115196020802
2027-06-10 06:00:00+02:00,2088.779098114839
2027-06-10 07:00:00+02:00,2372.745470995053
2027-06-10 08:00:00+02:00,2506.463696888762
2027-06-10 09:00:00+02:00,2536.6076358347145
2027-06-10 10:00:00+02:00,2523.8435836772383
2027-06-10 11:00:00+02:00,2512.59026367477
2027-06-10 12:00:00+02:00,2511.2464447863927
2027-06-10 13:00:00+02:00,2501.380326179097
2027-06-10 14:00:00+02:00,2467.3843622715044
2027-06-10 15:00:00+02:00,2438.4357774135415
2027-06-10 16:00:00+02:00,2431.3715775521655
2027-06-10 17:00:00+02:00,2465.7333309191336
2027-06-10 18:00:00+02:00,2512.1499306019364
2027-06-10 19:00:00+02:00,2584.430433459573
2027-06-10 20:00:00+02:00,2619.0401456516247
2027-06-10 21:00:00+02:00,2513.3560338336124
2027-06-10 22:00:00+02:00,2264.7385685557483
2027-06-10 23:00:00+02:00,1970.4224097979468
2027-06-11 00:00:00+02:00,1766.2564788959044
2027-06-11 01:00:00+02:00,1668.502777297169
2027-06-11 02:00:00+02:00,1626.3117534579565
2027-06-11 03:00:00+02:00,1591.0722572617283
2027-06-11 04:00:00+02:00,1615.3226548719188
2027-06-11 05:00:00+02:00,1811.7871538038264
2027-06-11 06:00:00+02:00,2100.692675802222
2027-06-11 07:00:00+02:00,2382.335383394445
2027-06-11 08:00:00+02:00,2511.7226771117766
2027-06-11 09:00:00+02:00,2555.0246712358066
2027-06-11 10:00:00+02:00,2568.2256219908177
2027-06-11 11:00:00+02:00,2581.498899253413
2027-06-11 12:00:00+02:00,2580.234601672742
2027-06-11 13:00:00+02:00,2546.704834180581
2027-06-11 14:00:00+02:00,2478.116484008989
2027-06-11 15:00:00+02:00,2434.7250981730836
2027-06-11 16:00:00+02:00,2414.830416668114
2027-06-11 17:00:00+02:00,2398.8193963434564
2027-06-11 18:00:00+02:00,2433.2841718823615
2027-06-11 19:00:00+02:00,2533.5137584065324
2027-06-11 20:00:00+02:00,2629.2292226979225
2027-06-11 21:00:00+02:00,2522.236336279552
2027-06-11 22:00:00+02:00,2234.4959235614106
2027-06-11 23:00:00+02:00,1919.577136368443
2027-06-12 00:00:00+02:00,1549.1071426297171
2027-06-12 01:00:00+02:00,1468.5437717475206
2027-06-12 02:00:00+02:00,1424.7427760439762
2027-06-12 03:00:00+02:00,1399.1800191035425
2027-06-12 04:00:00+02:00,1417.4132625196542
2027-06-12 05:00:00+02:00,1566.3967346386314
2027-06-12 06:00:00+02:00,1790.8057490429221
2027-06-12 07:00:00+02:00,2030.4201233889294
2027-06-12 08:00:00+02:00,2173.198265554747
2027-06-12 09:00:00+02:00,2239.1523905118224
2027-06-12 10:00:00+02:00,2277.968730937383
2027-06-12 11:00:00+02:00,2286.1053393930647
2027-06-12 12:00:00+02:00,2278.0333903134438
2027-06-12 13:00:00+02:00,2243.1256509280706
2027-06-12 14:00:00+02:00,2203.882644817105
2027-06-12 15:00:00+02:00,2188.727844434532
2027-06-12 16:00:00+02:00,2173.898589079167
2027-06-12 17:00:00+02:00,2182.8841798195926
2027-06-12 18:00:00+02:00,2213.615836922405
2027-06-12 19:00:00+02:00,2292.9296055943423
2027-06-12 20:00:00+02:00,2338.635792981421
2027-06-12 21:00:00+02:00,2244.1322547826726
2027-06-12 22:00:00+02:00,2013.1281942486128
2027-06-12 23:00:00+02:00,1742.7242012968125
2027-06-13 00:00:00+02:00,1524.210377760632
2027-06-13 01:00:00+02:00,1434.284158566073
2027-06-13 02:00:00+02:00,1394.9043456614763
2027-06-13 03:00:00+02:00,1361.9258916319545
2027-06-13 04:00:00+02:00,1362.6761458804879
2027-06-13 05:00:00+02:00,1497.1561135096492
2027-06-13 06:00:00+02:00,1735.6980091551907
2027-06-13 07:00:00+02:00,2000.166074329893
2027-06-13 08:00:00+02:00,2139.1066467568926
2027-06-13 09:00:00+02:00,2185.5441720630597
2027-06-13 10:00:00+02:00,2193.639779187575
2027-06-13 11:00:00+02:00,2199.204293428544
2027-06-13 12:00:00+02:00,2198.7404981188224
2027-06-13 13:00:00+02:00,2183.885961136726
2027-06-13 14:00:00+02:00,2156.857175096295
2027-06-13 15:00:00+02:00,2119.6867834857985
2027-06-13 16:00:00+02:00,2101.2630236436808
2027-06-13 17:00:00+02:00,2096.397489387345
2027-06-13 18:00:00+02:00,2125.4126008891617
2027-06-13 19:00:00+02:00,2185.0105059624575
2027-06-13 20:00:00+02:00,2246.1125394958544
2027-06-13 21:00:00+02:00,2171.6355092799017
2027-06-13 22:00:00+02:00,1980.055893473948
2027-06-13 23:00:00+02:00,1730.9408877638623
2027-06-14 00:00:00+02:00,1790.2029778139279
2027-06-14 01:00:00+02:00,1666.8592489257871
2027-06-14 02:00:00+02:00,1590.3786895706723
2027-06-14 03:00:00+02:00,1540.5647375102208
2027-06-14 04:00:00+02:00,1563.2518019304373
2027-06-14 05:00:00+02:00,1728.3691947023901
2027-06-14 06:00:00+02:00,1979.7139132003147
2027-06-14 07:00:00+02:00,2241.8739814255164
2027-06-14 08:00:00+02:00,2392.855248845783
2027-06-14 09:00:00+02:00,2461.6840266650984
2027-06-14 10:00:00+02:00,2489.3737364797457
2027-06-14 11:00:00+02:00,2509.8678541439804
2027-06-14 12:00:00+02:00,2513.324721122732
2027-06-14 13:00:00+02:00,2492.036245555293
2027-06-14 14:00:00+02:00,2449.5404907023267
2027-06-14 15:00:00+02:00,2433.5111049026846
2027-06-14 16:00:00+02:00,2439.8565590683575
2027-06-14 17:00:00+02:00,2470.2625302132305
2027-06-14 18:00:00+02:00,2504.5782208229834
2027-06-14 19:00:00+02:00,2583.5123975759875
2027-06-14 20:00:00+02:00,2640.952187084062
2027-06-14 21:00:00+02:00,2527.7030756231593
2027-06-14 22:00:00+02:00,2238.784605542004
2027-06-14 23:00:00+02:00,1899.1894972873101
2027-06-15 00:00:00+02:00,1720.7557713570009
2027-06-15 01:00:00+02:00,1592.211907284363
2027-06-15 02:00:00+02:00,1511.4884861954163
2027-06-15 03:00:00+02:00,1459.6744988238286
2027-06-15 04:00:00+02:00,1496.8706683861649
2027-06-15 05:00:00+02:00,1696.262836098205
2027-06-15 06:00:00+02:00,2005.9765625058255
2027-06-15 07:00:00+02:00,2312.2568155034965
2027-06-15 08:00:00+02:00,2483.8071028287427
2027-06-15 09:00:00+02:00,2545.325407348861
2027-06-15 10:00:00+02:00,2544.1693824450117
2027-06-15 11:00:00+02:00,2524.0869256523943
2027-06-15 12:00:00+02:00,2522.281163947003
2027-06-15 13:00:00+02:00,2513.600067543749
2027-06-15 14:00:00+02:00,2490.6026869323196
2027-06-15 15:00:00+02:00,2461.2621478125043
2027-06-15 16:00:00+02:00,2448.7446287286484
2027-06-15 17:00:00+02:00,2473.296369818561
2027-06-15 18:00:00+02:00,2522.041708453992
2027-06-15 19:00:00+02:00,2627.829747486808
2027-06-15 20:00:00+02:00,2693.8310005951757
2027-06-15 21:00:00+02:00,2584.290210029944
2027-06-15 22:00:00+02:00,2277.7919258803418
2027-06-15 23:00:00+02:00,1909.8157397822367
2027-06-16 00:00:00+02:00,1664.2144607101852
2027-06-16 01:00:00+02:00,1552.481169081636
2027-06-16 02:00:00+02:00,1518.9518977910611
2027-06-16 03:00:00+02:00,1489.2908906475602
2027-06-16 04:00:00+02:00,1516.5519033793787
2027-06-16 05:00:00+02:00,1725.4589259059876
2027-06-16 06:00:00+02:00,2045.3094092602557
2027-06-16 07:00:00+02:00,2372.7537880906248
2027-06-16 08:00:00+02:00,2521.664758142153
2027-06-16 09:00:00+02:00,2572.627732220702
2027-06-16 10:00:00+02:00,2571.4877105604437
2027-06-16 11:00:00+02:00,2560.7111784697768
2027-06-16 12:00:00+02:00,2535.6127416394897
2027-06-16 13:00:00+02:00,2489.561678423133
2027-06-16 14:00:00+02:00,2444.1973954024925
2027-06-16 15:00:00+02:00,2400.5461302429894
2027-06-16 16:00:00+02:00,2391.803495075264
2027-06-16 17:00:00+02:00,2406.955368924564
2027-06-16 18:00:00+02:00,2465.8393968915084
2027-06-16 19:00:00+02:00,2573.535088555776
2027-06-16 20:00:00+02:00,2667.3458935107706
2027-06-16 21:00:00+02:00,2578.151465502862
2027-06-16 22:00:00+02:00,2311.2058235753693
2027-06-16 23:00:00+02:00,1972.4946854500392
2027-06-17 00:00:00+02:00,1761.8134757881194
2027-06-17 01:00:00+02:00,1647.5792247880365
2027-06-17 02:00:00+02:00,1592.4661517434495
2027-06-17 03:00:00+02:00,1547.106578051833
2027-06-17 04:00:00+02:00,1534.9946198895607
2027-06-17 05:00:00+02:00,1681.3427592717733
2027-06-17 06:00:00+02:00,1956.077770856866
2027-06-17 07:00:00+02:00,2258.4979253145902
2027-06-17 08:00:00+02:00,2423.795503059473
2027-06-17 09:00:00+02:00,2489.32472225395
2027-06-17 10:00:00+02:00,2518.075107827211
2027-06-17 11:00:00+02:00,2540.939945193673
2027-06-17 12:00:00+02:00,2536.252467960845
2027-06-17 13:00:00+02:00,2512.8912940274517
2027-06-17 14:00:00+02:00,2484.121135645957
2027-06-17 15:00:00+02:00,2465.723132184079
2027-06-17 16:00:00+02:00,2453.787302387239
2027-06-17 17:00:00+02:00,2457.0912143241617
2027-06-17 18:00:00+02:00,2480.2109045029124
2027-06-17 19:00:00+02:00,2550.1233134036675
2027-06-17 20:00:00+02:00,2619.4354737276094
2027-06-17 21:00:00+02:00,2516.5741393666726
2027-06-17 22:00:00+02:00,2255.2044496243743
2027-06-17 23:00:00+02:00,1913.740135836361
2027-06-18 00:00:00+02:00,1705.1541501411746
2027-06-18 01:00:00+02:00,1622.388035029674
2027-06-18 02:00:00+02:00,1593.701902800369
2027-06-18 03:00:00+02:00,1547.1276726027297
2027-06-18 04:00:00+02:00,1536.0915941336607
2027-06-18 05:00:00+02:00,1673.3429439934898
2027-06-18 06:00:00+02:00,1955.0714042448396
2027-06-18 07:00:00+02:00,2261.018150305066
2027-06-18 08:00:00+02:00,2441.360355873702
2027-06-18 09:00:00+02:00,2510.735299267029
2027-06-18 10:00:00+02:00,2514.97776361231
2027-06-18 11:00:00+02:00,2515.828486315588
2027-06-18 12:00:00+02:00,2502.575448650435
2027-06-18 13:00:00+02:00,2479.5580275042475
2027-06-18 14:00:00+02:00,2451.795705300439
2027-06-18 15:00:00+02:00,2421.197489382503
2027-06-18 16:00:00+02:00,2419.8469937956015
2027-06-18 17:00:00+02:00,2434.655888092247
2027-06-18 18:00:00+02:00,2486.13058838784
2027-06-18 19:00:00+02:00,2580.9193081202197
2027-06-18 20:00:00+02:00,2660.5941551352867
2027-06-18 21:00:00+02:00,2536.8801073763793
2027-06-18 22:00:00+02:00,2260.8898186973206
2027-06-18 23:00:00+02:00,1912.5374871258714
2027-06-19 00:00:00+02:00,1531.7858403189155
2027-06-19 01:00:00+02:00,1432.0648624173764
2027-06-19 02:00:00+02:00,1387.922946016257
2027-06-19 03:00:00+02:00,1358.8827130437364
2027-06-19 04:00:00+02:00,1367.6460498348179
2027-06-19 05:00:00+02:00,1491.0781733457436
2027-06-19 06:00:00+02:00,1708.1162465817965
2027-06-19 07:00:00+02:00,1947.7272664805296
2027-06-19 08:00:00+02:00,2092.8519017073454
2027-06-19 09:00:00+02:00,2154.591433602933
2027-06-19 10:00:00+02:00,2172.616354995809
2027-06-19 11:00:00+02:00,2188.538919943447
2027-06-19 12:00:00+02:00,2200.429512712613
2027-06-19 13:00:00+02:00,2190.2363507113528
2027-06-19 14:00:00+02:00,2159.317071934399
2027-06-19 15:00:00+02:00,2140.382210370395
2027-06-19 16:00:00+02:00,2145.5952214612635
2027-06-19 17:00:00+02:00,2166.6068759712125
2027-06-19 18:00:00+02:00,2191.999373075602
2027-06-19 19:00:00+02:00,2251.642355508555
2027-06-19 20:00:00+02:00,2309.3264934315157
2027-06-19 21:00:00+02:00,2258.2952525816895
2027-06-19 22:00:00+02:00,2071.946953696245
2027-06-19 23:00:00+02:00,1812.2744601651907
2027-06-20 00:00:00+02:00,1545.318981137781
2027-06-20 01:00:00+02:00,1430.987967279845
2027-06-20 02:00:00+02:00,1368.390081363301
2027-06-20 03:00:00+02:00,1324.05015849618
2027-06-20 04:00:00+02:00,1310.833292718503
2027-06-20 05:00:00+02:00,1426.6925261880194
2027-06-20 06:00:00+02:00,1645.3798919476346
2027-06-20 07:00:00+02:00,1892.5879944487606
2027-06-20 08:00:00+02:00,2030.7458600084474
2027-06-20 09:00:00+02:00,2090.3892534729775
2027-06-20 10:00:00+02:00,2104.4405375843935
2027-06-20 11:00:00+02:00,2117.6339308100655
2027-06-20 12:00:00+02:00,2113.837334524991
2027-06-20 13:00:00+02:00,2099.6523477411442
2027-06-20 14:00:00+02:00,2086.2785935120814
2027-06-20 15:00:00+02:00,2087.3731796829834
2027-06-20 16:00:00+02:00,2087.247781383045
2027-06-20 17:00:00+02:00,2084.045085997838
2027-06-20 18:00:00+02:00,2089.3837631376755
2027-06-20 19:00:00+02:00,2141.8027216387386
2027-06-20 20:00:00+02:00,2191.303323616425
2027-06-20 21:00:00+02:00,2109.17984710459
2027-06-20 22:00:00+02:00,1898.6511424239807
2027-06-20 23:00:00+02:00,1633.1326690748203
2027-06-21 00:00:00+02:00,1630.6583621852724
2027-06-21 01:00:00+02:00,1504.4251445473433
2027-06-21 02:00:00+02:00,1432.6992696734317
2027-06-21 03:00:00+02:00,1386.8406193752498
2027-06-21 04:00:00+02:00,1412.354896983035
2027-06-21 05:00:00+02:00,1592.2588319043202
2027-06-21 06:00:00+02:00,1882.3696481216243
2027-06-21 07:00:00+02:00,2173.4947035741943
2027-06-21 08:00:00+02:00,2332.908207899905
2027-06-21 09:00:00+02:00,2388.399077530138
2027-06-21 10:00:00+02:00,2406.4131126814177
2027-06-21 11:00:00+02:00,2413.4930400622006
2027-06-21 12:00:00+02:00,2394.2527179959466
2027-06-21 13:00:00+02:00,2367.9921449255276
2027-06-21 14:00:00+02:00,2325.8199042736833
2027-06-21 15:00:00+02:00,2314.7716785688017
2027-06-21 16:00:00+02:00,2316.154187829875
2027-06-21 17:00:00+02:00,2342.5213266886226
2027-06-21 18:00:00+02:00,2379.3993046824817
2027-06-21 19:00:00+02:00,2450.7884178894765
2027-06-21 20:00:00+02:00,2499.13006284719
2027-06-21 21:00:00+02:00,2403.5997401098975
2027-06-21 22:00:00+02:00,2148.185774369596
2027-06-21 23:00:00+02:00,1844.2586542202737
2027-06-22 00:00:00+02:00,1733.2798945755221
2027-06-22 01:00:00+02:00,1616.753317431604
2027-06-22 02:00:00+02:00,1557.1004268890151
2027-06-22 03:00:00+02:00,1507.6186462461644
2027-06-22 04:00:00+02:00,1536.2524039832817
2027-06-22 05:00:00+02:00,1700.3946637015674
2027-06-22 06:00:00+02:00,1960.4268834015968
2027-06-22 07:00:00+02:00,2232.757790706364
2027-06-22 08:00:00+02:00,2405.2054427487055
2027-06-22 09:00:00+02:00,2490.270521598539
2027-06-22 10:00:00+02:00,2517.709125924782
2027-06-22 11:00:00+02:00,2512.431310004441
2027-06-22 12:00:00+02:00,2479.529820880411
2027-06-22 13:00:00+02:00,2430.5249776703513
2027-06-22 14:00:00+02:00,2383.449189255038
2027-06-22 15:00:00+02:00,2372.974972810493
2027-06-22 16:00:00+02:00,2394.2012657576734
2027-06-22 17:00:00+02:00,2420.256135393352
2027-06-22 18:00:00+02:00,2454.3939130701733
2027-06-22 19:00:00+02:00,2524.2396388254497
2027-06-22 20:00:00+02:00,2595.5689444730933
2027-06-22 21:00:00+02:00,2513.6242422956516
2027-06-22 22:00:00+02:00,2271.6408889635095
2027-06-22 23:00:00+02:00,1952.31865446215
2027-06-23 00:00:00+02:00,1729.6842499116754
2027-06-23 01:00:00+02:00,1591.8585782026237
2027-06-23 02:00:00+02:00,1527.0504219122379
2027-06-23 03:00:00+02:00,1510.7558828612057
2027-06-23 04:00:00+02:00,1532.3204255064757
2027-06-23 05:00:00+02:00,1702.5926945312153
2027-06-23 06:00:00+02:00,1976.4353697836061
2027-06-23 07:00:00+02:00,2268.200718183717
2027-06-23 08:00:00+02:00,2427.954404177263
2027-06-23 09:00:00+02:00,2489.0785799124897
2027-06-23 10:00:00+02:00,2492.4536899890454
2027-06-23 11:00:00+02:00,2480.2550407624585
2027-06-23 12:00:00+02:00,2448.2556702164284
2027-06-23 13:00:00+02:00,2420.9758562530587
2027-06-23 14:00:00+02:00,2399.6901732187775
2027-06-23 15:00:00+02:00,2413.479937609982
2027-06-23 16:00:00+02:00,2443.4925240931566
2027-06-23 17:00:00+02:00,2477.2848048730475
2027-06-23 18:00:00+02:00,2521.6688206906183
2027-06-23 19:00:00+02:00,2589.0924479963487
2027-06-23 20:00:00+02:00,2630.731825204295
2027-06-23 21:00:00+02:00,2519.2844656178436
2027-06-23 22:00:00+02:00,2265.2879934394546
2027-06-23 23:00:00+02:00,1941.6731354048504
2027-06-24 00:00:00+02:00,1710.2920352274837
2027-06-24 01:00:00+02:00,1574.9432982046387
2027-06-24 02:00:00+02:00,1524.5959993408367
2027-06-24 03:00:00+02:00,1498.0161641627685
2027-06-24 04:00:00+02:00,1506.9031469458191
2027-06-24 05:00:00+02:00,1638.8442936584383
2027-06-24 06:00:00+02:00,1880.60432756684
2027-06-24 07:00:00+02:00,2167.3999873452976
2027-06-24 08:00:00+02:00,2380.0543801314266
2027-06-24 09:00:00+02:00,2511.7507718851607
2027-06-24 10:00:00+02:00,2591.4551176393966
2027-06-24 11:00:00+02:00,2617.0016304870082
2027-06-24 12:00:00+02:00,2608.8464468668653
2027-06-24 13:00:00+02:00,2554.3075654398062
2027-06-24 14:00:00+02:00,2478.423624009369
2027-06-24 15:00:00+02:00,2414.7954901035287
2027-06-24 16:00:00+02:00,2402.558786235845
2027-06-24 17:00:00+02:00,2443.237745696903
2027-06-24 18:00:00+02:00,2502.7537110491735
2027-06-24 19:00:00+02:00,2566.926790297833
2027-06-24 20:00:00+02:00,2571.2424907630884
2027-06-24 21:00:00+02:00,2428.8004652254003
2027-06-24 22:00:00+02:00,2177.181518375303
2027-06-24 23:00:00+02:00,1885.5277642533351
2027-06-25 00:00:00+02:00,1712.4740455599624
2027-06-25 01:00:00+02:00,1604.8303856737828
2027-06-25 02:00:00+02:00,1554.3361903425766
2027-06-25 03:00:00+02:00,1502.3733483337564
2027-06-25 04:00:00+02:00,1504.9109215670462
2027-06-25 05:00:00+02:00,1688.9883636122927
2027-06-25 06:00:00+02:00,1992.290896873908
2027-06-25 07:00:00+02:00,2310.632550389803
2027-06-25 08:00:00+02:00,2462.0637997215686
2027-06-25 09:00:00+02:00,2497.848891878435
2027-06-25 10:00:00+02:00,2477.987035288554
2027-06-25 11:00:00+02:00,2457.0255826919656
2027-06-25 12:00:00+02:00,2441.7371488406097
2027-06-25 13:00:00+02:00,2400.5930672928384
2027-06-25 14:00:00+02:00,2359.8372753500666
2027-06-25 15:00:00+02:00,2344.0585664
2027-06-25 16:00:00+02:00,2369.4128649407885
2027-06-25 17:00:00+02:00,2400.4130346251754
2027-06-25 18:00:00+02:00,2442.2465175881684
2027-06-25 19:00:00+02:00,2516.0267146026313
2027-06-25 20:00:00+02:00,2565.99800809855
2027-06-25 21:00:00+02:00,2458.8095310964163
2027-06-25 22:00:00+02:00,2223.493716739914
2027-06-25 23:00:00+02:00,1945.0635752393657
2027-06-26 00:00:00+02:00,1539.3115289270752
2027-06-26 01:00:00+02:00,1442.1006539565547
2027-06-26 02:00:00+02:00,1389.2975304028907
2027-06-26 03:00:00+02:00,1356.2419311138847
2027-06-26 04:00:00+02:00,1375.3030457685215
2027-06-26 05:00:00+02:00,1533.0100832937571
2027-06-26 06:00:00+02:00,1777.8411039268317
2027-06-26 07:00:00+02:00,2008.9432654287825
2027-06-26 08:00:00+02:00,2109.0498487087416
2027-06-26 09:00:00+02:00,2124.9477826157454
2027-06-26 10:00:00+02:00,2120.3922842416973
2027-06-26 11:00:00+02:00,2125.442172922288
2027-06-26 12:00:00+02:00,2126.420325804252
2027-06-26 13:00:00+02:00,2124.3661532474243
2027-06-26 14:00:00+02:00,2103.2567527870906
2027-06-26 15:00:00+02:00,2100.4235153649806
2027-06-26 16:00:00+02:00,2090.905250423089
2027-06-26 17:00:00+02:00,2103.862147232343
2027-06-26 18:00:00+02:00,2126.64823982402
2027-06-26 19:00:00+02:00,2196.338858958724
2027-06-26 20:00:00+02:00,2240.683535441367
2027-06-26 21:00:00+02:00,2155.671280941065
2027-06-26 22:00:00+02:00,1941.0666681223274
2027-06-26 23:00:00+02:00,1698.066032644612
2027-06-27 00:00:00+02:00,1490.8535464367444
2027-06-27 01:00:00+02:00,1399.5522121067477
2027-06-27 02:00:00+02:00,1342.5874683019908
2027-06-27 03:00:00+02:00,1300.9645094296138
2027-06-27 04:00:00+02:00,1308.0719913560442
2027-06-27 05:00:00+02:00,1416.1634771953297
2027-06-27 06:00:00+02:00,1619.3266069169558
2027-06-27 07:00:00+02:00,1841.9902890901458
2027-06-27 08:00:00+02:00,1984.2537362047951
2027-06-27 09:00:00+02:00,2054.482470937644
2027-06-27 10:00:00+02:00,2094.467099183675
2027-06-27 11:00:00+02:00,2133.9685603378566
2027-06-27 12:00:00+02:00,2155.6921974838647
2027-06-27 13:00:00+02:00,2142.2131697224586
2027-06-27 14:00:00+02:00,2095.245113980626
2027-06-27 15:00:00+02:00,2056.2005694165764
2027-06-27 16:00:00+02:00,2039.9308312824357
2027-06-27 17:00:00+02:00,2042.8756183108276
2027-06-27 18:00:00+02:00,2047.922384339878
2027-06-27 19:00:00+02:00,2080.9426740258305
2027-06-27 20:00:00+02:00,2118.8581757385623
2027-06-27 21:00:00+02:00,2062.3445698956907
2027-06-27 22:00:00+02:00,1899.7412956222474
2027-06-27 23:00:00+02:00,1660.2503051205615
2027-06-28 00:00:00+02:00,1726.7007470199098
2027-06-28 01:00:00+02:00,1601.2649834394927
2027-06-28 02:00:00+02:00,1561.6553160578774
2027-06-28 03:00:00+02:00,1539.8222187885153
2027-06-28 04:00:00+02:00,1558.1918533357054
2027-06-28 05:00:00+02:00,1693.84420563181
2027-06-28 06:00:00+02:00,1931.0531813000664
2027-06-28 07:00:00+02:00,2156.383644147461
2027-06-28 08:00:00+02:00,2265.4435896294563
2027-06-28 09:00:00+02:00,2296.405219924756
2027-06-28 10:00:00+02:00,2325.7780661437
2027-06-28 11:00:00+02:00,2364.2006048484536
2027-06-28 12:00:00+02:00,2373.508454064483
2027-06-28 13:00:00+02:00,2343.3006885324435
2027-06-28 14:00:00+02:00,2289.87600826559
2027-06-28 15:00:00+02:00,2259.160945791627
2027-06-28 16:00:00+02:00,2275.4638485086257
2027-06-28 17:00:00+02:00,2333.1274859678538
2027-06-28 18:00:00+02:00,2403.494152300681
2027-06-28 19:00:00+02:00,2482.212318205421
2027-06-28 20:00:00+02:00,2524.4830400852284
2027-06-28 21:00:00+02:00,2426.3306890645745
2027-06-28 22:00:00+02:00,2213.6871688639526
2027-06-28 23:00:00+02:00,1961.7590975337916
2027-06-29 00:00:00+02:00,1801.1655549399602
2027-06-29 01:00:00+02:00,1699.5011743498465
2027-06-29 02:00:00+02:00,1636.2199341786752
2027-06-29 03:00:00+02:00,1588.9607339567442
2027-06-29 04:00:00+02:00,1595.6009245350442
2027-06-29 05:00:00+02:00,1712.413327663428
2027-06-29 06:00:00+02:00,1914.1699384576682
2027-06-29 07:00:00+02:00,2111.22570826599
2027-06-29 08:00:00+02:00,2225.273194863043
2027-06-29 09:00:00+02:00,2271.195164993049
2027-06-29 10:00:00+02:00,2307.0394138958964
2027-06-29 11:00:00+02:00,2342.0631002280215
2027-06-29 12:00:00+02:00,2365.021263917089
2027-06-29 13:00:00+02:00,2359.0421630075434
2027-06-29 14:00:00+02:00,2342.5905321992695
2027-06-29 15:00:00+02:00,2345.4328684248976
2027-06-29 16:00:00+02:00,2367.406703438771
2027-06-29 17:00:00+02:00,2385.67718756354
2027-06-29 18:00:00+02:00,2415.165412550227
2027-06-29 19:00:00+02:00,2476.4755702180123
2027-06-29 20:00:00+02:00,2525.577467055213
2027-06-29 21:00:00+02:00,2428.063862789828
2027-06-29 22:00:00+02:00,2155.370160208264
2027-06-29 23:00:00+02:00,1848.160776547657
2027-06-30 00:00:00+02:00,1638.8780620650616
2027-06-30 01:00:00+02:00,1550.7492022128133
2027-06-30 02:00:00+02:00,1489.8422391410747
2027-06-30 03:00:00+02:00,1455.874794920343
2027-06-30 04:00:00+02:00,1461.8532193663227
2027-06-30 05:00:00+02:00,1620.136115107386
2027-06-30 06:00:00+02:00,1890.668147482322
2027-06-30 07:00:00+02:00,2180.5579831475657
2027-06-30 08:00:00+02:00,2352.1308425478164
2027-06-30 09:00:00+02:00,2414.8781343563746
2027-06-30 10:00:00+02:00,2428.8534437526223
2027-06-30 11:00:00+02:00,2433.688805428291
2027-06-30 12:00:00+02:00,2424.693290862387
2027-06-30 13:00:00+02:00,2393.5051790348807
2027-06-30 14:00:00+02:00,2353.9187021528173
2027-06-30 15:00:00+02:00,2351.9118148478074
2027-06-30 16:00:00+02:00,2371.8955698739396
2027-06-30 17:00:00+02:00,2398.896875149544
2027-06-30 18:00:00+02:00,2434.525944851381
2027-06-30 19:00:00+02:00,2498.7950303193466
2027-06-30 20:00:00+02:00,2549.252907550611
2027-06-30 21:00:00+02:00,2435.116828724791
2027-06-30 22:00:00+02:00,2178.9853444086593
2027-06-30 23:00:00+02:00,1855.4901223883899
2027-07-01 00:00:00+02:00,1655.9143545454733
2027-07-01 01:00:00+02:00,1536.9955201969274
2027-07-01 02:00:00+02:00,1487.9674742609643
2027-07-01 03:00:00+02:00,1461.9658468368737
2027-07-01 04:00:00+02:00,1486.4068954927611
2027-07-01 05:00:00+02:00,1650.8815380307285
2027-07-01 06:00:00+02:00,1905.2200048847621
2027-07-01 07:00:00+02:00,2166.9895735632567
2027-07-01 08:00:00+02:00,2311.834793501875
2027-07-01 09:00:00+02:00,2374.7779973376705
2027-07-01 10:00:00+02:00,2418.2461211432174
2027-07-01 11:00:00+02:00,2437.0371710352038
2027-07-01 12:00:00+02:00,2427.7541108794594
2027-07-01 13:00:00+02:00,2392.1591424766184
2027-07-01 14:00:00+02:00,2356.3420256746303
2027-07-01 15:00:00+02:00,2337.0701855041502
2027-07-01 16:00:00+02:00,2331.880754204261
2027-07-01 17:00:00+02:00,2346.95516750137
2027-07-01 18:00:00+02:00,2395.039752147817
2027-07-01 19:00:00+02:00,2482.9682374059
2027-07-01 20:00:00+02:00,2561.3087118800813
2027-07-01 21:00:00+02:00,2466.707117071204
2027-07-01 22:00:00+02:00,2218.7012640848066
2027-07-01 23:00:00+02:00,1884.2042276724908
2027-07-02 00:00:00+02:00,1659.072141201393
2027-07-02 01:00:00+02:00,1541.6168759828563
2027-07-02 02:00:00+02:00,1497.9843995183903
2027-07-02 03:00:00+02:00,1481.8092801023543
2027-07-02 04:00:00+02:00,1485.7349152430727
2027-07-02 05:00:00+02:00,1636.3836436174397
2027-07-02 06:00:00+02:00,1885.7197797618771
2027-07-02 07:00:00+02:00,2165.434667726469
2027-07-02 08:00:00+02:00,2333.861084693951
2027-07-02 09:00:00+02:00,2404.1939132086422
2027-07-02 10:00:00+02:00,2436.5199158401533
2027-07-02 11:00:00+02:00,2435.2718821213657
2027-07-02 12:00:00+02:00,2417.8617060625957
2027-07-02 13:00:00+02:00,2391.9021213283563
2027-07-02 14:00:00+02:00,2359.968537282936
2027-07-02 15:00:00+02:00,2346.113914875245
2027-07-02 16:00:00+02:00,2334.4628658602364
2027-07-02 17:00:00+02:00,2331.207041964864
2027-07-02 18:00:00+02:00,2361.4553732075333
2027-07-02 19:00:00+02:00,2434.3973641517346
2027-07-02 20:00:00+02:00,2505.448462864869
2027-07-02 21:00:00+02:00,2407.5267602393355
2027-07-02 22:00:00+02:00,2156.6030141276956
2027-07-02 23:00:00+02:00,1859.5727954881713
2027-07-03 00:00:00+02:00,1477.4395080211968
2027-07-03 01:00:00+02:00,1386.2131515997764
2027-07-03 02:00:00+02:00,1318.1335121902941
2027-07-03 03:00:00+02:00,1262.2576450995766
2027-07-03 04:00:00+02:00,1262.2065475927318
2027-07-03 05:00:00+02:00,1404.2580920032865
2027-07-03 06:00:00+02:00,1639.4103186387474
2027-07-03 07:00:00+02:00,1881.9426038554996
2027-07-03 08:00:00+02:00,2022.9324370525217
2027-07-03 09:00:00+02:00,2079.5470859179704
2027-07-03 10:00:00+02:00,2096.8619824403877
2027-07-03 11:00:00+02:00,2093.7646134002152
2027-07-03 12:00:00+02:00,2077.5982665895463
2027-07-03 13:00:00+02:00,2061.5017927319673
2027-07-03 14:00:00+02:00,2049.3182373661402
2027-07-03 15:00:00+02:00,2059.7555526649517
2027-07-03 16:00:00+02:00,2078.4069284781976
2027-07-03 17:00:00+02:00,2108.6589081013008
2027-07-03 18:00:00+02:00,2139.9910003822224
2027-07-03 19:00:00+02:00,2193.247483101904
2027-07-03 20:00:00+02:00,2220.7562684446807
2027-07-03 21:00:00+02:00,2117.969237057431
2027-07-03 22:00:00+02:00,1909.2663276445364
2027-07-03 23:00:00+02:00,1654.9183391873667
2027-07-04 00:00:00+02:00,1456.0252811650194
2027-07-04 01:00:00+02:00,1361.542209242035
2027-07-04 02:00:00+02:00,1319.201127506299
2027-07-04 03:00:00+02:00,1285.936953958263
2027-07-04 04:00:00+02:00,1284.6969306474707
2027-07-04 05:00:00+02:00,1395.7910264044092
2027-07-04 06:00:00+02:00,1599.2290461218538
2027-07-04 07:00:00+02:00,1836.380398570308
2027-07-04 08:00:00+02:00,1988.1168381934876
2027-07-04 09:00:00+02:00,2060.855365713309
2027-07-04 10:00:00+02:00,2081.3643386797044
2027-07-04 11:00:00+02:00,2076.9550398566685
2027-07-04 12:00:00+02:00,2047.8524000459336
2027-07-04 13:00:00+02:00,2011.85192674734
2027-07-04 14:00:00+02:00,1971.0189600636927
2027-07-04 15:00:00+02:00,1957.150560126983
2027-07-04 16:00:00+02:00,1939.7211905712788
2027-07-04 17:00:00+02:00,1941.1695985309182
2027-07-04 18:00:00+02:00,1958.5577152150072
2027-07-04 19:00:00+02:00,2041.8907165546677
2027-07-04 20:00:00+02:00,2117.6846952571523
2027-07-04 21:00:00+02:00,2050.4188269781334
2027-07-04 22:00:00+02:00,1842.9459305076416
2027-07-04 23:00:00+02:00,1569.8286814432627
2027-07-05 00:00:00+02:00,1627.1252023458808
2027-07-05 01:00:00+02:00,1539.7893906691397
2027-07-05 02:00:00+02:00,1516.9454525729561
2027-07-05 03:00:00+02:00,1485.604014869535
2027-07-05 04:00:00+02:00,1465.9641111416563
2027-07-05 05:00:00+02:00,1578.5110372808706
2027-07-05 06:00:00+02:00,1808.6477825326278
2027-07-05 07:00:00+02:00,2082.981523927623
2027-07-05 08:00:00+02:00,2239.8889235024903
2027-07-05 09:00:00+02:00,2296.32490610435
2027-07-05 10:00:00+02:00,2325.2285615910714
2027-07-05 11:00:00+02:00,2355.1300440709483
2027-07-05 12:00:00+02:00,2369.2601812005996
2027-07-05 13:00:00+02:00,2351.8268960693017
2027-07-05 14:00:00+02:00,2318.267436403468
2027-07-05 15:00:00+02:00,2296.0540755722654
2027-07-05 16:00:00+02:00,2287.0560414818256
2027-07-05 17:00:00+02:00,2311.7312741377086
2027-07-05 18:00:00+02:00,2361.3542932553155
2027-07-05 19:00:00+02:00,2454.611743774375
2027-07-05 20:00:00+02:00,2518.364280548234
2027-07-05 21:00:00+02:00,2411.732345978624
2027-07-05 22:00:00+02:00,2115.8590915956192
2027-07-05 23:00:00+02:00,1767.844104515046
2027-07-06 00:00:00+02:00,1563.0384177273806
2027-07-06 01:00:00+02:00,1469.735108348675
2027-07-06 02:00:00+02:00,1430.0937380909825
2027-07-06 03:00:00+02:00,1410.62193896581
2027-07-06 04:00:00+02:00,1433.7614196879929
2027-07-06 05:00:00+02:00,1582.2536103268517
2027-07-06 06:00:00+02:00,1831.4310156108966
2027-07-06 07:00:00+02:00,2098.4243850583166
2027-07-06 08:00:00+02:00,2265.03874568457
2027-07-06 09:00:00+02:00,2344.559012220663
2027-07-06 10:00:00+02:00,2398.687198835442
2027-07-06 11:00:00+02:00,2453.0696068826214
2027-07-06 12:00:00+02:00,2493.13516127982
2027-07-06 13:00:00+02:00,2502.8813301240934
2027-07-06 14:00:00+02:00,2467.79413719824
2027-07-06 15:00:00+02:00,2418.6432478991746
2027-07-06 16:00:00+02:00,2368.336143763037
2027-07-06 17:00:00+02:00,2335.3263697593993
2027-07-06 18:00:00+02:00,2337.4099009609345
2027-07-06 19:00:00+02:00,2391.226094865866
2027-07-06 20:00:00+02:00,2436.557477183665
2027-07-06 21:00:00+02:00,2310.5537487810193
2027-07-06 22:00:00+02:00,2050.6511363054074
2027-07-06 23:00:00+02:00,1735.6660347731681
2027-07-07 00:00:00+02:00,1547.5625532927818
2027-07-07 01:00:00+02:00,1437.8007226599673
2027-07-07 02:00:00+02:00,1377.3712087909705
2027-07-07 03:00:00+02:00,1342.887649114364
2027-07-07 04:00:00+02:00,1359.177473980896
2027-07-07 05:00:00+02:00,1530.7508239310384
2027-07-07 06:00:00+02:00,1814.6135739873957
2027-07-07 07:00:00+02:00,2112.985599668392
2027-07-07 08:00:00+02:00,2320.304535452293
2027-07-07 09:00:00+02:00,2424.31017098829
2027-07-07 10:00:00+02:00,2488.2414911299197
2027-07-07 11:00:00+02:00,2508.5438725083104
2027-07-07 12:00:00+02:00,2494.0306114749274
2027-07-07 13:00:00+02:00,2435.1445661212383
2027-07-07 14:00:00+02:00,2338.6830820394603
2027-07-07 15:00:00+02:00,2284.1161212880324
2027-07-07 16:00:00+02:00,2275.959234478611
2027-07-07 17:00:00+02:00,2304.0737540200284
2027-07-07 18:00:00+02:00,2360.631450519172
2027-07-07 19:00:00+02:00,2451.2653194006625
2027-07-07 20:00:00+02:00,2525.6539489937477
2027-07-07 21:00:00+02:00,2394.349098385189
2027-07-07 22:00:00+02:00,2104.978121748444
2027-07-07 23:00:00+02:00,1771.8897229981715
2027-07-08 00:00:00+02:00,1615.5141939037007
2027-07-08 01:00:00+02:00,1513.7173654948206
2027-07-08 02:00:00+02:00,1471.890969335661
2027-07-08 03:00:00+02:00,1443.3047386996102
2027-07-08 04:00:00+02:00,1460.7198832297881
2027-07-08 05:00:00+02:00,1590.3987701846984
2027-07-08 06:00:00+02:00,1832.04742140703
2027-07-08 07:00:00+02:00,2094.6450880618277
2027-07-08 08:00:00+02:00,2249.8768893264914
2027-07-08 09:00:00+02:00,2329.611551836493
2027-07-08 10:00:00+02:00,2358.498770533938
2027-07-08 11:00:00+02:00,2392.195540720782
2027-07-08 12:00:00+02:00,2388.858569477222
2027-07-08 13:00:00+02:00,2372.4454139148943
2027-07-08 14:00:00+02:00,2339.0709628407235
2027-07-08 15:00:00+02:00,2309.969284919808
2027-07-08 16:00:00+02:00,2283.70816659427
2027-07-08 17:00:00+02:00,2283.9363651308954
2027-07-08 18:00:00+02:00,2321.18222092926
2027-07-08 19:00:00+02:00,2415.692771929085
2027-07-08 20:00:00+02:00,2483.2972689994745
2027-07-08 21:00:00+02:00,2389.0999174576204
2027-07-08 22:00:00+02:00,2153.9684388382902
2027-07-08 23:00:00+02:00,1868.7792322670211
2027-07-09 00:00:00+02:00,1652.7953135896337
2027-07-09 01:00:00+02:00,1558.276213793305
2027-07-09 02:00:00+02:00,1521.162361708003
2027-07-09 03:00:00+02:00,1487.8240386447926
2027-07-09 04:00:00+02:00,1490.6756865743819
2027-07-09 05:00:00+02:00,1623.2174476018965
2027-07-09 06:00:00+02:00,1849.2566331392236
2027-07-09 07:00:00+02:00,2091.236248390231
2027-07-09 08:00:00+02:00,2213.388546142514
2027-07-09 09:00:00+02:00,2266.8469870994213
2027-07-09 10:00:00+02:00,2308.9529454372296
2027-07-09 11:00:00+02:00,2349.5851277318025
2027-07-09 12:00:00+02:00,2354.6317007334264
2027-07-09 13:00:00+02:00,2320.6624293349246
2027-07-09 14:00:00+02:00,2273.1472602701447
2027-07-09 15:00:00+02:00,2252.9469754632923
2027-07-09 16:00:00+02:00,2264.746671276384
2027-07-09 17:00:00+02:00,2303.0477031371856
2027-07-09 18:00:00+02:00,2350.5409173179128
2027-07-09 19:00:00+02:00,2428.593462810108
2027-07-09 20:00:00+02:00,2468.5089034138573
2027-07-09 21:00:00+02:00,2342.9117653587055
2027-07-09 22:00:00+02:00,2080.0239094480435
2027-07-09 23:00:00+02:00,1740.1198217947422
2027-07-10 00:00:00+02:00,1358.0488969690114
2027-07-10 01:00:00+02:00,1268.461784559237
2027-07-10 02:00:00+02:00,1266.5487270639808
2027-07-10 03:00:00+02:00,1281.4431535412566
2027-07-10 04:00:00+02:00,1298.3179237696202
2027-07-10 05:00:00+02:00,1405.650012808831
2027-07-10 06:00:00+02:00,1600.1764430095213
2027-07-10 07:00:00+02:00,1846.0209412121544
2027-07-10 08:00:00+02:00,2007.142755169449
2027-07-10 09:00:00+02:00,2066.1946173583265
2027-07-10 10:00:00+02:00,2072.4678333382
2027-07-10 11:00:00+02:00,2070.693766694754
2027-07-10 12:00:00+02:00,2064.9151200168794
2027-07-10 13:00:00+02:00,2023.9561274943944
2027-07-10 14:00:00+02:00,1971.0417075586463
2027-07-10 15:00:00+02:00,1937.5260505581573
2027-07-10 16:00:00+02:00,1931.7257524768409
2027-07-10 17:00:00+02:00,1951.039505382366
2027-07-10 18:00:00+02:00,1986.6464455963855
2027-07-10 19:00:00+02:00,2077.0801796226165
2027-07-10 20:00:00+02:00,2151.9911078583186
2027-07-10 21:00:00+02:00,2084.5896031264288
2027-07-10 22:00:00+02:00,1876.5443596446535
2027-07-10 23:00:00+02:00,1596.6034083600307
2027-07-11 00:00:00+02:00,1355.0357570267252
2027-07-11 01:00:00+02:00,1256.2863945331692
2027-07-11 02:00:00+02:00,1227.717216865725
2027-07-11 03:00:00+02:00,1218.1516618294775
2027-07-11 04:00:00+02:00,1235.6674907986392
2027-07-11 05:00:00+02:00,1331.0744840411296
2027-07-11 06:00:00+02:00,1524.2482795169415
2027-07-11 07:00:00+02:00,1767.2501860275672
2027-07-11 08:00:00+02:00,1942.7145141435349
2027-07-11 09:00:00+02:00,2019.5205188776133
2027-07-11 10:00:00+02:00,2018.2855221847085
2027-07-11 11:00:00+02:00,1997.5666367044107
2027-07-11 12:00:00+02:00,1961.2487999727896
2027-07-11 13:00:00+02:00,1928.6227606388086
2027-07-11 14:00:00+02:00,1902.9486812823727
2027-07-11 15:00:00+02:00,1899.9664790799711
2027-07-11 16:00:00+02:00,1895.8636738930295
2027-07-11 17:00:00+02:00,1886.5873998669222
2027-07-11 18:00:00+02:00,1909.786655102099
2027-07-11 19:00:00+02:00,1995.4705268148823
2027-07-11 20:00:00+02:00,2080.661196991404
2027-07-11 21:00:00+02:00,2022.4897174375317
2027-07-11 22:00:00+02:00,1812.2403044393336
2027-07-11 23:00:00+02:00,1534.1088831353272
2027-07-12 00:00:00+02:00,1594.0714159077174
2027-07-12 01:00:00+02:00,1463.7913529932596
2027-07-12 02:00:00+02:00,1430.1184725217215
2027-07-12 03:00:00+02:00,1409.1205799114382
2027-07-12 04:00:00+02:00,1419.5613856304271
2027-07-12 05:00:00+02:00,1543.8348088319774
2027-07-12 06:00:00+02:00,1783.851211814393
2027-07-12 07:00:00+02:00,2059.080042106855
2027-07-12 08:00:00+02:00,2219.5136321684636
2027-07-12 09:00:00+02:00,2277.6598623213563
2027-07-12 10:00:00+02:00,2303.391194421127
2027-07-12 11:00:00+02:00,2319.235321862993
2027-07-12 12:00:00+02:00,2319.4243049312618
2027-07-12 13:00:00+02:00,2297.254713686828
2027-07-12 14:00:00+02:00,2270.316069496512
2027-07-12 15:00:00+02:00,2253.9864321651044
2027-07-12 16:00:00+02:00,2225.2804920555086
2027-07-12 17:00:00+02:00,2198.477565015478
2027-07-12 18:00:00+02:00,2206.680614303385
2027-07-12 19:00:00+02:00,2289.8288897084217
2027-07-12 20:00:00+02:00,2386.8318268972125
2027-07-12 21:00:00+02:00,2311.756134571085
2027-07-12 22:00:00+02:00,2077.1696836962456
2027-07-12 23:00:00+02:00,1804.2186787423955
2027-07-13 00:00:00+02:00,1635.4910682575417
2027-07-13 01:00:00+02:00,1562.908167394049
2027-07-13 02:00:00+02:00,1496.3671610292224
2027-07-13 03:00:00+02:00,1437.5145438230434
2027-07-13 04:00:00+02:00,1415.365462904114
2027-07-13 05:00:00+02:00,1539.8039397750865
2027-07-13 06:00:00+02:00,1802.9896714812387
2027-07-13 07:00:00+02:00,2084.1148804100076
2027-07-13 08:00:00+02:00,2245.822122950569
2027-07-13 09:00:00+02:00,2285.567717064119
2027-07-13 10:00:00+02:00,2291.508023993406
2027-07-13 11:00:00+02:00,2291.8231591056483
2027-07-13 12:00:00+02:00,2287.5506961441088
2027-07-13 13:00:00+02:00,2273.0824072100168
2027-07-13 14:00:00+02:00,2256.0231829286486
2027-07-13 15:00:00+02:00,2233.7353728604153
2027-07-13 16:00:00+02:00,2214.9696551215698
2027-07-13 17:00:00+02:00,2193.526983290575
2027-07-13 18:00:00+02:00,2223.4871112351652
2027-07-13 19:00:00+02:00,2305.3315929056475
2027-07-13 20:00:00+02:00,2426.6257366104514
2027-07-13 21:00:00+02:00,2356.1314515449244
2027-07-13 22:00:00+02:00,2117.5112888814856
2027-07-13 23:00:00+02:00,1761.3689869854625
2027-07-14 00:00:00+02:00,1536.1682765961605
2027-07-14 01:00:00+02:00,1408.713984249887
2027-07-14 02:00:00+02:00,1363.573726076753
2027-07-14 03:00:00+02:00,1352.117073580678
2027-07-14 04:00:00+02:00,1379.3573456766028
2027-07-14 05:00:00+02:00,1555.0781418215927
2027-07-14 06:00:00+02:00,1828.1621867797269
2027-07-14 07:00:00+02:00,2120.536468472083
2027-07-14 08:00:00+02:00,2276.7147301178047
2027-07-14 09:00:00+02:00,2343.681182423749
2027-07-14 10:00:00+02:00,2363.271934199228
2027-07-14 11:00:00+02:00,2378.636156271999
2027-07-14 12:00:00+02:00,2368.532948469381
2027-07-14 13:00:00+02:00,2334.364765562574
2027-07-14 14:00:00+02:00,2279.194822595962
2027-07-14 15:00:00+02:00,2227.198759792139
2027-07-14 16:00:00+02:00,2208.1252131378033
2027-07-14 17:00:00+02:00,2197.1368580493886
2027-07-14 18:00:00+02:00,2220.246457768998
2027-07-14 19:00:00+02:00,2305.3114007655117
2027-07-14 20:00:00+02:00,2401.030644751878
2027-07-14 21:00:00+02:00,2341.857648072793
2027-07-14 22:00:00+02:00,2112.020643177458
2027-07-14 23:00:00+02:00,1799.805766015046
2027-07-15 00:00:00+02:00,1603.9459627131303
2027-07-15 01:00:00+02:00,1478.902907523451
2027-07-15 02:00:00+02:00,1428.118368017794
2027-07-15 03:00:00+02:00,1414.955379183568
2027-07-15 04:00:00+02:00,1435.5197377968086
2027-07-15 05:00:00+02:00,1579.7961627902666
2027-07-15 06:00:00+02:00,1799.7316719707626
2027-07-15 07:00:00+02:00,2048.018822349584
2027-07-15 08:00:00+02:00,2179.857675275363
2027-07-15 09:00:00+02:00,2249.2186154340666
2027-07-15 10:00:00+02:00,2269.1997627161436
2027-07-15 11:00:00+02:00,2291.4013313157816
2027-07-15 12:00:00+02:00,2292.3779471273006
2027-07-15 13:00:00+02:00,2278.856419045582
2027-07-15 14:00:00+02:00,2251.1994046881205
2027-07-15 15:00:00+02:00,2236.1553316092213
2027-07-15 16:00:00+02:00,2236.768890174789
2027-07-15 17:00:00+02:00,2262.8606929944112
2027-07-15 18:00:00+02:00,2306.755575216094
2027-07-15 19:00:00+02:00,2391.4180652286045
2027-07-15 20:00:00+02:00,2443.3113713537145
2027-07-15 21:00:00+02:00,2325.615393951513
2027-07-15 22:00:00+02:00,2060.1042185338424
2027-07-15 23:00:00+02:00,1736.5283469479157
2027-07-16 00:00:00+02:00,1517.4792401182765
2027-07-16 01:00:00+02:00,1412.3902232132584
2027-07-16 02:00:00+02:00,1381.4838393631303
2027-07-16 03:00:00+02:00,1366.380877864243
2027-07-16 04:00:00+02:00,1377.113713404617
2027-07-16 05:00:00+02:00,1538.4584848463808
2027-07-16 06:00:00+02:00,1810.4766551487087
2027-07-16 07:00:00+02:00,2111.4741236344307
2027-07-16 08:00:00+02:00,2269.2923331059083
2027-07-16 09:00:00+02:00,2323.4469470381596
2027-07-16 10:00:00+02:00,2331.778673873921
2027-07-16 11:00:00+02:00,2338.847849399884
2027-07-16 12:00:00+02:00,2323.3020208896273
2027-07-16 13:00:00+02:00,2282.963808800366
2027-07-16 14:00:00+02:00,2215.584117676625
2027-07-16 15:00:00+02:00,2169.387769392127
2027-07-16 16:00:00+02:00,2160.9064776755745
2027-07-16 17:00:00+02:00,2189.1608216539466
2027-07-16 18:00:00+02:00,2257.487993726549
2027-07-16 19:00:00+02:00,2362.1934029298754
2027-07-16 20:00:00+02:00,2432.2291105781974
2027-07-16 21:00:00+02:00,2323.3705057301195
2027-07-16 22:00:00+02:00,2067.4512816456668
2027-07-16 23:00:00+02:00,1770.5893610010348
2027-07-17 00:00:00+02:00,1385.1734178243505
2027-07-17 01:00:00+02:00,1281.5993663811
2027-07-17 02:00:00+02:00,1217.3327243534964
2027-07-17 03:00:00+02:00,1175.5739378423827
2027-07-17 04:00:00+02:00,1184.7518571216058
2027-07-17 05:00:00+02:00,1330.2025139864134
2027-07-17 06:00:00+02:00,1567.9735795999236
2027-07-17 07:00:00+02:00,1807.0618082536043
2027-07-17 08:00:00+02:00,1931.8705233707515
2027-07-17 09:00:00+02:00,1950.3589134736799
2027-07-17 10:00:00+02:00,1950.5853134238093
2027-07-17 11:00:00+02:00,1956.193435938963
2027-07-17 12:00:00+02:00,1971.5601878907844
2027-07-17 13:00:00+02:00,1958.582234106751
2027-07-17 14:00:00+02:00,1940.740028728839
2027-07-17 15:00:00+02:00,1935.5368841544202
2027-07-17 16:00:00+02:00,1951.3635362794505
2027-07-17 17:00:00+02:00,1960.304739708288
2027-07-17 18:00:00+02:00,1983.6167163260247
2027-07-17 19:00:00+02:00,2052.716609012408
2027-07-17 20:00:00+02:00,2120.051742235056
2027-07-17 21:00:00+02:00,2047.6127944957977
2027-07-17 22:00:00+02:00,1828.7914260287857
2027-07-17 23:00:00+02:00,1538.3150132247501
2027-07-18 00:00:00+02:00,1295.5973663111472
2027-07-18 01:00:00+02:00,1192.9035821903294
2027-07-18 02:00:00+02:00,1157.7991440628698
2027-07-18 03:00:00+02:00,1154.8663626333303
2027-07-18 04:00:00+02:00,1167.9169156583769
2027-07-18 05:00:00+02:00,1271.2551852767854
2027-07-18 06:00:00+02:00,1447.2382475387947
2027-07-18 07:00:00+02:00,1680.7094317759818
2027-07-18 08:00:00+02:00,1848.1634715848904
2027-07-18 09:00:00+02:00,1944.5212889293505
2027-07-18 10:00:00+02:00,1996.1684508606509
2027-07-18 11:00:00+02:00,2020.5440752892796
2027-07-18 12:00:00+02:00,2015.3100131336248
2027-07-18 13:00:00+02:00,1969.8611744503498
2027-07-18 14:00:00+02:00,1917.1703246081704
2027-07-18 15:00:00+02:00,1881.8207644262045
2027-07-18 16:00:00+02:00,1865.4800473918456
2027-07-18 17:00:00+02:00,1870.5210393405262
2027-07-18 18:00:00+02:00,1893.2455596440022
2027-07-18 19:00:00+02:00,1965.4039199277668
2027-07-18 20:00:00+02:00,2012.9043296322668
2027-07-18 21:00:00+02:00,1911.3443179626847
2027-07-18 22:00:00+02:00,1682.671036464325
2027-07-18 23:00:00+02:00,1419.9673184640785
2027-07-19 00:00:00+02:00,1515.8777917350194
2027-07-19 01:00:00+02:00,1426.3274361034848
2027-07-19 02:00:00+02:00,1389.5249025813362
2027-07-19 03:00:00+02:00,1383.38437444658
2027-07-19 04:00:00+02:00,1400.3911271215834
2027-07-19 05:00:00+02:00,1516.6103950498568
2027-07-19 06:00:00+02:00,1717.6102946293447
2027-07-19 07:00:00+02:00,1957.2633197158252
2027-07-19 08:00:00+02:00,2122.6183502549943
2027-07-19 09:00:00+02:00,2203.970147375104
2027-07-19 10:00:00+02:00,2232.7171739169876
2027-07-19 11:00:00+02:00,2232.2878841058573
2027-07-19 12:00:00+02:00,2199.3282251659775
2027-07-19 13:00:00+02:00,2147.2701538469782
2027-07-19 14:00:00+02:00,2143.092962191616
2027-07-19 15:00:00+02:00,2155.892262992945
2027-07-19 16:00:00+02:00,2193.7610618504245
2027-07-19 17:00:00+02:00,2203.435545612943
2027-07-19 18:00:00+02:00,2238.8641076074755
2027-07-19 19:00:00+02:00,2320.8988066510237
2027-07-19 20:00:00+02:00,2375.753630159104
2027-07-19 21:00:00+02:00,2285.4676332614076
2027-07-19 22:00:00+02:00,2053.767207808858
2027-07-19 23:00:00+02:00,1787.439077088559
2027-07-20 00:00:00+02:00,1612.5728730069106
2027-07-20 01:00:00+02:00,1499.5196450096812
2027-07-20 02:00:00+02:00,1433.966221873425
2027-07-20 03:00:00+02:00,1392.0342776479536
2027-07-20 04:00:00+02:00,1398.606726738279
2027-07-20 05:00:00+02:00,1534.2595971017474
2027-07-20 06:00:00+02:00,1743.5331253024808
2027-07-20 07:00:00+02:00,1980.5779625197997
2027-07-20 08:00:00+02:00,2118.6225223324623
2027-07-20 09:00:00+02:00,2205.064509854998
2027-07-20 10:00:00+02:00,2266.258890650582
2027-07-20 11:00:00+02:00,2302.8349265463185
2027-07-20 12:00:00+02:00,2318.0184135219392
2027-07-20 13:00:00+02:00,2293.4935730234147
2027-07-20 14:00:00+02:00,2241.4013301531168
2027-07-20 15:00:00+02:00,2169.483301368525
2027-07-20 16:00:00+02:00,2131.399479498009
2027-07-20 17:00:00+02:00,2126.4786289098633
2027-07-20 18:00:00+02:00,2178.9808509385875
2027-07-20 19:00:00+02:00,2274.087984937145
2027-07-20 20:00:00+02:00,2349.307854603768
2027-07-20 21:00:00+02:00,2236.811755504645
2027-07-20 22:00:00+02:00,1981.733333717816
2027-07-20 23:00:00+02:00,1688.0187950574107
2027-07-21 00:00:00+02:00,1506.9505655175003
2027-07-21 01:00:00+02:00,1409.4906131842495
2027-07-21 02:00:00+02:00,1359.3063266597342
2027-07-21 03:00:00+02:00,1350.2836757010673
2027-07-21 04:00:00+02:00,1372.7902105810747
2027-07-21 05:00:00+02:00,1526.5284623292587
2027-07-21 06:00:00+02:00,1758.5923779383618
2027-07-21 07:00:00+02:00,2023.8336396310262
2027-07-21 08:00:00+02:00,2182.0138480539863
2027-07-21 09:00:00+02:00,2264.8468015630215
2027-07-21 10:00:00+02:00,2306.55409650321
2027-07-21 11:00:00+02:00,2334.6988882195797
2027-07-21 12:00:00+02:00,2329.3840675369293
2027-07-21 13:00:00+02:00,2282.4721277283547
2027-07-21 14:00:00+02:00,2213.7921029157224
2027-07-21 15:00:00+02:00,2152.686729504624
2027-07-21 16:00:00+02:00,2110.6824672535904
2027-07-21 17:00:00+02:00,2116.8331647816726
2027-07-21 18:00:00+02:00,2163.221888152045
2027-07-21 19:00:00+02:00,2282.656068398108
2027-07-21 20:00:00+02:00,2347.212431557648
2027-07-21 21:00:00+02:00,2247.7008402525025
2027-07-21 22:00:00+02:00,2011.464240991519
2027-07-21 23:00:00+02:00,1718.3037928717613
2027-07-22 00:00:00+02:00,1548.8979267568548
2027-07-22 01:00:00+02:00,1428.9565762203395
2027-07-22 02:00:00+02:00,1375.3365344086753
2027-07-22 03:00:00+02:00,1357.4595066205736
2027-07-22 04:00:00+02:00,1365.3487600015494
2027-07-22 05:00:00+02:00,1511.3905699991394
2027-07-22 06:00:00+02:00,1726.9639858604867
2027-07-22 07:00:00+02:00,1971.2892030276316
2027-07-22 08:00:00+02:00,2107.694012749161
2027-07-22 09:00:00+02:00,2196.0167517136706
2027-07-22 10:00:00+02:00,2253.227742385327
2027-07-22 11:00:00+02:00,2294.3588680084163
2027-07-22 12:00:00+02:00,2295.380158964169
2027-07-22 13:00:00+02:00,2240.566927384466
2027-07-22 14:00:00+02:00,2152.3449769859444
2027-07-22 15:00:00+02:00,2085.1291198289523
2027-07-22 16:00:00+02:00,2096.3374716004446
2027-07-22 17:00:00+02:00,2159.95820277815
2027-07-22 18:00:00+02:00,2246.409251224464
2027-07-22 19:00:00+02:00,2376.1198808687636
2027-07-22 20:00:00+02:00,2441.3419111507387
2027-07-22 21:00:00+02:00,2320.068140535621
2027-07-22 22:00:00+02:00,2019.2622685002411
2027-07-22 23:00:00+02:00,1695.9947112211937
2027-07-23 00:00:00+02:00,1493.9200681344348
2027-07-23 01:00:00+02:00,1369.918495789822
2027-07-23 02:00:00+02:00,1302.897439066978
2027-07-23 03:00:00+02:00,1260.7445141261321
2027-07-23 04:00:00+02:00,1251.9739948204128
2027-07-23 05:00:00+02:00,1374.762708133644
2027-07-23 06:00:00+02:00,1618.6126078649647
2027-07-23 07:00:00+02:00,1923.014840053885
2027-07-23 08:00:00+02:00,2141.698889059934
2027-07-23 09:00:00+02:00,2250.212823510488
2027-07-23 10:00:00+02:00,2295.6344970420473
2027-07-23 11:00:00+02:00,2317.9526488620877
2027-07-23 12:00:00+02:00,2315.861627001228
2027-07-23 13:00:00+02:00,2297.0349340103526
2027-07-23 14:00:00+02:00,2255.7728223144945
2027-07-23 15:00:00+02:00,2240.3329406942494
2027-07-23 16:00:00+02:00,2242.977422016042
2027-07-23 17:00:00+02:00,2262.7374816165766
2027-07-23 18:00:00+02:00,2294.8401418356116
2027-07-23 19:00:00+02:00,2370.992346494444
2027-07-23 20:00:00+02:00,2393.852365027847
2027-07-23 21:00:00+02:00,2230.9446332987486
2027-07-23 22:00:00+02:00,1918.1941160003003
2027-07-23 23:00:00+02:00,1581.9123071417196
2027-07-24 00:00:00+02:00,1221.434982846383
2027-07-24 01:00:00+02:00,1134.0533019852837
2027-07-24 02:00:00+02:00,1096.7757185572918
2027-07-24 03:00:00+02:00,1084.6090697351897
2027-07-24 04:00:00+02:00,1095.1505688055652
2027-07-24 05:00:00+02:00,1217.3227070545308
2027-07-24 06:00:00+02:00,1433.1736034729483
2027-07-24 07:00:00+02:00,1671.208895250472
2027-07-24 08:00:00+02:00,1815.5686692932268
2027-07-24 09:00:00+02:00,1872.812559040878
2027-07-24 10:00:00+02:00,1904.7468380100227
2027-07-24 11:00:00+02:00,1936.2809071990239
2027-07-24 12:00:00+02:00,1954.5427087239686
2027-07-24 13:00:00+02:00,1946.291858585947
2027-07-24 14:00:00+02:00,1945.7207754246022
2027-07-24 15:00:00+02:00,1956.833977220402
2027-07-24 16:00:00+02:00,1978.685470569665
2027-07-24 17:00:00+02:00,2006.0068412277597
2027-07-24 18:00:00+02:00,2043.925258446074
2027-07-24 19:00:00+02:00,2122.330704123039
2027-07-24 20:00:00+02:00,2121.7862803526777
2027-07-24 21:00:00+02:00,1977.596030689241
2027-07-24 22:00:00+02:00,1718.4384177305485
2027-07-24 23:00:00+02:00,1469.6121032533438
2027-07-25 00:00:00+02:00,1273.958078193409
2027-07-25 01:00:00+02:00,1185.6722657455377
2027-07-25 02:00:00+02:00,1137.588007656959
2027-07-25 03:00:00+02:00,1111.0479535409656
2027-07-25 04:00:00+02:00,1120.0583295165213
2027-07-25 05:00:00+02:00,1213.5027388734127
2027-07-25 06:00:00+02:00,1389.7261140633377
2027-07-25 07:00:00+02:00,1601.309263807724
2027-07-25 08:00:00+02:00,1759.8708723262569
2027-07-25 09:00:00+02:00,1842.3009928721094
2027-07-25 10:00:00+02:00,1883.1084749226527
2027-07-25 11:00:00+02:00,1908.0067791814024
2027-07-25 12:00:00+02:00,1904.1268616755665
2027-07-25 13:00:00+02:00,1879.1789281323308
2027-07-25 14:00:00+02:00,1841.7332998920403
2027-07-25 15:00:00+02:00,1813.045019941126
2027-07-25 16:00:00+02:00,1815.1390672090859
2027-07-25 17:00:00+02:00,1849.4194595936256
2027-07-25 18:00:00+02:00,1914.6318265132059
2027-07-25 19:00:00+02:00,2009.2018614645474
2027-07-25 20:00:00+02:00,2029.5166988680305
2027-07-25 21:00:00+02:00,1882.3856092707167
2027-07-25 22:00:00+02:00,1601.800518988605
2027-07-25 23:00:00+02:00,1341.8559481489126
2027-07-26 00:00:00+02:00,1427.703782561792
2027-07-26 01:00:00+02:00,1365.6761746351988
2027-07-26 02:00:00+02:00,1332.6372544682026
2027-07-26 03:00:00+02:00,1323.5934757335926
2027-07-26 04:00:00+02:00,1329.3390777818208
2027-07-26 05:00:00+02:00,1455.690314614767
2027-07-26 06:00:00+02:00,1670.9954866968164
2027-07-26 07:00:00+02:00,1942.9769916068872
2027-07-26 08:00:00+02:00,2112.799644698521
2027-07-26 09:00:00+02:00,2191.447019712158
2027-07-26 10:00:00+02:00,2222.9540356645157
2027-07-26 11:00:00+02:00,2231.280893224097
2027-07-26 12:00:00+02:00,2218.975725411314
2027-07-26 13:00:00+02:00,2175.4648841744997
2027-07-26 14:00:00+02:00,2129.6217806712875
2027-07-26 15:00:00+02:00,2111.981319568866
2027-07-26 16:00:00+02:00,2126.2523490572307
2027-07-26 17:00:00+02:00,2146.5280194761667
2027-07-26 18:00:00+02:00,2176.163025471376
2027-07-26 19:00:00+02:00,2252.556083142433
2027-07-26 20:00:00+02:00,2292.47680780947
2027-07-26 21:00:00+02:00,2184.7950110408
2027-07-26 22:00:00+02:00,1912.5972199017049
2027-07-26 23:00:00+02:00,1650.344705895765
2027-07-27 00:00:00+02:00,1500.2069518579394
2027-07-27 01:00:00+02:00,1441.3078994346504
2027-07-27 02:00:00+02:00,1399.247246025018
2027-07-27 03:00:00+02:00,1388.2505059371856
2027-07-27 04:00:00+02:00,1403.0696975523535
2027-07-27 05:00:00+02:00,1538.9270210718757
2027-07-27 06:00:00+02:00,1752.1822900366494
2027-07-27 07:00:00+02:00,1992.6776263866109
2027-07-27 08:00:00+02:00,2137.0550561002333
2027-07-27 09:00:00+02:00,2188.4565756523216
2027-07-27 10:00:00+02:00,2175.1928443602596
2027-07-27 11:00:00+02:00,2134.907018521683
2027-07-27 12:00:00+02:00,2082.865250578942
2027-07-27 13:00:00+02:00,2059.3227444159684
2027-07-27 14:00:00+02:00,2060.4409365905813
2027-07-27 15:00:00+02:00,2093.273448051803
2027-07-27 16:00:00+02:00,2118.2814054221203
2027-07-27 17:00:00+02:00,2141.084173049108
2027-07-27 18:00:00+02:00,2196.510009691825
2027-07-27 19:00:00+02:00,2288.769420901017
2027-07-27 20:00:00+02:00,2324.467872369197
2027-07-27 21:00:00+02:00,2180.1210345672193
2027-07-27 22:00:00+02:00,1922.8507703794796
2027-07-27 23:00:00+02:00,1651.4989385133604
2027-07-28 00:00:00+02:00,1480.0442241338799
2027-07-28 01:00:00+02:00,1377.1481873839184
2027-07-28 02:00:00+02:00,1331.5495045591172
2027-07-28 03:00:00+02:00,1299.3632669222088
2027-07-28 04:00:00+02:00,1299.819456006297
2027-07-28 05:00:00+02:00,1427.7627204350624
2027-07-28 06:00:00+02:00,1663.0257433653132
2027-07-28 07:00:00+02:00,1941.0810857568672
2027-07-28 08:00:00+02:00,2131.664927584507
2027-07-28 09:00:00+02:00,2219.9681690016346
2027-07-28 10:00:00+02:00,2249.7801956347703
2027-07-28 11:00:00+02:00,2258.376240648192
2027-07-28 12:00:00+02:00,2254.6733223882334
2027-07-28 13:00:00+02:00,2230.725518084117
2027-07-28 14:00:00+02:00,2189.655820096417
2027-07-28 15:00:00+02:00,2150.2847159348626
2027-07-28 16:00:00+02:00,2127.443802670322
2027-07-28 17:00:00+02:00,2105.9665843322873
2027-07-28 18:00:00+02:00,2126.5904615422623
2027-07-28 19:00:00+02:00,2233.5274890875316
2027-07-28 20:00:00+02:00,2294.434186485945
2027-07-28 21:00:00+02:00,2176.988168346569
2027-07-28 22:00:00+02:00,1909.7523985364521
2027-07-28 23:00:00+02:00,1609.5011785011234
2027-07-29 00:00:00+02:00,1469.955686384026
2027-07-29 01:00:00+02:00,1346.6230856300706
2027-07-29 02:00:00+02:00,1289.3158084453853
2027-07-29 03:00:00+02:00,1255.2373829440812
2027-07-29 04:00:00+02:00,1266.6538896267678
2027-07-29 05:00:00+02:00,1412.6163114902074
2027-07-29 06:00:00+02:00,1647.6522010382891
2027-07-29 07:00:00+02:00,1910.762400954237
2027-07-29 08:00:00+02:00,2074.3246135086015
2027-07-29 09:00:00+02:00,2151.836565997719
2027-07-29 10:00:00+02:00,2197.7167209742556
2027-07-29 11:00:00+02:00,2238.2482691628597
2027-07-29 12:00:00+02:00,2263.4580771712444
2027-07-29 13:00:00+02:00,2253.6414738278777
2027-07-29 14:00:00+02:00,2212.1674330891174
2027-07-29 15:00:00+02:00,2193.9531649264472
2027-07-29 16:00:00+02:00,2190.762619042544
2027-07-29 17:00:00+02:00,2204.5578764365882
2027-07-29 18:00:00+02:00,2221.4101708667254
2027-07-29 19:00:00+02:00,2297.739475274111
2027-07-29 20:00:00+02:00,2316.910110058607
2027-07-29 21:00:00+02:00,2154.265754908627
2027-07-29 22:00:00+02:00,1861.5549546498116
2027-07-29 23:00:00+02:00,1579.1979484927147
2027-07-30 00:00:00+02:00,1396.6543454426312
2027-07-30 01:00:00+02:00,1270.919496582071
2027-07-30 02:00:00+02:00,1202.7064550038435
2027-07-30 03:00:00+02:00,1190.892393381961
2027-07-30 04:00:00+02:00,1231.271718817215
2027-07-30 05:00:00+02:00,1364.7589089330277
2027-07-30 06:00:00+02:00,1618.044442040425
2027-07-30 07:00:00+02:00,1896.8953079868884
2027-07-30 08:00:00+02:00,2093.092736253102
2027-07-30 09:00:00+02:00,2173.026026524173
2027-07-30 10:00:00+02:00,2212.8673873604116
2027-07-30 11:00:00+02:00,2247.333778299168
2027-07-30 12:00:00+02:00,2266.875188672373
2027-07-30 13:00:00+02:00,2250.45908055077
2027-07-30 14:00:00+02:00,2218.284413975775
2027-07-30 15:00:00+02:00,2192.942688571662
2027-07-30 16:00:00+02:00,2193.142637126804
2027-07-30 17:00:00+02:00,2193.0575968296002
2027-07-30 18:00:00+02:00,2203.875370543124
2027-07-30 19:00:00+02:00,2286.236406932499
2027-07-30 20:00:00+02:00,2323.1184826203385
2027-07-30 21:00:00+02:00,2190.602860413968
2027-07-30 22:00:00+02:00,1896.8078927059619
2027-07-30 23:00:00+02:00,1576.8396675746915
2027-07-31 00:00:00+02:00,1212.7536806994235
2027-07-31 01:00:00+02:00,1125.4106581901758
2027-07-31 02:00:00+02:00,1095.1027986560773
2027-07-31 03:00:00+02:00,1084.1130676498208
2027-07-31 04:00:00+02:00,1087.3961008095418
2027-07-31 05:00:00+02:00,1186.1536259933125
2027-07-31 06:00:00+02:00,1382.851075232112
2027-07-31 07:00:00+02:00,1624.7845857882737
2027-07-31 08:00:00+02:00,1783.490289065433
2027-07-31 09:00:00+02:00,1859.2159795151015
2027-07-31 10:00:00+02:00,1894.0901832922277
2027-07-31 11:00:00+02:00,1922.1909093901502
2027-07-31 12:00:00+02:00,1917.0326671192847
2027-07-31 13:00:00+02:00,1880.66153017979
2027-07-31 14:00:00+02:00,1839.4242123881934
2027-07-31 15:00:00+02:00,1828.8143095350579
2027-07-31 16:00:00+02:00,1847.5410783156274
2027-07-31 17:00:00+02:00,1882.4626848759733
2027-07-31 18:00:00+02:00,1923.412987473083
2027-07-31 19:00:00+02:00,2035.1536715406223
2027-07-31 20:00:00+02:00,2092.892791536913
2027-07-31 21:00:00+02:00,1973.6955823624266
2027-07-31 22:00:00+02:00,1669.7413319849636
2027-07-31 23:00:00+02:00,1364.5170459325866
2027-08-01 00:00:00+02:00,1166.1983828066002
2027-08-01 01:00:00+02:00,1090.8293571326221
2027-08-01 02:00:00+02:00,1058.289051279954
2027-08-01 03:00:00+02:00,1048.048362623712
2027-08-01 04:00:00+02:00,1064.4135152422705
2027-08-01 05:00:00+02:00,1171.7393241880743
2027-08-01 06:00:00+02:00,1341.9245412903992
2027-08-01 07:00:00+02:00,1548.539482159815
2027-08-01 08:00:00+02:00,1686.392882001924
2027-08-01 09:00:00+02:00,1759.9999942458335
2027-08-01 10:00:00+02:00,1797.473290745139
2027-08-01 11:00:00+02:00,1810.6315991870722
2027-08-01 12:00:00+02:00,1799.6648979157187
2027-08-01 13:00:00+02:00,1771.311764487075
2027-08-01 14:00:00+02:00,1752.2337261255564
2027-08-01 15:00:00+02:00,1774.451404704732
2027-08-01 16:00:00+02:00,1816.1963612241998
2027-08-01 17:00:00+02:00,1863.7343236039762
2027-08-01 18:00:00+02:00,1907.2597834573
2027-08-01 19:00:00+02:00,2010.0606276290605
2027-08-01 20:00:00+02:00,2050.6771775015327
2027-08-01 21:00:00+02:00,1899.6171628157922
2027-08-01 22:00:00+02:00,1593.1624077548465
2027-08-01 23:00:00+02:00,1298.491947608498
2027-08-02 00:00:00+02:00,1346.8691142257558
2027-08-02 01:00:00+02:00,1252.2661716116174
2027-08-02 02:00:00+02:00,1195.1276670652956
2027-08-02 03:00:00+02:00,1182.7582486419494
2027-08-02 04:00:00+02:00,1199.2545514613796
2027-08-02 05:00:00+02:00,1337.865393555815
2027-08-02 06:00:00+02:00,1567.994537212963
2027-08-02 07:00:00+02:00,1858.3709169298977
2027-08-02 08:00:00+02:00,2057.1251951507943
2027-08-02 09:00:00+02:00,2151.5805629509214
2027-08-02 10:00:00+02:00,2165.101034334867
2027-08-02 11:00:00+02:00,2157.4971780228825
2027-08-02 12:00:00+02:00,2139.059176638544
2027-08-02 13:00:00+02:00,2119.1907703212896
2027-08-02 14:00:00+02:00,2088.238055948096
2027-08-02 15:00:00+02:00,2069.830481285866
2027-08-02 16:00:00+02:00,2071.3827446109817
2027-08-02 17:00:00+02:00,2104.545794177348
2027-08-02 18:00:00+02:00,2172.371050517566
2027-08-02 19:00:00+02:00,2326.280130414133
2027-08-02 20:00:00+02:00,2389.7068015638956
2027-08-02 21:00:00+02:00,2247.125104474158
2027-08-02 22:00:00+02:00,1906.2922354030165
2027-08-02 23:00:00+02:00,1574.4013920833759
2027-08-03 00:00:00+02:00,1396.9132637297826
2027-08-03 01:00:00+02:00,1285.8885696362124
2027-08-03 02:00:00+02:00,1232.9923568630531
2027-08-03 03:00:00+02:00,1208.4070174998287
2027-08-03 04:00:00+02:00,1210.2825337230747
2027-08-03 05:00:00+02:00,1327.0129891576084
2027-08-03 06:00:00+02:00,1543.1640552568865
2027-08-03 07:00:00+02:00,1802.8499585237357
2027-08-03 08:00:00+02:00,1967.6003579453504
2027-08-03 09:00:00+02:00,2049.774117472805
2027-08-03 10:00:00+02:00,2095.203875318366
2027-08-03 11:00:00+02:00,2118.4342256803857
2027-08-03 12:00:00+02:00,2121.992357462393
2027-08-03 13:00:00+02:00,2096.8819152896676
2027-08-03 14:00:00+02:00,2088.1460933845246
2027-08-03 15:00:00+02:00,2108.70909936263
2027-08-03 16:00:00+02:00,2151.9962395883035
2027-08-03 17:00:00+02:00,2193.921254653042
2027-08-03 18:00:00+02:00,2259.5892357802813
2027-08-03 19:00:00+02:00,2418.7821104257605
2027-08-03 20:00:00+02:00,2489.750036839204
2027-08-03 21:00:00+02:00,2318.022238225115
2027-08-03 22:00:00+02:00,1936.2196760839774
2027-08-03 23:00:00+02:00,1575.0775089690737
2027-08-04 00:00:00+02:00,1387.4976562045565
2027-08-04 01:00:00+02:00,1277.7931380688847
2027-08-04 02:00:00+02:00,1218.2483326808713
2027-08-04 03:00:00+02:00,1196.0134488075723
2027-08-04 04:00:00+02:00,1199.279271900565
2027-08-04 05:00:00+02:00,1334.8521528805795
2027-08-04 06:00:00+02:00,1555.1060796912225
2027-08-04 07:00:00+02:00,1836.0586144329272
2027-08-04 08:00:00+02:00,2020.460435158543
2027-08-04 09:00:00+02:00,2117.402140662906
2027-08-04 10:00:00+02:00,2160.055390695465
2027-08-04 11:00:00+02:00,2177.933658805638
2027-08-04 12:00:00+02:00,2182.4693683153714
2027-08-04 13:00:00+02:00,2143.1754838002103
2027-08-04 14:00:00+02:00,2097.1890965134553
2027-08-04 15:00:00+02:00,2085.769716219513
2027-08-04 16:00:00+02:00,2108.5123662822944
2027-08-04 17:00:00+02:00,2150.545896723411
2027-08-04 18:00:00+02:00,2181.279819848991
2027-08-04 19:00:00+02:00,2324.8619706140157
2027-08-04 20:00:00+02:00,2380.475572536205
2027-08-04 21:00:00+02:00,2260.981151418911
2027-08-04 22:00:00+02:00,1935.043471413709
2027-08-04 23:00:00+02:00,1610.2800802867303
2027-08-05 00:00:00+02:00,1428.2858773363955
2027-08-05 01:00:00+02:00,1327.8201369225392
2027-08-05 02:00:00+02:00,1284.2907775966985
2027-08-05 03:00:00+02:00,1261.7536789748683
2027-08-05 04:00:00+02:00,1247.9033933466378
2027-08-05 05:00:00+02:00,1358.3364922445476
2027-08-05 06:00:00+02:00,1565.2367600078865
2027-08-05 07:00:00+02:00,1819.7369056580721
2027-08-05 08:00:00+02:00,1989.6551975324353
2027-08-05 09:00:00+02:00,2061.2812147578143
2027-08-05 10:00:00+02:00,2105.7760606078546
2027-08-05 11:00:00+02:00,2121.965057137581
2027-08-05 12:00:00+02:00,2139.200363987744
2027-08-05 13:00:00+02:00,2134.211972059145
2027-08-05 14:00:00+02:00,2131.88513422636
2027-08-05 15:00:00+02:00,2131.2583887222672
2027-08-05 16:00:00+02:00,2130.9806904673424
2027-08-05 17:00:00+02:00,2135.7618231651745
2027-08-05 18:00:00+02:00,2154.766172830571
2027-08-05 19:00:00+02:00,2278.4811881788805
2027-08-05 20:00:00+02:00,2327.0269747857096
2027-08-05 21:00:00+02:00,2197.3895098372
2027-08-05 22:00:00+02:00,1870.0518593701242
2027-08-05 23:00:00+02:00,1548.8906173005741
2027-08-06 00:00:00+02:00,1350.4732276695152
2027-08-06 01:00:00+02:00,1252.7135405497147
2027-08-06 02:00:00+02:00,1204.696881992767
2027-08-06 03:00:00+02:00,1192.1607522783518
2027-08-06 04:00:00+02:00,1201.7256270739836
2027-08-06 05:00:00+02:00,1318.9944098768378
2027-08-06 06:00:00+02:00,1523.2348285781611
2027-08-06 07:00:00+02:00,1804.3667679978105
2027-08-06 08:00:00+02:00,2002.0884103168519
2027-08-06 09:00:00+02:00,2110.270451476034
2027-08-06 10:00:00+02:00,2139.474309398264
2027-08-06 11:00:00+02:00,2160.071518308673
2027-08-06 12:00:00+02:00,2164.0388148206694
2027-08-06 13:00:00+02:00,2148.429758039088
2027-08-06 14:00:00+02:00,2118.73696821545
2027-08-06 15:00:00+02:00,2100.049678822354
2027-08-06 16:00:00+02:00,2110.858489882096
2027-08-06 17:00:00+02:00,2137.1523338836882
2027-08-06 18:00:00+02:00,2181.0529760508343
2027-08-06 19:00:00+02:00,2283.843859814667
2027-08-06 20:00:00+02:00,2323.2515081053466
2027-08-06 21:00:00+02:00,2178.245436507775
2027-08-06 22:00:00+02:00,1882.7412723067366
2027-08-06 23:00:00+02:00,1544.7985747498035
2027-08-07 00:00:00+02:00,1182.9059296022092
2027-08-07 01:00:00+02:00,1074.7366956744438
2027-08-07 02:00:00+02:00,1048.5787996462655
2027-08-07 03:00:00+02:00,1044.676807194136
2027-08-07 04:00:00+02:00,1056.9855526844099
2027-08-07 05:00:00+02:00,1155.1748131482736
2027-08-07 06:00:00+02:00,1320.3560300641207
2027-08-07 07:00:00+02:00,1524.5598156478259
2027-08-07 08:00:00+02:00,1668.062955429245
2027-08-07 09:00:00+02:00,1737.0840037684961
2027-08-07 10:00:00+02:00,1774.056404511386
2027-08-07 11:00:00+02:00,1798.988505655652
2027-08-07 12:00:00+02:00,1825.5176006498198
2027-08-07 13:00:00+02:00,1838.2601196012854
2027-08-07 14:00:00+02:00,1843.5318405875787
2027-08-07 15:00:00+02:00,1858.3825841706575
2027-08-07 16:00:00+02:00,1865.9311687330965
2027-08-07 17:00:00+02:00,1887.2123387588144
2027-08-07 18:00:00+02:00,1915.5766761545913
2027-08-07 19:00:00+02:00,2022.9901337972703
2027-08-07 20:00:00+02:00,2052.952392185956
2027-08-07 21:00:00+02:00,1910.7667661484786
2027-08-07 22:00:00+02:00,1615.1181489328887
2027-08-07 23:00:00+02:00,1331.4326291573166
2027-08-08 00:00:00+02:00,1128.9885178102897
2027-08-08 01:00:00+02:00,1028.906990051448
2027-08-08 02:00:00+02:00,977.2449686645626
2027-08-08 03:00:00+02:00,973.9222793274985
2027-08-08 04:00:00+02:00,1005.1178807604028
2027-08-08 05:00:00+02:00,1110.8113932340711
2027-08-08 06:00:00+02:00,1294.282119405723
2027-08-08 07:00:00+02:00,1493.7014297761907
2027-08-08 08:00:00+02:00,1625.1732787889057
2027-08-08 09:00:00+02:00,1683.8585447258172
2027-08-08 10:00:00+02:00,1716.5290258491582
2027-08-08 11:00:00+02:00,1760.3508891496142
2027-08-08 12:00:00+02:00,1782.5303107875022
2027-08-08 13:00:00+02:00,1764.4923227664347
2027-08-08 14:00:00+02:00,1729.3957105507113
2027-08-08 15:00:00+02:00,1715.404034102658
2027-08-08 16:00:00+02:00,1734.1978398560666
2027-08-08 17:00:00+02:00,1768.518668722823
2027-08-08 18:00:00+02:00,1822.704588206124
2027-08-08 19:00:00+02:00,1970.5747982700525
2027-08-08 20:00:00+02:00,2028.2116657372192
2027-08-08 21:00:00+02:00,1886.0847766835834
2027-08-08 22:00:00+02:00,1580.054650184663
2027-08-08 23:00:00+02:00,1306.4556229723482
2027-08-09 00:00:00+02:00,1385.4408851165638
2027-08-09 01:00:00+02:00,1291.4680441820506
2027-08-09 02:00:00+02:00,1243.3012673102253
2027-08-09 03:00:00+02:00,1232.022192733171
2027-08-09 04:00:00+02:00,1239.5054620984745
2027-08-09 05:00:00+02:00,1362.361281043629
2027-08-09 06:00:00+02:00,1567.247723826149
2027-08-09 07:00:00+02:00,1811.5267131575135
2027-08-09 08:00:00+02:00,1936.2339510692623
2027-08-09 09:00:00+02:00,1969.2010957198618
2027-08-09 10:00:00+02:00,1991.3117450026668
2027-08-09 11:00:00+02:00,2032.243403266579
2027-08-09 12:00:00+02:00,2051.4990174141967
2027-08-09 13:00:00+02:00,2034.7667503400367
2027-08-09 14:00:00+02:00,2002.482434602227
2027-08-09 15:00:00+02:00,1985.1772772566972
2027-08-09 16:00:00+02:00,1993.6049997609107
2027-08-09 17:00:00+02:00,2027.8724770510914
2027-08-09 18:00:00+02:00,2107.686418514353
2027-08-09 19:00:00+02:00,2283.1884884637143
2027-08-09 20:00:00+02:00,2368.3585254703653
2027-08-09 21:00:00+02:00,2247.1115477372787
2027-08-09 22:00:00+02:00,1916.3109675096084
2027-08-09 23:00:00+02:00,1595.940857811086
2027-08-10 00:00:00+02:00,1430.3761058198897
2027-08-10 01:00:00+02:00,1337.555485202691
2027-08-10 02:00:00+02:00,1296.6562560063621
2027-08-10 03:00:00+02:00,1284.266488594188
2027-08-10 04:00:00+02:00,1274.28733337959
2027-08-10 05:00:00+02:00,1376.0996777758933
2027-08-10 06:00:00+02:00,1534.823543730052
2027-08-10 07:00:00+02:00,1738.3965715737056
2027-08-10 08:00:00+02:00,1856.7806759644527
2027-08-10 09:00:00+02:00,1931.819843000925
2027-08-10 10:00:00+02:00,1980.9263273091747
2027-08-10 11:00:00+02:00,2017.7669818186937
2027-08-10 12:00:00+02:00,2021.751898928795
2027-08-10 13:00:00+02:00,2010.3424513983139
2027-08-10 14:00:00+02:00,2010.697775050328
2027-08-10 15:00:00+02:00,2050.2713874093365
2027-08-10 16:00:00+02:00,2108.7627956836427
2027-08-10 17:00:00+02:00,2142.993582088132
2027-08-10 18:00:00+02:00,2179.807935707349
2027-08-10 19:00:00+02:00,2319.1962022852576
2027-08-10 20:00:00+02:00,2374.5889372083525
2027-08-10 21:00:00+02:00,2221.790201479399
2027-08-10 22:00:00+02:00,1852.0822732341398
2027-08-10 23:00:00+02:00,1512.154276699867
2027-08-11 00:00:00+02:00,1340.9821352874912
2027-08-11 01:00:00+02:00,1250.5516094828702
2027-08-11 02:00:00+02:00,1221.9912451741266
2027-08-11 03:00:00+02:00,1214.1681488899653
2027-08-11 04:00:00+02:00,1236.520164626263
2027-08-11 05:00:00+02:00,1361.4562297170778
2027-08-11 06:00:00+02:00,1555.8164739047322
2027-08-11 07:00:00+02:00,1786.6077787946026
2027-08-11 08:00:00+02:00,1921.5852005254976
2027-08-11 09:00:00+02:00,1999.4056350648634
2027-08-11 10:00:00+02:00,2018.1940081039702
2027-08-11 11:00:00+02:00,2043.1492445054764
2027-08-11 12:00:00+02:00,2059.1569857563827
2027-08-11 13:00:00+02:00,2072.9462277746106
2027-08-11 14:00:00+02:00,2082.0873731265287
2027-08-11 15:00:00+02:00,2088.3302273916916
2027-08-11 16:00:00+02:00,2120.611571486538
2027-08-11 17:00:00+02:00,2134.33839291499
2027-08-11 18:00:00+02:00,2179.862124051555
2027-08-11 19:00:00+02:00,2298.134462447929
2027-08-11 20:00:00+02:00,2310.381751792876
2027-08-11 21:00:00+02:00,2141.6120761083357
2027-08-11 22:00:00+02:00,1782.228058600408
2027-08-11 23:00:00+02:00,1482.8634183592835
2027-08-12 00:00:00+02:00,1292.1520483581155
2027-08-12 01:00:00+02:00,1193.2517475482966
2027-08-12 02:00:00+02:00,1158.272446839241
2027-08-12 03:00:00+02:00,1171.3161169230252
2027-08-12 04:00:00+02:00,1215.1125605239554
2027-08-12 05:00:00+02:00,1372.804701288834
2027-08-12 06:00:00+02:00,1602.3090116367234
2027-08-12 07:00:00+02:00,1841.1774999277259
2027-08-12 08:00:00+02:00,1980.8395638399793
2027-08-12 09:00:00+02:00,2047.6170822779477
2027-08-12 10:00:00+02:00,2102.476247645053
2027-08-12 11:00:00+02:00,2137.211774152645
2027-08-12 12:00:00+02:00,2150.8884033092268
2027-08-12 13:00:00+02:00,2124.9764838358774
2027-08-12 14:00:00+02:00,2080.9202065981676
2027-08-12 15:00:00+02:00,2046.658707308302
2027-08-12 16:00:00+02:00,2034.949222983133
2027-08-12 17:00:00+02:00,2043.6853819127302
2027-08-12 18:00:00+02:00,2094.048140439162
2027-08-12 19:00:00+02:00,2222.249163368525
2027-08-12 20:00:00+02:00,2252.5915011238435
2027-08-12 21:00:00+02:00,2106.9524063130743
2027-08-12 22:00:00+02:00,1791.6704413966256
2027-08-12 23:00:00+02:00,1510.367368292524
2027-08-13 00:00:00+02:00,1325.400732036799
2027-08-13 01:00:00+02:00,1214.5143102268235
2027-08-13 02:00:00+02:00,1142.7287341939732
2027-08-13 03:00:00+02:00,1120.5052872852332
2027-08-13 04:00:00+02:00,1138.5868351470865
2027-08-13 05:00:00+02:00,1310.7225235236756
2027-08-13 06:00:00+02:00,1558.1756537898539
2027-08-13 07:00:00+02:00,1849.8048096963514
2027-08-13 08:00:00+02:00,2028.3788627743916
2027-08-13 09:00:00+02:00,2110.4472639840747
2027-08-13 10:00:00+02:00,2123.1077218755313
2027-08-13 11:00:00+02:00,2119.26186725871
2027-08-13 12:00:00+02:00,2096.12227174792
2027-08-13 13:00:00+02:00,2059.0924270567093
2027-08-13 14:00:00+02:00,2010.3113601776695
2027-08-13 15:00:00+02:00,1985.5947902323876
2027-08-13 16:00:00+02:00,1982.9937334286415
2027-08-13 17:00:00+02:00,2005.3094808221233
2027-08-13 18:00:00+02:00,2080.224949118509
2027-08-13 19:00:00+02:00,2260.400288495088
2027-08-13 20:00:00+02:00,2320.5987336045278
2027-08-13 21:00:00+02:00,2168.787250608524
2027-08-13 22:00:00+02:00,1830.3606921937092
2027-08-13 23:00:00+02:00,1549.5658652668847
2027-08-14 00:00:00+02:00,1239.746440129863
2027-08-14 01:00:00+02:00,1159.9834737616827
2027-08-14 02:00:00+02:00,1114.1831219299759
2027-08-14 03:00:00+02:00,1097.2344220080377
2027-08-14 04:00:00+02:00,1092.7923106597377
2027-08-14 05:00:00+02:00,1159.1056327440062
2027-08-14 06:00:00+02:00,1286.4915636170047
2027-08-14 07:00:00+02:00,1471.2741288660013
2027-08-14 08:00:00+02:00,1613.7064025912982
2027-08-14 09:00:00+02:00,1686.2105567411545
2027-08-14 10:00:00+02:00,1717.2954094251709
2027-08-14 11:00:00+02:00,1718.7980989848152
2027-08-14 12:00:00+02:00,1697.6985354887843
2027-08-14 13:00:00+02:00,1671.5687081512062
2027-08-14 14:00:00+02:00,1645.5028177437023
2027-08-14 15:00:00+02:00,1657.4363933891864
2027-08-14 16:00:00+02:00,1687.5914533525367
2027-08-14 17:00:00+02:00,1737.2810488140096
2027-08-14 18:00:00+02:00,1813.8406493681143
2027-08-14 19:00:00+02:00,1975.5108725078785
2027-08-14 20:00:00+02:00,2041.5769038837898
2027-08-14 21:00:00+02:00,1931.3809897491285
2027-08-14 22:00:00+02:00,1639.5625434382885
2027-08-14 23:00:00+02:00,1384.5497347641976
2027-08-15 00:00:00+02:00,1131.1388562977236
2027-08-15 01:00:00+02:00,1049.1911813711504
2027-08-15 02:00:00+02:00,1008.4632397740125
2027-08-15 03:00:00+02:00,1005.8010293627702
2027-08-15 04:00:00+02:00,1031.2374942888596
2027-08-15 05:00:00+02:00,1112.2127265199786
2027-08-15 06:00:00+02:00,1260.1883670933018
2027-08-15 07:00:00+02:00,1432.9346468295435
2027-08-15 08:00:00+02:00,1565.4526580166985
2027-08-15 09:00:00+02:00,1624.0989338311824
2027-08-15 10:00:00+02:00,1649.8007317518595
2027-08-15 11:00:00+02:00,1656.2316333628492
2027-08-15 12:00:00+02:00,1643.4389676697142
2027-08-15 13:00:00+02:00,1595.0308589500466
2027-08-15 14:00:00+02:00,1550.805669979439
2027-08-15 15:00:00+02:00,1540.0425844055771
2027-08-15 16:00:00+02:00,1562.8631656093276
2027-08-15 17:00:00+02:00,1610.0244474770939
2027-08-15 18:00:00+02:00,1698.9887572311814
2027-08-15 19:00:00+02:00,1880.4168865521597
2027-08-15 20:00:00+02:00,1942.4079443292949
2027-08-15 21:00:00+02:00,1804.9715676817364
2027-08-15 22:00:00+02:00,1477.885043348642
2027-08-15 23:00:00+02:00,1218.211919529973
2027-08-16 00:00:00+02:00,1297.048438599068
2027-08-16 01:00:00+02:00,1226.204005012361
2027-08-16 02:00:00+02:00,1188.3780523284336
2027-08-16 03:00:00+02:00,1184.3651591263408
2027-08-16 04:00:00+02:00,1172.9268435040567
2027-08-16 05:00:00+02:00,1277.8748941904444
2027-08-16 06:00:00+02:00,1487.4058420130336
2027-08-16 07:00:00+02:00,1749.0974257475154
2027-08-16 08:00:00+02:00,1915.2317676653422
2027-08-16 09:00:00+02:00,1982.122023822285
2027-08-16 10:00:00+02:00,2007.1735835754293
2027-08-16 11:00:00+02:00,2022.4914703424713
2027-08-16 12:00:00+02:00,2004.523445738845
2027-08-16 13:00:00+02:00,1964.8454884091661
2027-08-16 14:00:00+02:00,1908.7493336349041
2027-08-16 15:00:00+02:00,1894.8765017697433
2027-08-16 16:00:00+02:00,1926.2731647821456
2027-08-16 17:00:00+02:00,1981.5022930929633
2027-08-16 18:00:00+02:00,2092.0878914545174
2027-08-16 19:00:00+02:00,2236.3576131721916
2027-08-16 20:00:00+02:00,2240.8385722290827
2027-08-16 21:00:00+02:00,2038.8538378236835
2027-08-16 22:00:00+02:00,1704.7150432527421
2027-08-16 23:00:00+02:00,1431.2465915945827
2027-08-17 00:00:00+02:00,1278.5430095204192
2027-08-17 01:00:00+02:00,1163.6462375712576
2027-08-17 02:00:00+02:00,1116.6104354344848
2027-08-17 03:00:00+02:00,1127.9025801379626
2027-08-17 04:00:00+02:00,1166.0714420132904
2027-08-17 05:00:00+02:00,1284.2998084517317
2027-08-17 06:00:00+02:00,1506.0232309743678
2027-08-17 07:00:00+02:00,1746.8043884442175
2027-08-17 08:00:00+02:00,1906.6184257469836
2027-08-17 09:00:00+02:00,1962.441924410386
2027-08-17 10:00:00+02:00,2002.3959193980313
2027-08-17 11:00:00+02:00,2034.52302989942
2027-08-17 12:00:00+02:00,2044.4953680484832
2027-08-17 13:00:00+02:00,2014.5759942984698
2027-08-17 14:00:00+02:00,1981.095392409742
2027-08-17 15:00:00+02:00,1958.190841277946
2027-08-17 16:00:00+02:00,1980.420850075676
2027-08-17 17:00:00+02:00,2022.208475195262
2027-08-17 18:00:00+02:00,2113.830606869404
2027-08-17 19:00:00+02:00,2272.1193437226825
2027-08-17 20:00:00+02:00,2290.8770226719566
2027-08-17 21:00:00+02:00,2118.1445213399943
2027-08-17 22:00:00+02:00,1762.4339751164678
2027-08-17 23:00:00+02:00,1480.7876809461802
2027-08-18 00:00:00+02:00,1306.5006579973312
2027-08-18 01:00:00+02:00,1213.667034561783
2027-08-18 02:00:00+02:00,1160.3450605446237
2027-08-18 03:00:00+02:00,1140.2512189446386
2027-08-18 04:00:00+02:00,1155.544182415267
2027-08-18 05:00:00+02:00,1308.6829393971427
2027-08-18 06:00:00+02:00,1535.6145727677308
2027-08-18 07:00:00+02:00,1810.3441068735135
2027-08-18 08:00:00+02:00,1966.7855726811174
2027-08-18 09:00:00+02:00,2035.0126679967561
2027-08-18 10:00:00+02:00,2032.1190936528312
2027-08-18 11:00:00+02:00,2029.8127446322735
2027-08-18 12:00:00+02:00,2032.8729425617464
2027-08-18 13:00:00+02:00,2033.3131799067799
2027-08-18 14:00:00+02:00,2003.3025056852748
2027-08-18 15:00:00+02:00,1972.9582037198857
2027-08-18 16:00:00+02:00,1958.6700451462798
2027-08-18 17:00:00+02:00,1973.615577972803
2027-08-18 18:00:00+02:00,2045.5079958429087
2027-08-18 19:00:00+02:00,2177.8663578469273
2027-08-18 20:00:00+02:00,2195.733206102405
2027-08-18 21:00:00+02:00,2024.0163227587448
2027-08-18 22:00:00+02:00,1707.5166304047875
2027-08-18 23:00:00+02:00,1453.4651256512009
2027-08-19 00:00:00+02:00,1316.8470758412202
2027-08-19 01:00:00+02:00,1221.5053865912928
2027-08-19 02:00:00+02:00,1167.3962286624567
2027-08-19 03:00:00+02:00,1139.659240224355
2027-08-19 04:00:00+02:00,1139.1502099845588
2027-08-19 05:00:00+02:00,1247.797834531541
2027-08-19 06:00:00+02:00,1456.07452470672
2027-08-19 07:00:00+02:00,1717.3225460292988
2027-08-19 08:00:00+02:00,1885.478051037476
2027-08-19 09:00:00+02:00,1959.9035375247884
2027-08-19 10:00:00+02:00,1994.3762332313577
2027-08-19 11:00:00+02:00,2021.9271962310522
2027-08-19 12:00:00+02:00,2017.926880569388
2027-08-19 13:00:00+02:00,2001.7222000330728
2027-08-19 14:00:00+02:00,1977.864847135234
2027-08-19 15:00:00+02:00,1965.3890610113833
2027-08-19 16:00:00+02:00,1984.392457470967
2027-08-19 17:00:00+02:00,2025.1740617575663
2027-08-19 18:00:00+02:00,2127.546484878323
2027-08-19 19:00:00+02:00,2295.1998893249233
2027-08-19 20:00:00+02:00,2325.1556471508566
2027-08-19 21:00:00+02:00,2126.46875800888
2027-08-19 22:00:00+02:00,1758.6991261466897
2027-08-19 23:00:00+02:00,1454.1240519468538
2027-08-20 00:00:00+02:00,1292.130658127287
2027-08-20 01:00:00+02:00,1176.360029222853
2027-08-20 02:00:00+02:00,1116.318533769503
2027-08-20 03:00:00+02:00,1113.9898293315614
2027-08-20 04:00:00+02:00,1127.6485040559323
2027-08-20 05:00:00+02:00,1249.917535662318
2027-08-20 06:00:00+02:00,1478.2373622229127
2027-08-20 07:00:00+02:00,1765.2271032953538
2027-08-20 08:00:00+02:00,1958.4789593142941
2027-08-20 09:00:00+02:00,2032.9547771865496
2027-08-20 10:00:00+02:00,2063.6966490015743
2027-08-20 11:00:00+02:00,2088.8373963689633
2027-08-20 12:00:00+02:00,2104.767250186489
2027-08-20 13:00:00+02:00,2083.763722413915
2027-08-20 14:00:00+02:00,2023.1011183296162
2027-08-20 15:00:00+02:00,1956.9054339432773
2027-08-20 16:00:00+02:00,1909.0404919340401
2027-08-20 17:00:00+02:00,1901.096976217796
2027-08-20 18:00:00+02:00,2013.0240888673052
2027-08-20 19:00:00+02:00,2197.1114088562413
2027-08-20 20:00:00+02:00,2266.8032389845484
2027-08-20 21:00:00+02:00,2088.3178765774705
2027-08-20 22:00:00+02:00,1748.0683444711194
2027-08-20 23:00:00+02:00,1458.208989816821
2027-08-21 00:00:00+02:00,1110.0203481090612
2027-08-21 01:00:00+02:00,1032.0725556672278
2027-08-21 02:00:00+02:00,993.0350261801091
2027-08-21 03:00:00+02:00,975.2389649877415
2027-08-21 04:00:00+02:00,987.9851476533873
2027-08-21 05:00:00+02:00,1098.609352764181
2027-08-21 06:00:00+02:00,1264.8586224085955
2027-08-21 07:00:00+02:00,1461.2726089975058
2027-08-21 08:00:00+02:00,1589.0987047649055
2027-08-21 09:00:00+02:00,1656.2960759501386
2027-08-21 10:00:00+02:00,1691.1496996391188
2027-08-21 11:00:00+02:00,1714.0394510725994
2027-08-21 12:00:00+02:00,1733.9303356925016
2027-08-21 13:00:00+02:00,1721.340712141074
2027-08-21 14:00:00+02:00,1692.7079474135783
2027-08-21 15:00:00+02:00,1663.4239117171228
2027-08-21 16:00:00+02:00,1674.2646606462895
2027-08-21 17:00:00+02:00,1711.596747596668
2027-08-21 18:00:00+02:00,1810.6958211087438
2027-08-21 19:00:00+02:00,1956.245645186331
2027-08-21 20:00:00+02:00,1996.2263217733666
2027-08-21 21:00:00+02:00,1828.7737220309211
2027-08-21 22:00:00+02:00,1540.0481019281003
2027-08-21 23:00:00+02:00,1272.5816156734177
2027-08-22 00:00:00+02:00,1094.003250584809
2027-08-22 01:00:00+02:00,1007.5021504047542
2027-08-22 02:00:00+02:00,980.5908481683874
2027-08-22 03:00:00+02:00,968.3319565103587
2027-08-22 04:00:00+02:00,967.3226223503111
2027-08-22 05:00:00+02:00,1046.3127389069864
2027-08-22 06:00:00+02:00,1191.767756414711
2027-08-22 07:00:00+02:00,1382.354385825553
2027-08-22 08:00:00+02:00,1501.6471762501062
2027-08-22 09:00:00+02:00,1554.5345867413052
2027-08-22 10:00:00+02:00,1580.1511027636732
2027-08-22 11:00:00+02:00,1631.1379468465648
2027-08-22 12:00:00+02:00,1675.3692635870852
2027-08-22 13:00:00+02:00,1689.6862314676218
2027-08-22 14:00:00+02:00,1670.58807987024
2027-08-22 15:00:00+02:00,1637.8998025746175
2027-08-22 16:00:00+02:00,1645.2332571206605
2027-08-22 17:00:00+02:00,1665.7020983975985
2027-08-22 18:00:00+02:00,1780.9592072703338
2027-08-22 19:00:00+02:00,1945.2521748090803
2027-08-22 20:00:00+02:00,1961.7940639864867
2027-08-22 21:00:00+02:00,1729.6748256400138
2027-08-22 22:00:00+02:00,1356.1315432319443
2027-08-22 23:00:00+02:00,1102.4276199567694
2027-08-23 00:00:00+02:00,1179.4176190666235
2027-08-23 01:00:00+02:00,1107.5356734450045
2027-08-23 02:00:00+02:00,1048.3229289062042
2027-08-23 03:00:00+02:00,1039.2219421738162
2027-08-23 04:00:00+02:00,1051.5465405056339
2027-08-23 05:00:00+02:00,1185.7481296661736
2027-08-23 06:00:00+02:00,1414.5544051541872
2027-08-23 07:00:00+02:00,1692.2934291808228
2027-08-23 08:00:00+02:00,1859.6820603091219
2027-08-23 09:00:00+02:00,1937.7091284705168
2027-08-23 10:00:00+02:00,1981.6073345132486
2027-08-23 11:00:00+02:00,2029.8433629214787
2027-08-23 12:00:00+02:00,2048.056708976999
2027-08-23 13:00:00+02:00,2020.4877639401204
2027-08-23 14:00:00+02:00,1967.578731182895
2027-08-23 15:00:00+02:00,1911.8722666070619
2027-08-23 16:00:00+02:00,1882.4797316685808
2027-08-23 17:00:00+02:00,1889.0516164601675
2027-08-23 18:00:00+02:00,2012.1610033812158
2027-08-23 19:00:00+02:00,2224.266714051504
2027-08-23 20:00:00+02:00,2282.5295807446473
2027-08-23 21:00:00+02:00,2075.868585221361
2027-08-23 22:00:00+02:00,1694.0635461808406
2027-08-23 23:00:00+02:00,1387.3959361097457
2027-08-24 00:00:00+02:00,1239.1935224975327
2027-08-24 01:00:00+02:00,1146.3592745664948
2027-08-24 02:00:00+02:00,1113.9193483601532
2027-08-24 03:00:00+02:00,1119.3274408094485
2027-08-24 04:00:00+02:00,1144.1910574097776
2027-08-24 05:00:00+02:00,1256.1014615810095
2027-08-24 06:00:00+02:00,1469.8682276886268
2027-08-24 07:00:00+02:00,1722.6704119433962
2027-08-24 08:00:00+02:00,1896.325973428249
2027-08-24 09:00:00+02:00,1966.8731622781522
2027-08-24 10:00:00+02:00,2016.1816766807751
2027-08-24 11:00:00+02:00,2063.1610311213008
2027-08-24 12:00:00+02:00,2068.976613203406
2027-08-24 13:00:00+02:00,2010.6808737671522
2027-08-24 14:00:00+02:00,1931.4839366347717
2027-08-24 15:00:00+02:00,1872.6087795254446
2027-08-24 16:00:00+02:00,1867.1472353869437
2027-08-24 17:00:00+02:00,1888.926346362454
2027-08-24 18:00:00+02:00,2009.1859368543276
2027-08-24 19:00:00+02:00,2192.472248976609
2027-08-24 20:00:00+02:00,2220.0760041594745
2027-08-24 21:00:00+02:00,2009.7816271871031
2027-08-24 22:00:00+02:00,1634.8343489857348
2027-08-24 23:00:00+02:00,1361.6321777911871
2027-08-25 00:00:00+02:00,1194.2381220083537
2027-08-25 01:00:00+02:00,1125.1985948494853
2027-08-25 02:00:00+02:00,1093.8266752626803
2027-08-25 03:00:00+02:00,1098.6180092828495
2027-08-25 04:00:00+02:00,1131.4690392224634
2027-08-25 05:00:00+02:00,1278.2615266224293
2027-08-25 06:00:00+02:00,1506.4108873587202
2027-08-25 07:00:00+02:00,1761.8527291795237
2027-08-25 08:00:00+02:00,1916.0541006716644
2027-08-25 09:00:00+02:00,1978.0460239135375
2027-08-25 10:00:00+02:00,2008.096961144915
2027-08-25 11:00:00+02:00,2041.6501387369585
2027-08-25 12:00:00+02:00,2048.1988334028642
2027-08-25 13:00:00+02:00,2010.3814868494226
2027-08-25 14:00:00+02:00,1946.7104774065413
2027-08-25 15:00:00+02:00,1895.1495068165714
2027-08-25 16:00:00+02:00,1884.9539547707107
2027-08-25 17:00:00+02:00,1906.4647046511152
2027-08-25 18:00:00+02:00,2037.1394387477822
2027-08-25 19:00:00+02:00,2221.7859365158874
2027-08-25 20:00:00+02:00,2230.0035717671963
2027-08-25 21:00:00+02:00,1981.1899047362983
2027-08-25 22:00:00+02:00,1592.1824193335312
2027-08-25 23:00:00+02:00,1310.7257217832089
2027-08-26 00:00:00+02:00,1192.6393907601496
2027-08-26 01:00:00+02:00,1105.660899521338
2027-08-26 02:00:00+02:00,1061.0098776682094
2027-08-26 03:00:00+02:00,1056.459060445677
2027-08-26 04:00:00+02:00,1085.404103306642
2027-08-26 05:00:00+02:00,1236.8765500682457
2027-08-26 06:00:00+02:00,1459.1455504645464
2027-08-26 07:00:00+02:00,1706.3815260611634
2027-08-26 08:00:00+02:00,1865.2919403867884
2027-08-26 09:00:00+02:00,1939.5254198034818
2027-08-26 10:00:00+02:00,1991.5243371143908
2027-08-26 11:00:00+02:00,2023.614613481124
2027-08-26 12:00:00+02:00,2031.489415386955
2027-08-26 13:00:00+02:00,2002.3680680854188
2027-08-26 14:00:00+02:00,1956.3957127033757
2027-08-26 15:00:00+02:00,1923.6880791890508
2027-08-26 16:00:00+02:00,1911.5046238189466
2027-08-26 17:00:00+02:00,1921.9346634693532
2027-08-26 18:00:00+02:00,2039.3454117331023
2027-08-26 19:00:00+02:00,2235.366194681139
2027-08-26 20:00:00+02:00,2281.293186464867
2027-08-26 21:00:00+02:00,2071.068101171508
2027-08-26 22:00:00+02:00,1681.598796909568
2027-08-26 23:00:00+02:00,1364.8453839163817
2027-08-27 00:00:00+02:00,1166.786050992461
2027-08-27 01:00:00+02:00,1087.3147627341941
2027-08-27 02:00:00+02:00,1070.815551654967
2027-08-27 03:00:00+02:00,1077.922777617634
2027-08-27 04:00:00+02:00,1099.8407657405155
2027-08-27 05:00:00+02:00,1246.5306691798953
2027-08-27 06:00:00+02:00,1489.7939381228903
2027-08-27 07:00:00+02:00,1775.8893070196618
2027-08-27 08:00:00+02:00,1952.6463773452012
2027-08-27 09:00:00+02:00,2021.5314636221765
2027-08-27 10:00:00+02:00,2031.5169539763351
2027-08-27 11:00:00+02:00,2027.8793625889857
2027-08-27 12:00:00+02:00,2007.9451276522632
2027-08-27 13:00:00+02:00,1958.2560438617222
2027-08-27 14:00:00+02:00,1894.6023722198524
2027-08-27 15:00:00+02:00,1843.4952758562365
2027-08-27 16:00:00+02:00,1830.0768674923304
2027-08-27 17:00:00+02:00,1863.710945936576
2027-08-27 18:00:00+02:00,2013.0224961821687
2027-08-27 19:00:00+02:00,2207.3762425703903
2027-08-27 20:00:00+02:00,2246.721548002049
2027-08-27 21:00:00+02:00,2025.2378668860451
2027-08-27 22:00:00+02:00,1643.520057081344
2027-08-27 23:00:00+02:00,1338.8625397727758
2027-08-28 00:00:00+02:00,1025.4312997045856
2027-08-28 01:00:00+02:00,951.3161019647055
2027-08-28 02:00:00+02:00,912.9588818886557
2027-08-28 03:00:00+02:00,886.2390249328539
2027-08-28 04:00:00+02:00,902.8748311857167
2027-08-28 05:00:00+02:00,1008.8076392637921
2027-08-28 06:00:00+02:00,1201.0756273782324
2027-08-28 07:00:00+02:00,1437.9845217392713
2027-08-28 08:00:00+02:00,1607.8816626505154
2027-08-28 09:00:00+02:00,1692.1482324654407
2027-08-28 10:00:00+02:00,1703.5736169510183
2027-08-28 11:00:00+02:00,1682.7184255355844
2027-08-28 12:00:00+02:00,1653.5375444541519
2027-08-28 13:00:00+02:00,1630.2936298611335
2027-08-28 14:00:00+02:00,1618.7635190476556
2027-08-28 15:00:00+02:00,1614.2830363418586
2027-08-28 16:00:00+02:00,1626.2592457753333
2027-08-28 17:00:00+02:00,1667.1683159386494
2027-08-28 18:00:00+02:00,1808.8595102813476
2027-08-28 19:00:00+02:00,1971.1456494726895
2027-08-28 20:00:00+02:00,1982.1116393032094
2027-08-28 21:00:00+02:00,1769.6262056679357
2027-08-28 22:00:00+02:00,1446.2618419173982
2027-08-28 23:00:00+02:00,1206.0549350583244
2027-08-29 00:00:00+02:00,1009.7185172662923
2027-08-29 01:00:00+02:00,926.3716944627582
2027-08-29 02:00:00+02:00,885.9372102479193
2027-08-29 03:00:00+02:00,893.6819136864627
2027-08-29 04:00:00+02:00,934.9351010554263
2027-08-29 05:00:00+02:00,1050.203445135465
2027-08-29 06:00:00+02:00,1223.3208976010167
2027-08-29 07:00:00+02:00,1412.2546385689373
2027-08-29 08:00:00+02:00,1514.0972060325041
2027-08-29 09:00:00+02:00,1545.2743516174296
2027-08-29 10:00:00+02:00,1558.1024870757735
2027-08-29 11:00:00+02:00,1575.4174887998493
2027-08-29 12:00:00+02:00,1575.8908928704698
2027-08-29 13:00:00+02:00,1553.3463507998224
2027-08-29 14:00:00+02:00,1540.7670353075227
2027-08-29 15:00:00+02:00,1545.708043132306
2027-08-29 16:00:00+02:00,1569.2995226456549
2027-08-29 17:00:00+02:00,1592.9834625317712
2027-08-29 18:00:00+02:00,1715.5539538046692
2027-08-29 19:00:00+02:00,1885.5701751180104
2027-08-29 20:00:00+02:00,1911.2585034058593
2027-08-29 21:00:00+02:00,1698.7564288247002
2027-08-29 22:00:00+02:00,1356.186448189922
2027-08-29 23:00:00+02:00,1122.1836042143168
2027-08-30 00:00:00+02:00,1190.3902505545745
2027-08-30 01:00:00+02:00,1111.8732258533735
2027-08-30 02:00:00+02:00,1063.8926579828442
2027-08-30 03:00:00+02:00,1062.4090442558922
2027-08-30 04:00:00+02:00,1095.8751733721201
2027-08-30 05:00:00+02:00,1222.295226628493
2027-08-30 06:00:00+02:00,1431.274821023744
2027-08-30 07:00:00+02:00,1667.7769413880048
2027-08-30 08:00:00+02:00,1816.3640546386603
2027-08-30 09:00:00+02:00,1864.556058864679
2027-08-30 10:00:00+02:00,1880.0314455028124
2027-08-30 11:00:00+02:00,1933.7591669516225
2027-08-30 12:00:00+02:00,1964.7486872163665
2027-08-30 13:00:00+02:00,1962.5672536323468
2027-08-30 14:00:00+02:00,1921.2894095922832
2027-08-30 15:00:00+02:00,1898.122984654588
2027-08-30 16:00:00+02:00,1895.0807262007293
2027-08-30 17:00:00+02:00,1896.1367142192134
2027-08-30 18:00:00+02:00,2011.1349847270726
2027-08-30 19:00:00+02:00,2166.54094490045
2027-08-30 20:00:00+02:00,2155.8458626080815
2027-08-30 21:00:00+02:00,1878.496021811001
2027-08-30 22:00:00+02:00,1490.354240592845
2027-08-30 23:00:00+02:00,1239.2827111450301
2027-08-31 00:00:00+02:00,1158.7471574591816
2027-08-31 01:00:00+02:00,1117.9506731063723
2027-08-31 02:00:00+02:00,1104.6374330745823
2027-08-31 03:00:00+02:00,1116.8223754512692
2027-08-31 04:00:00+02:00,1163.7932119446891
2027-08-31 05:00:00+02:00,1278.9732028090907
2027-08-31 06:00:00+02:00,1474.304844030434
2027-08-31 07:00:00+02:00,1691.3877131410966
2027-08-31 08:00:00+02:00,1828.2013649524204
2027-08-31 09:00:00+02:00,1864.5815676557954
2027-08-31 10:00:00+02:00,1874.7256317392175
2027-08-31 11:00:00+02:00,1898.4241668188945
2027-08-31 12:00:00+02:00,1880.570585317325
2027-08-31 13:00:00+02:00,1830.3735122402366
2027-08-31 14:00:00+02:00,1767.1696290692014
2027-08-31 15:00:00+02:00,1765.5201023997415
2027-08-31 16:00:00+02:00,1800.776076651586
2027-08-31 17:00:00+02:00,1876.847939445692
2027-08-31 18:00:00+02:00,2070.979166770885
2027-08-31 19:00:00+02:00,2268.4244874889096
2027-08-31 20:00:00+02:00,2281.2938340274422
2027-08-31 21:00:00+02:00,2003.2311161354733
2027-08-31 22:00:00+02:00,1629.4044681095827
2027-08-31 23:00:00+02:00,1359.0533130269378
2027-09-01 00:00:00+02:00,1193.141806430038
2027-09-01 01:00:00+02:00,1096.768415856738
2027-09-01 02:00:00+02:00,1047.3443386849378
2027-09-01 03:00:00+02:00,1045.534109444119
2027-09-01 04:00:00+02:00,1096.1465397228524
2027-09-01 05:00:00+02:00,1263.8806256532216
2027-09-01 06:00:00+02:00,1493.909587275905
2027-09-01 07:00:00+02:00,1720.1527659461613
2027-09-01 08:00:00+02:00,1846.2802689205787
2027-09-01 09:00:00+02:00,1897.0946893880127
2027-09-01 10:00:00+02:00,1919.3477021822748
2027-09-01 11:00:00+02:00,1914.053512163976
2027-09-01 12:00:00+02:00,1892.1834343521032
2027-09-01 13:00:00+02:00,1859.0044279479487
2027-09-01 14:00:00+02:00,1840.5795174500238
2027-09-01 15:00:00+02:00,1834.6888644495834
2027-09-01 16:00:00+02:00,1850.5191048124655
2027-09-01 17:00:00+02:00,1894.1499023103431
2027-09-01 18:00:00+02:00,2057.118080132463
2027-09-01 19:00:00+02:00,2225.354767209822
2027-09-01 20:00:00+02:00,2218.7756639730906
2027-09-01 21:00:00+02:00,1958.2294531040457
2027-09-01 22:00:00+02:00,1590.157505941823
2027-09-01 23:00:00+02:00,1317.0178864111888
2027-09-02 00:00:00+02:00,1174.5322611461463
2027-09-02 01:00:00+02:00,1099.983663215261
2027-09-02 02:00:00+02:00,1079.666714545102
2027-09-02 03:00:00+02:00,1097.3612834565922
2027-09-02 04:00:00+02:00,1131.6103532340555
2027-09-02 05:00:00+02:00,1266.4533834612348
2027-09-02 06:00:00+02:00,1456.8698910230275
2027-09-02 07:00:00+02:00,1677.0700886706456
2027-09-02 08:00:00+02:00,1803.7867019669548
2027-09-02 09:00:00+02:00,1864.1802682895393
2027-09-02 10:00:00+02:00,1887.1102002095124
2027-09-02 11:00:00+02:00,1902.7932010842123
2027-09-02 12:00:00+02:00,1902.9851677161012
2027-09-02 13:00:00+02:00,1881.26180774481
2027-09-02 14:00:00+02:00,1840.672047428688
2027-09-02 15:00:00+02:00,1805.9527178945195
2027-09-02 16:00:00+02:00,1799.3631849174478
2027-09-02 17:00:00+02:00,1856.9437129195219
2027-09-02 18:00:00+02:00,2034.1547629221059
2027-09-02 19:00:00+02:00,2225.1989317767834
2027-09-02 20:00:00+02:00,2231.0227494885635
2027-09-02 21:00:00+02:00,1980.9850690830551
2027-09-02 22:00:00+02:00,1633.7692022820786
2027-09-02 23:00:00+02:00,1378.975061380968
2027-09-03 00:00:00+02:00,1237.1367911334844
2027-09-03 01:00:00+02:00,1159.2416726917606
2027-09-03 02:00:00+02:00,1111.4263310226065
2027-09-03 03:00:00+02:00,1089.3789436608533
2027-09-03 04:00:00+02:00,1097.452955727964
2027-09-03 05:00:00+02:00,1223.481913997764
2027-09-03 06:00:00+02:00,1429.516342858029
2027-09-03 07:00:00+02:00,1678.447981468989
2027-09-03 08:00:00+02:00,1813.4029242064964
2027-09-03 09:00:00+02:00,1853.7638801262415
2027-09-03 10:00:00+02:00,1827.0384443392684
2027-09-03 11:00:00+02:00,1840.6886558806148
2027-09-03 12:00:00+02:00,1858.11289433372
2027-09-03 13:00:00+02:00,1857.747572136525
2027-09-03 14:00:00+02:00,1820.781160626021
2027-09-03 15:00:00+02:00,1783.6425661942615
2027-09-03 16:00:00+02:00,1795.5018439330886
2027-09-03 17:00:00+02:00,1852.8437891046967
2027-09-03 18:00:00+02:00,2058.2588806196345
2027-09-03 19:00:00+02:00,2246.279081769459
2027-09-03 20:00:00+02:00,2254.4232654056113
2027-09-03 21:00:00+02:00,1985.7334105264385
2027-09-03 22:00:00+02:00,1612.9904110153366
2027-09-03 23:00:00+02:00,1328.0153519773335
2027-09-04 00:00:00+02:00,1008.68497884572
2027-09-04 01:00:00+02:00,944.0866898957555
2027-09-04 02:00:00+02:00,918.5933858913958
2027-09-04 03:00:00+02:00,916.4786091518079
2027-09-04 04:00:00+02:00,948.1646847631895
2027-09-04 05:00:00+02:00,1066.818684237662
2027-09-04 06:00:00+02:00,1257.9886945558612
2027-09-04 07:00:00+02:00,1467.3986151089669
2027-09-04 08:00:00+02:00,1596.7047753231825
2027-09-04 09:00:00+02:00,1641.073480032936
2027-09-04 10:00:00+02:00,1628.812223088151
2027-09-04 11:00:00+02:00,1614.0525554340504
2027-09-04 12:00:00+02:00,1570.724288303823
2027-09-04 13:00:00+02:00,1533.2059929456616
2027-09-04 14:00:00+02:00,1491.386675681227
2027-09-04 15:00:00+02:00,1481.3802930489037
2027-09-04 16:00:00+02:00,1494.5797682709679
2027-09-04 17:00:00+02:00,1564.8391510005017
2027-09-04 18:00:00+02:00,1764.3440622614569
2027-09-04 19:00:00+02:00,1934.6149634332528
2027-09-04 20:00:00+02:00,1929.6463684079138
2027-09-04 21:00:00+02:00,1679.2773207511302
2027-09-04 22:00:00+02:00,1381.2227828013815
2027-09-04 23:00:00+02:00,1176.2486859592605
2027-09-05 00:00:00+02:00,1023.2366966257073
2027-09-05 01:00:00+02:00,957.3494540642665
2027-09-05 02:00:00+02:00,908.34103871668
2027-09-05 03:00:00+02:00,891.5060473678531
2027-09-05 04:00:00+02:00,914.4041311018138
2027-09-05 05:00:00+02:00,1036.9363593551827
2027-09-05 06:00:00+02:00,1239.6129275308972
2027-09-05 07:00:00+02:00,1463.4550586393545
2027-09-05 08:00:00+02:00,1592.5848869829433
2027-09-05 09:00:00+02:00,1594.4324531467983
2027-09-05 10:00:00+02:00,1537.3771981173034
2027-09-05 11:00:00+02:00,1491.5772390087052
2027-09-05 12:00:00+02:00,1470.0760624608731
2027-09-05 13:00:00+02:00,1444.5697733044256
2027-09-05 14:00:00+02:00,1414.6399578448859
2027-09-05 15:00:00+02:00,1407.0272596096263
2027-09-05 16:00:00+02:00,1436.2944269749198
2027-09-05 17:00:00+02:00,1501.4465013416811
2027-09-05 18:00:00+02:00,1676.1857465994328
2027-09-05 19:00:00+02:00,1813.4171298212746
2027-09-05 20:00:00+02:00,1813.2018283130099
2027-09-05 21:00:00+02:00,1591.7258509741264
2027-09-05 22:00:00+02:00,1322.8184302018115
2027-09-05 23:00:00+02:00,1109.0467023809656
2027-09-06 00:00:00+02:00,1150.345330252663
2027-09-06 01:00:00+02:00,1060.681350888572
2027-09-06 02:00:00+02:00,1023.9631244364086
2027-09-06 03:00:00+02:00,1014.8805234188969
2027-09-06 04:00:00+02:00,1064.1243681747026
2027-09-06 05:00:00+02:00,1220.561869302099
2027-09-06 06:00:00+02:00,1465.1185837586477
2027-09-06 07:00:00+02:00,1709.5073390436437
2027-09-06 08:00:00+02:00,1843.2529928845183
2027-09-06 09:00:00+02:00,1854.5046880083705
2027-09-06 10:00:00+02:00,1831.1489050217954
2027-09-06 11:00:00+02:00,1808.6517026562235
2027-09-06 12:00:00+02:00,1784.5788288956112
2027-09-06 13:00:00+02:00,1743.6591226397352
2027-09-06 14:00:00+02:00,1714.1136740230459
2027-09-06 15:00:00+02:00,1692.4722676339684
2027-09-06 16:00:00+02:00,1714.4175049953637
2027-09-06 17:00:00+02:00,1774.4479096685768
2027-09-06 18:00:00+02:00,1996.503311620925
2027-09-06 19:00:00+02:00,2184.088072656246
2027-09-06 20:00:00+02:00,2184.1933146527726
2027-09-06 21:00:00+02:00,1911.0194518835283
2027-09-06 22:00:00+02:00,1563.705917288385
2027-09-06 23:00:00+02:00,1311.2709496158275
2027-09-07 00:00:00+02:00,1189.2495866637305
2027-09-07 01:00:00+02:00,1098.5537625930767
2027-09-07 02:00:00+02:00,1069.186208162871
2027-09-07 03:00:00+02:00,1078.1178975882003
2027-09-07 04:00:00+02:00,1127.1760876325955
2027-09-07 05:00:00+02:00,1264.2174784138579
2027-09-07 06:00:00+02:00,1460.6957220401684
2027-09-07 07:00:00+02:00,1667.479736711744
2027-09-07 08:00:00+02:00,1759.9315313069892
2027-09-07 09:00:00+02:00,1763.2463243562777
2027-09-07 10:00:00+02:00,1727.9716591542747
2027-09-07 11:00:00+02:00,1701.1529334677252
2027-09-07 12:00:00+02:00,1681.5748394659333
2027-09-07 13:00:00+02:00,1674.4589985556102
2027-09-07 14:00:00+02:00,1666.2044592646434
2027-09-07 15:00:00+02:00,1682.0678815953559
2027-09-07 16:00:00+02:00,1711.9839818389523
2027-09-07 17:00:00+02:00,1807.1924429982128
2027-09-07 18:00:00+02:00,2044.7935178294501
2027-09-07 19:00:00+02:00,2262.613212468529
2027-09-07 20:00:00+02:00,2299.4617311328775
2027-09-07 21:00:00+02:00,2037.9579742055614
2027-09-07 22:00:00+02:00,1700.6215025988358
2027-09-07 23:00:00+02:00,1424.9652838586203
2027-09-08 00:00:00+02:00,1266.1144276333978
2027-09-08 01:00:00+02:00,1176.60145025474
2027-09-08 02:00:00+02:00,1143.924989714248
2027-09-08 03:00:00+02:00,1130.8991341702847
2027-09-08 04:00:00+02:00,1137.49020699739
2027-09-08 05:00:00+02:00,1242.2751664004425
2027-09-08 06:00:00+02:00,1437.4256667663265
2027-09-08 07:00:00+02:00,1676.7280416393455
2027-09-08 08:00:00+02:00,1811.1494812670749
2027-09-08 09:00:00+02:00,1840.7826028829977
2027-09-08 10:00:00+02:00,1814.4365252757173
2027-09-08 11:00:00+02:00,1807.7533591471597
2027-09-08 12:00:00+02:00,1801.647740068453
2027-09-08 13:00:00+02:00,1781.7605643780068
2027-09-08 14:00:00+02:00,1748.6250123968507
2027-09-08 15:00:00+02:00,1735.0051170940383
2027-09-08 16:00:00+02:00,1741.479001886465
2027-09-08 17:00:00+02:00,1788.219168767352
2027-09-08 18:00:00+02:00,1964.2824834434502
2027-09-08 19:00:00+02:00,2113.410285251089
2027-09-08 20:00:00+02:00,2110.274048068781
2027-09-08 21:00:00+02:00,1856.6621021287194
2027-09-08 22:00:00+02:00,1541.0628765598688
2027-09-08 23:00:00+02:00,1295.6901500026925
2027-09-09 00:00:00+02:00,1152.421506943813
2027-09-09 01:00:00+02:00,1080.6266430666105
2027-09-09 02:00:00+02:00,1053.5044420000945
2027-09-09 03:00:00+02:00,1047.8642634758014
2027-09-09 04:00:00+02:00,1089.6537663524527
2027-09-09 05:00:00+02:00,1245.9794874167192
2027-09-09 06:00:00+02:00,1486.2313540313482
2027-09-09 07:00:00+02:00,1720.09957485783
2027-09-09 08:00:00+02:00,1849.2681393715802
2027-09-09 09:00:00+02:00,1877.2019898438587
2027-09-09 10:00:00+02:00,1856.4894860876473
2027-09-09 11:00:00+02:00,1823.8661407042307
2027-09-09 12:00:00+02:00,1788.651453068155
2027-09-09 13:00:00+02:00,1751.944688257974
2027-09-09 14:00:00+02:00,1720.642825414125
2027-09-09 15:00:00+02:00,1713.9430632865403
2027-09-09 16:00:00+02:00,1750.726457406443
2027-09-09 17:00:00+02:00,1832.3596888428228
2027-09-09 18:00:00+02:00,2033.2417931236473
2027-09-09 19:00:00+02:00,2191.547602015053
2027-09-09 20:00:00+02:00,2194.2248803053094
2027-09-09 21:00:00+02:00,1892.3720258336778
2027-09-09 22:00:00+02:00,1526.0762506514916
2027-09-09 23:00:00+02:00,1240.2149530021302
2027-09-10 00:00:00+02:00,1126.8559594609924
2027-09-10 01:00:00+02:00,1079.6596734921175
2027-09-10 02:00:00+02:00,1057.1921622659092
2027-09-10 03:00:00+02:00,1071.8389938279006
2027-09-10 04:00:00+02:00,1115.5465661539138
2027-09-10 05:00:00+02:00,1265.3765878028403
2027-09-10 06:00:00+02:00,1460.494179112786
2027-09-10 07:00:00+02:00,1694.2558994509284
2027-09-10 08:00:00+02:00,1832.8350099732977
2027-09-10 09:00:00+02:00,1891.7004855220869
2027-09-10 10:00:00+02:00,1880.0743239753208
2027-09-10 11:00:00+02:00,1853.5424416744586
2027-09-10 12:00:00+02:00,1814.4395311348576
2027-09-10 13:00:00+02:00,1749.5840537854565
2027-09-10 14:00:00+02:00,1703.5635997669594
2027-09-10 15:00:00+02:00,1680.2309211659435
2027-09-10 16:00:00+02:00,1699.0602503790744
2027-09-10 17:00:00+02:00,1757.5308562055418
2027-09-10 18:00:00+02:00,1978.9262143133626
2027-09-10 19:00:00+02:00,2149.17410315968
2027-09-10 20:00:00+02:00,2162.5107087248944
2027-09-10 21:00:00+02:00,1871.5323511154352
2027-09-10 22:00:00+02:00,1555.603525531934
2027-09-10 23:00:00+02:00,1296.5925930298142
2027-09-11 00:00:00+02:00,1001.0489742417602
2027-09-11 01:00:00+02:00,934.7797768564832
2027-09-11 02:00:00+02:00,918.2714385783846
2027-09-11 03:00:00+02:00,923.5276002071698
2027-09-11 04:00:00+02:00,975.7895063986566
2027-09-11 05:00:00+02:00,1088.2833442545395
2027-09-11 06:00:00+02:00,1253.9284843182672
2027-09-11 07:00:00+02:00,1417.1968732994799
2027-09-11 08:00:00+02:00,1510.2695440795874
2027-09-11 09:00:00+02:00,1527.2610058588727
2027-09-11 10:00:00+02:00,1510.183396536247
2027-09-11 11:00:00+02:00,1501.0455006556704
2027-09-11 12:00:00+02:00,1479.8296950231677
2027-09-11 13:00:00+02:00,1472.1948235943014
2027-09-11 14:00:00+02:00,1462.6618742140638
2027-09-11 15:00:00+02:00,1471.2227612502948
2027-09-11 16:00:00+02:00,1499.8344985774513
2027-09-11 17:00:00+02:00,1553.624433413346
2027-09-11 18:00:00+02:00,1745.1257574440003
2027-09-11 19:00:00+02:00,1865.1188590165775
2027-09-11 20:00:00+02:00,1853.5437879347157
2027-09-11 21:00:00+02:00,1588.0244742186085
2027-09-11 22:00:00+02:00,1296.0692338564277
2027-09-11 23:00:00+02:00,1084.0996784184135
2027-09-12 00:00:00+02:00,917.3294349001694
2027-09-12 01:00:00+02:00,868.6377930372673
2027-09-12 02:00:00+02:00,851.3039003087653
2027-09-12 03:00:00+02:00,887.7265686344181
2027-09-12 04:00:00+02:00,950.8461996771894
2027-09-12 05:00:00+02:00,1090.2317045527084
2027-09-12 06:00:00+02:00,1261.5591353361585
2027-09-12 07:00:00+02:00,1430.4314581196957
2027-09-12 08:00:00+02:00,1503.2380996161953
2027-09-12 09:00:00+02:00,1491.3077753246175
2027-09-12 10:00:00+02:00,1442.053929022709
2027-09-12 11:00:00+02:00,1403.3360904125288
2027-09-12 12:00:00+02:00,1379.5002878442274
2027-09-12 13:00:00+02:00,1346.1538139788627
2027-09-12 14:00:00+02:00,1314.3161205560293
2027-09-12 15:00:00+02:00,1296.195888750403
2027-09-12 16:00:00+02:00,1336.757681743582
2027-09-12 17:00:00+02:00,1427.3370359236858
2027-09-12 18:00:00+02:00,1655.9383747166473
2027-09-12 19:00:00+02:00,1839.0740635972425
2027-09-12 20:00:00+02:00,1849.6618066693998
2027-09-12 21:00:00+02:00,1599.1739860738103
2027-09-12 22:00:00+02:00,1314.0063745109765
2027-09-12 23:00:00+02:00,1105.9011479634532
2027-09-13 00:00:00+02:00,1194.2610520721855
2027-09-13 01:00:00+02:00,1095.5827406651565
2027-09-13 02:00:00+02:00,1052.792585504091
2027-09-13 03:00:00+02:00,1060.5932938841468
2027-09-13 04:00:00+02:00,1125.0293180476806
2027-09-13 05:00:00+02:00,1277.563155080145
2027-09-13 06:00:00+02:00,1450.6824073981168
2027-09-13 07:00:00+02:00,1604.1904817128068
2027-09-13 08:00:00+02:00,1666.987335501773
2027-09-13 09:00:00+02:00,1666.0306608056992
2027-09-13 10:00:00+02:00,1657.2375057249842
2027-09-13 11:00:00+02:00,1665.1378793626277
2027-09-13 12:00:00+02:00,1669.0826689815792
2027-09-13 13:00:00+02:00,1646.9236394636298
2027-09-13 14:00:00+02:00,1616.1951228479893
2027-09-13 15:00:00+02:00,1618.426797727608
2027-09-13 16:00:00+02:00,1661.4878176489908
2027-09-13 17:00:00+02:00,1754.6689895352106
2027-09-13 18:00:00+02:00,2006.22466552623
2027-09-13 19:00:00+02:00,2196.0065417760843
2027-09-13 20:00:00+02:00,2185.6817373805525
2027-09-13 21:00:00+02:00,1875.918399817437
2027-09-13 22:00:00+02:00,1515.0621767107464
2027-09-13 23:00:00+02:00,1253.3521193465212
2027-09-14 00:00:00+02:00,1114.1421678795446
2027-09-14 01:00:00+02:00,1045.8087867172608
2027-09-14 02:00:00+02:00,1009.1246445389725
2027-09-14 03:00:00+02:00,1003.4826687286304
2027-09-14 04:00:00+02:00,1046.8158887852553
2027-09-14 05:00:00+02:00,1213.9575733032439
2027-09-14 06:00:00+02:00,1446.6596824833607
2027-09-14 07:00:00+02:00,1678.1049737467506
2027-09-14 08:00:00+02:00,1786.4621957927834
2027-09-14 09:00:00+02:00,1806.054862008817
2027-09-14 10:00:00+02:00,1757.5535181660532
2027-09-14 11:00:00+02:00,1724.8533631384848
2027-09-14 12:00:00+02:00,1689.3732798850585
2027-09-14 13:00:00+02:00,1664.75970004069
2027-09-14 14:00:00+02:00,1643.214915546908
2027-09-14 15:00:00+02:00,1654.2668563715335
2027-09-14 16:00:00+02:00,1712.591470277264
2027-09-14 17:00:00+02:00,1846.2322285574123
2027-09-14 18:00:00+02:00,2091.140366102831
2027-09-14 19:00:00+02:00,2238.6910728709613
2027-09-14 20:00:00+02:00,2175.3786113476426
2027-09-14 21:00:00+02:00,1842.9719013776594
2027-09-14 22:00:00+02:00,1485.8490908166432
2027-09-14 23:00:00+02:00,1187.1683501527223
2027-09-15 00:00:00+02:00,1005.2910840894579
2027-09-15 01:00:00+02:00,909.7628504616579
2027-09-15 02:00:00+02:00,893.0026830089174
2027-09-15 03:00:00+02:00,918.529140051802
2027-09-15 04:00:00+02:00,1006.0222039684514
2027-09-15 05:00:00+02:00,1219.215515557989
2027-09-15 06:00:00+02:00,1470.9502334953197
2027-09-15 07:00:00+02:00,1711.2695288974598
2027-09-15 08:00:00+02:00,1796.4257290064393
2027-09-15 09:00:00+02:00,1808.4491157950274
2027-09-15 10:00:00+02:00,1778.8150078760502
2027-09-15 11:00:00+02:00,1766.1941366826816
2027-09-15 12:00:00+02:00,1760.9680412730788
2027-09-15 13:00:00+02:00,1743.982373030978
2027-09-15 14:00:00+02:00,1725.8203059398468
2027-09-15 15:00:00+02:00,1709.0500095462157
2027-09-15 16:00:00+02:00,1754.7343511955603
2027-09-15 17:00:00+02:00,1863.102244739259
2027-09-15 18:00:00+02:00,2107.3576972494334
2027-09-15 19:00:00+02:00,2233.8272244286813
2027-09-15 20:00:00+02:00,2168.737086509123
2027-09-15 21:00:00+02:00,1834.8089804904978
2027-09-15 22:00:00+02:00,1486.8135098884861
2027-09-15 23:00:00+02:00,1214.056792566573
2027-09-16 00:00:00+02:00,1077.2533614871118
2027-09-16 01:00:00+02:00,981.9830291055995
2027-09-16 02:00:00+02:00,950.1955148277887
2027-09-16 03:00:00+02:00,968.568476439256
2027-09-16 04:00:00+02:00,1030.2765187794184
2027-09-16 05:00:00+02:00,1208.4814885540632
2027-09-16 06:00:00+02:00,1429.6540669168119
2027-09-16 07:00:00+02:00,1652.7583423285841
2027-09-16 08:00:00+02:00,1739.9742246354754
2027-09-16 09:00:00+02:00,1754.748087708745
2027-09-16 10:00:00+02:00,1757.1198570583467
2027-09-16 11:00:00+02:00,1779.128618361019
2027-09-16 12:00:00+02:00,1777.429984055896
2027-09-16 13:00:00+02:00,1738.667072580597
2027-09-16 14:00:00+02:00,1697.072931989776
2027-09-16 15:00:00+02:00,1683.3332841742763
2027-09-16 16:00:00+02:00,1721.0750433584508
2027-09-16 17:00:00+02:00,1817.5461602050652
2027-09-16 18:00:00+02:00,2065.185338976064
2027-09-16 19:00:00+02:00,2204.1358731440737
2027-09-16 20:00:00+02:00,2165.208188918764
2027-09-16 21:00:00+02:00,1841.412898825032
2027-09-16 22:00:00+02:00,1500.5008579661958
2027-09-16 23:00:00+02:00,1229.6870540579935
2027-09-17 00:00:00+02:00,1027.6850625520622
2027-09-17 01:00:00+02:00,941.2311576703065
2027-09-17 02:00:00+02:00,903.4996812450655
2027-09-17 03:00:00+02:00,928.6882184418153
2027-09-17 04:00:00+02:00,1014.7240881770603
2027-09-17 05:00:00+02:00,1227.1274211488194
2027-09-17 06:00:00+02:00,1464.2735723278731
2027-09-17 07:00:00+02:00,1668.3946110485847
2027-09-17 08:00:00+02:00,1736.1167434018216
2027-09-17 09:00:00+02:00,1742.524658931939
2027-09-17 10:00:00+02:00,1724.0698320081915
2027-09-17 11:00:00+02:00,1720.694168809265
2027-09-17 12:00:00+02:00,1702.1123844660867
2027-09-17 13:00:00+02:00,1686.6757587000698
2027-09-17 14:00:00+02:00,1672.9584310404025
2027-09-17 15:00:00+02:00,1699.476560011068
2027-09-17 16:00:00+02:00,1751.136035368945
2027-09-17 17:00:00+02:00,1848.0423962939217
2027-09-17 18:00:00+02:00,2104.8595999467807
2027-09-17 19:00:00+02:00,2258.1605164999746
2027-09-17 20:00:00+02:00,2222.8851399873215
2027-09-17 21:00:00+02:00,1878.2193949112334
2027-09-17 22:00:00+02:00,1507.703858309724
2027-09-17 23:00:00+02:00,1213.3136185933438
2027-09-18 00:00:00+02:00,905.8208851386656
2027-09-18 01:00:00+02:00,820.1737935735923
2027-09-18 02:00:00+02:00,788.9735441160728
2027-09-18 03:00:00+02:00,784.0632401106093
2027-09-18 04:00:00+02:00,843.0776309658643
2027-09-18 05:00:00+02:00,984.6901982873763
2027-09-18 06:00:00+02:00,1166.3051342548258
2027-09-18 07:00:00+02:00,1349.577189655522
2027-09-18 08:00:00+02:00,1432.327714978454
2027-09-18 09:00:00+02:00,1456.4756262875258
2027-09-18 10:00:00+02:00,1454.0713902998548
2027-09-18 11:00:00+02:00,1477.705732538029
2027-09-18 12:00:00+02:00,1496.833369468262
2027-09-18 13:00:00+02:00,1496.0552692788929
2027-09-18 14:00:00+02:00,1482.3165687781373
2027-09-18 15:00:00+02:00,1470.2422941991028
2027-09-18 16:00:00+02:00,1482.5859098800752
2027-09-18 17:00:00+02:00,1558.584004838634
2027-09-18 18:00:00+02:00,1796.4341741609906
2027-09-18 19:00:00+02:00,1943.258339574095
2027-09-18 20:00:00+02:00,1889.1791614981598
2027-09-18 21:00:00+02:00,1558.9429886192195
2027-09-18 22:00:00+02:00,1213.5069487184112
2027-09-18 23:00:00+02:00,971.4022424529642
2027-09-19 00:00:00+02:00,810.1405335872854
2027-09-19 01:00:00+02:00,757.968280917196
2027-09-19 02:00:00+02:00,747.0233301411986
2027-09-19 03:00:00+02:00,766.0852356811951
2027-09-19 04:00:00+02:00,844.7562649962006
2027-09-19 05:00:00+02:00,1016.7050793060356
2027-09-19 06:00:00+02:00,1210.4134018997677
2027-09-19 07:00:00+02:00,1393.2704708774856
2027-09-19 08:00:00+02:00,1470.8816063852664
2027-09-19 09:00:00+02:00,1483.2298061593804
2027-09-19 10:00:00+02:00,1461.8994044995598
2027-09-19 11:00:00+02:00,1434.8217263377355
2027-09-19 12:00:00+02:00,1405.4764531106716
2027-09-19 13:00:00+02:00,1365.1888094659282
2027-09-19 14:00:00+02:00,1341.2905417170398
2027-09-19 15:00:00+02:00,1340.111855405254
2027-09-19 16:00:00+02:00,1362.5557216335967
2027-09-19 17:00:00+02:00,1443.3664890400744
2027-09-19 18:00:00+02:00,1627.0558872050717
2027-09-19 19:00:00+02:00,1750.618067163064
2027-09-19 20:00:00+02:00,1715.4506689920365
2027-09-19 21:00:00+02:00,1468.639430679946
2027-09-19 22:00:00+02:00,1217.3162918530545
2027-09-19 23:00:00+02:00,1013.86292533299
2027-09-20 00:00:00+02:00,1076.7379324811714
2027-09-20 01:00:00+02:00,993.5135160324664
2027-09-20 02:00:00+02:00,958.8546767093376
2027-09-20 03:00:00+02:00,970.6044692010196
2027-09-20 04:00:00+02:00,1042.1873273586157
2027-09-20 05:00:00+02:00,1237.0794085582766
2027-09-20 06:00:00+02:00,1448.2469740310326
2027-09-20 07:00:00+02:00,1634.4904824251482
2027-09-20 08:00:00+02:00,1690.8979429457884
2027-09-20 09:00:00+02:00,1671.3396866866071
2027-09-20 10:00:00+02:00,1621.8919479212466
2027-09-20 11:00:00+02:00,1600.2852689294705
2027-09-20 12:00:00+02:00,1596.4793040830323
2027-09-20 13:00:00+02:00,1582.4562379740687
2027-09-20 14:00:00+02:00,1569.1670099498788
2027-09-20 15:00:00+02:00,1593.932374898598
2027-09-20 16:00:00+02:00,1677.0352387232667
2027-09-20 17:00:00+02:00,1844.63966809642
2027-09-20 18:00:00+02:00,2133.5562051415227
2027-09-20 19:00:00+02:00,2300.095529241262
2027-09-20 20:00:00+02:00,2206.052196285197
2027-09-20 21:00:00+02:00,1823.1860175597
2027-09-20 22:00:00+02:00,1434.7853306449144
2027-09-20 23:00:00+02:00,1168.6309273907045
2027-09-21 00:00:00+02:00,1060.2925676403831
2027-09-21 01:00:00+02:00,992.165406385845
2027-09-21 02:00:00+02:00,963.4577750597792
2027-09-21 03:00:00+02:00,975.7991757510072
2027-09-21 04:00:00+02:00,1045.4375127030917
2027-09-21 05:00:00+02:00,1232.8442510448615
2027-09-21 06:00:00+02:00,1452.2457960685056
2027-09-21 07:00:00+02:00,1662.363552011134
2027-09-21 08:00:00+02:00,1740.781529541756
2027-09-21 09:00:00+02:00,1745.570088657536
2027-09-21 10:00:00+02:00,1692.686717821229
2027-09-21 11:00:00+02:00,1646.5292331432443
2027-09-21 12:00:00+02:00,1608.1663032518334
2027-09-21 13:00:00+02:00,1574.645669850581
2027-09-21 14:00:00+02:00,1577.6350204068756
2027-09-21 15:00:00+02:00,1609.8414685832909
2027-09-21 16:00:00+02:00,1696.8701276862555
2027-09-21 17:00:00+02:00,1852.6999052650433
2027-09-21 18:00:00+02:00,2103.5626395849704
2027-09-21 19:00:00+02:00,2238.2425576598625
2027-09-21 20:00:00+02:00,2152.8659992355697
2027-09-21 21:00:00+02:00,1830.7748267582813
2027-09-21 22:00:00+02:00,1512.9572552839732
2027-09-21 23:00:00+02:00,1262.9324368175926
2027-09-22 00:00:00+02:00,1085.4905221420204
2027-09-22 01:00:00+02:00,982.3251510291002
2027-09-22 02:00:00+02:00,931.0557401837566
2027-09-22 03:00:00+02:00,931.2995020892865
2027-09-22 04:00:00+02:00,986.6324751343881
2027-09-22 05:00:00+02:00,1183.4065826198619
2027-09-22 06:00:00+02:00,1467.329807301716
2027-09-22 07:00:00+02:00,1740.1957467306486
2027-09-22 08:00:00+02:00,1870.380840397507
2027-09-22 09:00:00+02:00,1868.129418396948
2027-09-22 10:00:00+02:00,1822.063216741061
2027-09-22 11:00:00+02:00,1764.5904800024173
2027-09-22 12:00:00+02:00,1715.9998222993913
2027-09-22 13:00:00+02:00,1658.6582981741853
2027-09-22 14:00:00+02:00,1612.0291836294634
2027-09-22 15:00:00+02:00,1587.0575898800098
2027-09-22 16:00:00+02:00,1618.6386683851226
2027-09-22 17:00:00+02:00,1757.8950228456083
2027-09-22 18:00:00+02:00,2037.1734024039017
2027-09-22 19:00:00+02:00,2199.244397665519
2027-09-22 20:00:00+02:00,2109.8796657270404
2027-09-22 21:00:00+02:00,1746.6540089973307
2027-09-22 22:00:00+02:00,1401.336039580829
2027-09-22 23:00:00+02:00,1137.9354348077318
2027-09-23 00:00:00+02:00,1018.3306156059112
2027-09-23 01:00:00+02:00,937.1756150033812
2027-09-23 02:00:00+02:00,915.189906742513
2027-09-23 03:00:00+02:00,915.3192691700762
2027-09-23 04:00:00+02:00,990.3340292417392
2027-09-23 05:00:00+02:00,1207.6363767019102
2027-09-23 06:00:00+02:00,1484.463007125243
2027-09-23 07:00:00+02:00,1743.512094013002
2027-09-23 08:00:00+02:00,1862.8485505893325
2027-09-23 09:00:00+02:00,1845.55935492449
2027-09-23 10:00:00+02:00,1753.9774173106962
2027-09-23 11:00:00+02:00,1686.9742782765145
2027-09-23 12:00:00+02:00,1666.9725611466195
2027-09-23 13:00:00+02:00,1658.7081266268456
2027-09-23 14:00:00+02:00,1625.102412045113
2027-09-23 15:00:00+02:00,1598.1097858356266
2027-09-23 16:00:00+02:00,1633.1075204375657
2027-09-23 17:00:00+02:00,1803.4021158273054
2027-09-23 18:00:00+02:00,2106.6690538996177
2027-09-23 19:00:00+02:00,2283.6229548826723
2027-09-23 20:00:00+02:00,2193.0516952913217
2027-09-23 21:00:00+02:00,1807.3923001342707
2027-09-23 22:00:00+02:00,1427.5921229202888
2027-09-23 23:00:00+02:00,1160.3311222075456
2027-09-24 00:00:00+02:00,1035.3571784073772
2027-09-24 01:00:00+02:00,974.221116875938
2027-09-24 02:00:00+02:00,938.3554735144071
2027-09-24 03:00:00+02:00,941.5854075718327
2027-09-24 04:00:00+02:00,992.5500080474754
2027-09-24 05:00:00+02:00,1188.7033978315612
2027-09-24 06:00:00+02:00,1444.7328640597673
2027-09-24 07:00:00+02:00,1693.5498183583575
2027-09-24 08:00:00+02:00,1799.9307139725522
2027-09-24 09:00:00+02:00,1812.9748375250074
2027-09-24 10:00:00+02:00,1777.799663671364
2027-09-24 11:00:00+02:00,1738.7647918417492
2027-09-24 12:00:00+02:00,1704.018494723076
2027-09-24 13:00:00+02:00,1675.3743394457917
2027-09-24 14:00:00+02:00,1643.6307283451752
2027-09-24 15:00:00+02:00,1626.157105708681
2027-09-24 16:00:00+02:00,1671.8666721336247
2027-09-24 17:00:00+02:00,1834.2931610970609
2027-09-24 18:00:00+02:00,2105.9787321741414
2027-09-24 19:00:00+02:00,2243.667448997064
2027-09-24 20:00:00+02:00,2130.2989698892975
2027-09-24 21:00:00+02:00,1754.999235526766
2027-09-24 22:00:00+02:00,1385.946463431328
2027-09-24 23:00:00+02:00,1140.563049525834
2027-09-25 00:00:00+02:00,855.8707775836118
2027-09-25 01:00:00+02:00,817.3611556573271
2027-09-25 02:00:00+02:00,790.106537291753
2027-09-25 03:00:00+02:00,796.4699157170136
2027-09-25 04:00:00+02:00,855.6049401133116
2027-09-25 05:00:00+02:00,1015.9621399517367
2027-09-25 06:00:00+02:00,1232.2242230096706
2027-09-25 07:00:00+02:00,1435.028024406686
2027-09-25 08:00:00+02:00,1540.1925858393988
2027-09-25 09:00:00+02:00,1542.6245410484798
2027-09-25 10:00:00+02:00,1500.3249476835197
2027-09-25 11:00:00+02:00,1463.5362084134708
2027-09-25 12:00:00+02:00,1442.7077183771244
2027-09-25 13:00:00+02:00,1414.8630223829102
2027-09-25 14:00:00+02:00,1365.8636728539577
2027-09-25 15:00:00+02:00,1339.6210526679024
2027-09-25 16:00:00+02:00,1382.3785025994314
2027-09-25 17:00:00+02:00,1532.2525126561634
2027-09-25 18:00:00+02:00,1780.3878988595607
2027-09-25 19:00:00+02:00,1882.2339778354471
2027-09-25 20:00:00+02:00,1780.3445200888627
2027-09-25 21:00:00+02:00,1469.768729493406
2027-09-25 22:00:00+02:00,1203.2074746232008
2027-09-25 23:00:00+02:00,999.5414465650597
2027-09-26 00:00:00+02:00,863.6605591111315
2027-09-26 01:00:00+02:00,796.1473479207276
2027-09-26 02:00:00+02:00,774.4956249861783
2027-09-26 03:00:00+02:00,777.4212517497178
2027-09-26 04:00:00+02:00,819.4787036673872
2027-09-26 05:00:00+02:00,962.3972304130735
2027-09-26 06:00:00+02:00,1136.3331343073485
2027-09-26 07:00:00+02:00,1310.6612439636174
2027-09-26 08:00:00+02:00,1389.1434356425782
2027-09-26 09:00:00+02:00,1423.6193210621407
2027-09-26 10:00:00+02:00,1411.2242508846098
2027-09-26 11:00:00+02:00,1399.9942292970775
2027-09-26 12:00:00+02:00,1366.5090822017733
2027-09-26 13:00:00+02:00,1345.4439998310652
2027-09-26 14:00:00+02:00,1320.213093641056
2027-09-26 15:00:00+02:00,1314.8897541962474
2027-09-26 16:00:00+02:00,1346.0594302385932
2027-09-26 17:00:00+02:00,1473.668961396904
2027-09-26 18:00:00+02:00,1710.822630538714
2027-09-26 19:00:00+02:00,1830.9470906223405
2027-09-26 20:00:00+02:00,1750.2577401911124
2027-09-26 21:00:00+02:00,1468.9525620804336
2027-09-26 22:00:00+02:00,1194.042708923011
2027-09-26 23:00:00+02:00,988.2690732120725
2027-09-27 00:00:00+02:00,1085.5990622899112
2027-09-27 01:00:00+02:00,1031.495683955094
2027-09-27 02:00:00+02:00,1036.0532334228176
2027-09-27 03:00:00+02:00,1038.3416667685908
2027-09-27 04:00:00+02:00,1106.9374770491645
2027-09-27 05:00:00+02:00,1285.8998947164512
2027-09-27 06:00:00+02:00,1512.0300641058775
2027-09-27 07:00:00+02:00,1709.3951775564922
2027-09-27 08:00:00+02:00,1751.1901940787752
2027-09-27 09:00:00+02:00,1692.646835740154
2027-09-27 10:00:00+02:00,1614.3581657179755
2027-09-27 11:00:00+02:00,1562.8517897309546
2027-09-27 12:00:00+02:00,1539.3236388730727
2027-09-27 13:00:00+02:00,1504.4184465590347
2027-09-27 14:00:00+02:00,1458.8348126642372
2027-09-27 15:00:00+02:00,1451.6519715560503
2027-09-27 16:00:00+02:00,1543.0742875780586
2027-09-27 17:00:00+02:00,1778.402923404098
2027-09-27 18:00:00+02:00,2108.71842911359
2027-09-27 19:00:00+02:00,2284.7085281399436
2027-09-27 20:00:00+02:00,2194.306164970604
2027-09-27 21:00:00+02:00,1845.145865031421
2027-09-27 22:00:00+02:00,1488.5995262021413
2027-09-27 23:00:00+02:00,1232.2341976427037
2027-09-28 00:00:00+02:00,1099.979022769586
2027-09-28 01:00:00+02:00,1058.5361634186845
2027-09-28 02:00:00+02:00,1052.5714567295493
2027-09-28 03:00:00+02:00,1080.4070228721553
2027-09-28 04:00:00+02:00,1145.3425055301182
2027-09-28 05:00:00+02:00,1302.320307481411
2027-09-28 06:00:00+02:00,1515.5455747470787
2027-09-28 07:00:00+02:00,1704.807611740092
2027-09-28 08:00:00+02:00,1789.0898487738032
2027-09-28 09:00:00+02:00,1769.2504702640074
2027-09-28 10:00:00+02:00,1721.8259781399045
2027-09-28 11:00:00+02:00,1674.5185752629163
2027-09-28 12:00:00+02:00,1626.031303511133
2027-09-28 13:00:00+02:00,1581.065880752769
2027-09-28 14:00:00+02:00,1542.4880046788758
2027-09-28 15:00:00+02:00,1537.9525289110654
2027-09-28 16:00:00+02:00,1571.8622696718166
2027-09-28 17:00:00+02:00,1773.029086265592
2027-09-28 18:00:00+02:00,2080.428206944233
2027-09-28 19:00:00+02:00,2243.55718267168
2027-09-28 20:00:00+02:00,2115.2106373989805
2027-09-28 21:00:00+02:00,1728.820655086669
2027-09-28 22:00:00+02:00,1390.851294533018
2027-09-28 23:00:00+02:00,1151.4438049514029
2027-09-29 00:00:00+02:00,1021.7539353935462
2027-09-29 01:00:00+02:00,952.0112852577628
2027-09-29 02:00:00+02:00,918.0245979304784
2027-09-29 03:00:00+02:00,942.5145802754137
2027-09-29 04:00:00+02:00,1042.7344115139508
2027-09-29 05:00:00+02:00,1277.1377002428417
2027-09-29 06:00:00+02:00,1555.528717832776
2027-09-29 07:00:00+02:00,1784.1537547201835
2027-09-29 08:00:00+02:00,1847.3930358518696
2027-09-29 09:00:00+02:00,1791.4433979101038
2027-09-29 10:00:00+02:00,1710.6999731642331
2027-09-29 11:00:00+02:00,1642.6160616289899
2027-09-29 12:00:00+02:00,1612.520211018161
2027-09-29 13:00:00+02:00,1595.4191907996699
2027-09-29 14:00:00+02:00,1589.1787750426063
2027-09-29 15:00:00+02:00,1581.8958594476883
2027-09-29 16:00:00+02:00,1636.5461834145538
2027-09-29 17:00:00+02:00,1852.9422517515177
2027-09-29 18:00:00+02:00,2193.2398439799135
2027-09-29 19:00:00+02:00,2339.00728183163
2027-09-29 20:00:00+02:00,2164.0723677301276
2027-09-29 21:00:00+02:00,1756.0618844993637
2027-09-29 22:00:00+02:00,1407.9711205264773
2027-09-29 23:00:00+02:00,1157.5331604963535
2027-09-30 00:00:00+02:00,1013.9863695260517
2027-09-30 01:00:00+02:00,933.3752375352863
2027-09-30 02:00:00+02:00,925.5570875343765
2027-09-30 03:00:00+02:00,967.3615745012102
2027-09-30 04:00:00+02:00,1047.7302127384528
2027-09-30 05:00:00+02:00,1228.336089837067
2027-09-30 06:00:00+02:00,1443.2802870823907
2027-09-30 07:00:00+02:00,1664.265459167181
2027-09-30 08:00:00+02:00,1777.434198469005
2027-09-30 09:00:00+02:00,1819.2614357677141
2027-09-30 10:00:00+02:00,1809.3510411194388
2027-09-30 11:00:00+02:00,1778.035710155324
2027-09-30 12:00:00+02:00,1743.34564807955
2027-09-30 13:00:00+02:00,1700.5144177175225
2027-09-30 14:00:00+02:00,1671.3288058672508
2027-09-30 15:00:00+02:00,1655.8883913038878
2027-09-30 16:00:00+02:00,1673.2908602845503
2027-09-30 17:00:00+02:00,1833.6158191581785
2027-09-30 18:00:00+02:00,2077.5732506888744
2027-09-30 19:00:00+02:00,2217.233271180914
2027-09-30 20:00:00+02:00,2112.188835439803
2027-09-30 21:00:00+02:00,1786.307341386134
2027-09-30 22:00:00+02:00,1436.8936046110719
2027-09-30 23:00:00+02:00,1150.9444593548856
2027-10-01 00:00:00+02:00,983.4699599156216
2027-10-01 01:00:00+02:00,912.8937476158926
2027-10-01 02:00:00+02:00,896.0262477191903
2027-10-01 03:00:00+02:00,927.5980397096865
2027-10-01 04:00:00+02:00,1007.4589712300863
2027-10-01 05:00:00+02:00,1198.3835241223774
2027-10-01 06:00:00+02:00,1449.1008105287103
2027-10-01 07:00:00+02:00,1694.8886493196096
2027-10-01 08:00:00+02:00,1809.9546606143556
2027-10-01 09:00:00+02:00,1833.2300460758377
2027-10-01 10:00:00+02:00,1811.5100769242931
2027-10-01 11:00:00+02:00,1781.2159381263657
2027-10-01 12:00:00+02:00,1731.4785981089035
2027-10-01 13:00:00+02:00,1674.8140085470022
2027-10-01 14:00:00+02:00,1638.874235194555
2027-10-01 15:00:00+02:00,1638.7453035432532
2027-10-01 16:00:00+02:00,1691.9698633199548
2027-10-01 17:00:00+02:00,1873.008857700133
2027-10-01 18:00:00+02:00,2154.226164275842
2027-10-01 19:00:00+02:00,2274.819802101675
2027-10-01 20:00:00+02:00,2129.783092209577
2027-10-01 21:00:00+02:00,1743.0872345453217
2027-10-01 22:00:00+02:00,1410.2209824586873
2027-10-01 23:00:00+02:00,1163.2985714076376
2027-10-02 00:00:00+02:00,869.715964210967
2027-10-02 01:00:00+02:00,802.2502603153238
2027-10-02 02:00:00+02:00,774.3998301024207
2027-10-02 03:00:00+02:00,781.8855711974883
2027-10-02 04:00:00+02:00,862.1835846584016
2027-10-02 05:00:00+02:00,1056.3479671423115
2027-10-02 06:00:00+02:00,1284.2231686585992
2027-10-02 07:00:00+02:00,1465.6967459897476
2027-10-02 08:00:00+02:00,1519.4443150529141
2027-10-02 09:00:00+02:00,1512.4779130331392
2027-10-02 10:00:00+02:00,1476.499453226763
2027-10-02 11:00:00+02:00,1442.5345080259112
2027-10-02 12:00:00+02:00,1411.4214687465749
2027-10-02 13:00:00+02:00,1367.5126977681289
2027-10-02 14:00:00+02:00,1336.5971910371597
2027-10-02 15:00:00+02:00,1325.7194317856947
2027-10-02 16:00:00+02:00,1359.2140489060037
2027-10-02 17:00:00+02:00,1540.8741558513254
2027-10-02 18:00:00+02:00,1812.177546546305
2027-10-02 19:00:00+02:00,1955.9513054311294
2027-10-02 20:00:00+02:00,1839.9908387144658
2027-10-02 21:00:00+02:00,1504.7076803902744
2027-10-02 22:00:00+02:00,1239.9388542055653
2027-10-02 23:00:00+02:00,1050.3838928342307
2027-10-03 00:00:00+02:00,892.5612399765907
2027-10-03 01:00:00+02:00,806.6829714869795
2027-10-03 02:00:00+02:00,758.038795213593
2027-10-03 03:00:00+02:00,745.5669916154693
2027-10-03 04:00:00+02:00,814.1754475827817
2027-10-03 05:00:00+02:00,979.9405844400851
2027-10-03 06:00:00+02:00,1191.0429428847247
2027-10-03 07:00:00+02:00,1382.2335618626787
2027-10-03 08:00:00+02:00,1450.783601708557
2027-10-03 09:00:00+02:00,1431.1229926155802
2027-10-03 10:00:00+02:00,1363.6387337875046
2027-10-03 11:00:00+02:00,1322.7039133003068
2027-10-03 12:00:00+02:00,1298.965442573795
2027-10-03 13:00:00+02:00,1271.3021404558224
2027-10-03 14:00:00+02:00,1237.1251845309039
2027-10-03 15:00:00+02:00,1246.4728680453147
2027-10-03 16:00:00+02:00,1324.502274096325
2027-10-03 17:00:00+02:00,1549.4042890017997
2027-10-03 18:00:00+02:00,1828.6516508695483
2027-10-03 19:00:00+02:00,1970.070454053752
2027-10-03 20:00:00+02:00,1830.2119999827257
2027-10-03 21:00:00+02:00,1488.4273887014035
2027-10-03 22:00:00+02:00,1172.5507422849557
2027-10-03 23:00:00+02:00,955.2675790913127
2027-10-04 00:00:00+02:00,1038.1821195801474
2027-10-04 01:00:00+02:00,947.7097264705279
2027-10-04 02:00:00+02:00,892.1587189624988
2027-10-04 03:00:00+02:00,882.8953688203064
2027-10-04 04:00:00+02:00,950.0256859094277
2027-10-04 05:00:00+02:00,1169.0106394242341
2027-10-04 06:00:00+02:00,1452.3271606475425
2027-10-04 07:00:00+02:00,1707.1385751375556
2027-10-04 08:00:00+02:00,1797.4491498747986
2027-10-04 09:00:00+02:00,1784.2083291488777
2027-10-04 10:00:00+02:00,1723.6716192613883
2027-10-04 11:00:00+02:00,1673.633065829356
2027-10-04 12:00:00+02:00,1639.0175978048146
2027-10-04 13:00:00+02:00,1596.4576741181136
2027-10-04 14:00:00+02:00,1574.978120943009
2027-10-04 15:00:00+02:00,1579.558687558419
2027-10-04 16:00:00+02:00,1656.648322511745
2027-10-04 17:00:00+02:00,1886.2936400692668
2027-10-04 18:00:00+02:00,2215.0707179566775
2027-10-04 19:00:00+02:00,2373.9131667271454
2027-10-04 20:00:00+02:00,2202.508317732803
2027-10-04 21:00:00+02:00,1782.5586967785457
2027-10-04 22:00:00+02:00,1407.5653908660663
2027-10-04 23:00:00+02:00,1147.8811701034435
2027-10-05 00:00:00+02:00,1030.2731336999707
2027-10-05 01:00:00+02:00,958.1844087705256
2027-10-05 02:00:00+02:00,949.4937431632436
2027-10-05 03:00:00+02:00,964.2800399938352
2027-10-05 04:00:00+02:00,1036.4952465930326
2027-10-05 05:00:00+02:00,1243.3996485517846
2027-10-05 06:00:00+02:00,1487.4935730800491
2027-10-05 07:00:00+02:00,1721.2947672211455
2027-10-05 08:00:00+02:00,1807.828217136897
2027-10-05 09:00:00+02:00,1809.588202615589
2027-10-05 10:00:00+02:00,1759.3720070607421
2027-10-05 11:00:00+02:00,1706.0532848592343
2027-10-05 12:00:00+02:00,1677.6738550365824
2027-10-05 13:00:00+02:00,1658.9557069034065
2027-10-05 14:00:00+02:00,1649.2164866820794
2027-10-05 15:00:00+02:00,1648.8361435124568
2027-10-05 16:00:00+02:00,1701.3231005361165
2027-10-05 17:00:00+02:00,1922.1097781449325
2027-10-05 18:00:00+02:00,2196.616232862263
2027-10-05 19:00:00+02:00,2328.0976393560845
2027-10-05 20:00:00+02:00,2135.7037811553396
2027-10-05 21:00:00+02:00,1716.610210260441
2027-10-05 22:00:00+02:00,1332.359516847393
2027-10-05 23:00:00+02:00,1069.5503221577576
2027-10-06 00:00:00+02:00,933.6100979212913
2027-10-06 01:00:00+02:00,879.6531513311917
2027-10-06 02:00:00+02:00,871.7684773265195
2027-10-06 03:00:00+02:00,893.9744641897422
2027-10-06 04:00:00+02:00,995.6031501927358
2027-10-06 05:00:00+02:00,1241.3815166177415
2027-10-06 06:00:00+02:00,1567.051832524855
2027-10-06 07:00:00+02:00,1870.310974496403
2027-10-06 08:00:00+02:00,1985.7330294482695
2027-10-06 09:00:00+02:00,1973.604272983088
2027-10-06 10:00:00+02:00,1857.606078249723
2027-10-06 11:00:00+02:00,1762.1290091337694
2027-10-06 12:00:00+02:00,1687.0877909555707
2027-10-06 13:00:00+02:00,1640.4996274974073
2027-10-06 14:00:00+02:00,1615.804687115312
2027-10-06 15:00:00+02:00,1626.8392710227188
2027-10-06 16:00:00+02:00,1694.6173413917904
2027-10-06 17:00:00+02:00,1905.7371551321908
2027-10-06 18:00:00+02:00,2149.550600366945
2027-10-06 19:00:00+02:00,2243.820204037061
2027-10-06 20:00:00+02:00,2057.7264638102833
2027-10-06 21:00:00+02:00,1694.362100477133
2027-10-06 22:00:00+02:00,1361.8992805231194
2027-10-06 23:00:00+02:00,1116.3400786140146
2027-10-07 00:00:00+02:00,970.5952846936486
2027-10-07 01:00:00+02:00,878.8565998285281
2027-10-07 02:00:00+02:00,826.8756880682272
2027-10-07 03:00:00+02:00,835.4898225997014
2027-10-07 04:00:00+02:00,939.0579075998183
2027-10-07 05:00:00+02:00,1205.371028946135
2027-10-07 06:00:00+02:00,1531.16876070435
2027-10-07 07:00:00+02:00,1815.0759285798877
2027-10-07 08:00:00+02:00,1930.340210366563
2027-10-07 09:00:00+02:00,1912.8338424014528
2027-10-07 10:00:00+02:00,1844.5062564018262
2027-10-07 11:00:00+02:00,1773.9650355898714
2027-10-07 12:00:00+02:00,1735.799675769323
2027-10-07 13:00:00+02:00,1691.0052175913781
2027-10-07 14:00:00+02:00,1636.4951328614138
2027-10-07 15:00:00+02:00,1599.2964955245322
2027-10-07 16:00:00+02:00,1642.6369976475437
2027-10-07 17:00:00+02:00,1892.2494299766256
2027-10-07 18:00:00+02:00,2219.6537065192656
2027-10-07 19:00:00+02:00,2370.7489227781853
2027-10-07 20:00:00+02:00,2189.245796379101
2027-10-07 21:00:00+02:00,1785.9544876472103
2027-10-07 22:00:00+02:00,1391.4878020440292
2027-10-07 23:00:00+02:00,1091.3285389392945
2027-10-08 00:00:00+02:00,916.9078046610084
2027-10-08 01:00:00+02:00,863.4257227360722
2027-10-08 02:00:00+02:00,866.2259102068646
2027-10-08 03:00:00+02:00,899.3889589681387
2027-10-08 04:00:00+02:00,989.9575681797575
2027-10-08 05:00:00+02:00,1222.2285895189375
2027-10-08 06:00:00+02:00,1519.6178504395673
2027-10-08 07:00:00+02:00,1795.0431107218467
2027-10-08 08:00:00+02:00,1887.9912046350278
2027-10-08 09:00:00+02:00,1859.8182422103419
2027-10-08 10:00:00+02:00,1758.9683944041835
2027-10-08 11:00:00+02:00,1691.4680434078748
2027-10-08 12:00:00+02:00,1648.5184153150094
2027-10-08 13:00:00+02:00,1632.4687816617243
2027-10-08 14:00:00+02:00,1626.5475297965158
2027-10-08 15:00:00+02:00,1668.9996442203264
2027-10-08 16:00:00+02:00,1763.7707187597828
2027-10-08 17:00:00+02:00,1993.8933980448421
2027-10-08 18:00:00+02:00,2240.288105011847
2027-10-08 19:00:00+02:00,2345.3432121159467
2027-10-08 20:00:00+02:00,2166.443865845138
2027-10-08 21:00:00+02:00,1791.645926005498
2027-10-08 22:00:00+02:00,1413.4498986674423
2027-10-08 23:00:00+02:00,1113.9564189814473
2027-10-09 00:00:00+02:00,811.0220528395205
2027-10-09 01:00:00+02:00,743.8085313756508
2027-10-09 02:00:00+02:00,735.157288203733
2027-10-09 03:00:00+02:00,775.7945569310434
2027-10-09 04:00:00+02:00,868.134034219272
2027-10-09 05:00:00+02:00,1052.6468269804727
2027-10-09 06:00:00+02:00,1270.7828611086882
2027-10-09 07:00:00+02:00,1455.6233199853398
2027-10-09 08:00:00+02:00,1531.6125450576744
2027-10-09 09:00:00+02:00,1541.9032562824552
2027-10-09 10:00:00+02:00,1502.0699629111016
2027-10-09 11:00:00+02:00,1466.473653037902
2027-10-09 12:00:00+02:00,1431.5364907813143
2027-10-09 13:00:00+02:00,1400.6645361548906
2027-10-09 14:00:00+02:00,1368.6422716457917
2027-10-09 15:00:00+02:00,1369.3965063745918
2027-10-09 16:00:00+02:00,1426.425401415728
2027-10-09 17:00:00+02:00,1637.4029162122447
2027-10-09 18:00:00+02:00,1867.5698035603932
2027-10-09 19:00:00+02:00,1964.8808103013278
2027-10-09 20:00:00+02:00,1794.5474306549663
2027-10-09 21:00:00+02:00,1480.8683241761144
2027-10-09 22:00:00+02:00,1203.4400593821238
2027-10-09 23:00:00+02:00,1014.1129647969392
2027-10-10 00:00:00+02:00,845.5361953431914
2027-10-10 01:00:00+02:00,794.1851612100588
2027-10-10 02:00:00+02:00,783.746949799434
2027-10-10 03:00:00+02:00,796.2776372223883
2027-10-10 04:00:00+02:00,875.3597677957575
2027-10-10 05:00:00+02:00,1066.467312231905
2027-10-10 06:00:00+02:00,1290.2807332213108
2027-10-10 07:00:00+02:00,1479.1552359582934
2027-10-10 08:00:00+02:00,1525.725506165262
2027-10-10 09:00:00+02:00,1497.754712464653
2027-10-10 10:00:00+02:00,1427.9164415064668
2027-10-10 11:00:00+02:00,1362.7505405728937
2027-10-10 12:00:00+02:00,1318.0769512770678
2027-10-10 13:00:00+02:00,1274.619838387318
2027-10-10 14:00:00+02:00,1239.2360404627532
2027-10-10 15:00:00+02:00,1243.9251715139908
2027-10-10 16:00:00+02:00,1316.0388494054666
2027-10-10 17:00:00+02:00,1533.7099860227547
2027-10-10 18:00:00+02:00,1759.5645520228022
2027-10-10 19:00:00+02:00,1850.674154323695
2027-10-10 20:00:00+02:00,1702.6109694167824
2027-10-10 21:00:00+02:00,1383.9944672121592
2027-10-10 22:00:00+02:00,1131.7302861292276
2027-10-10 23:00:00+02:00,929.1211260810484
2027-10-11 00:00:00+02:00,1049.5121126760696
2027-10-11 01:00:00+02:00,960.041717708532
2027-10-11 02:00:00+02:00,935.6475747216783
2027-10-11 03:00:00+02:00,942.6460641212173
2027-10-11 04:00:00+02:00,1042.5351023198043
2027-10-11 05:00:00+02:00,1276.0249662102924
2027-10-11 06:00:00+02:00,1540.5894696242963
2027-10-11 07:00:00+02:00,1754.5838739802855
2027-10-11 08:00:00+02:00,1833.8271975326254
2027-10-11 09:00:00+02:00,1820.479823068883
2027-10-11 10:00:00+02:00,1748.8748819920902
2027-10-11 11:00:00+02:00,1670.8146886165575
2027-10-11 12:00:00+02:00,1613.7714674507918
2027-10-11 13:00:00+02:00,1576.850433286095
2027-10-11 14:00:00+02:00,1555.0613948522036
2027-10-11 15:00:00+02:00,1580.1650124564167
2027-10-11 16:00:00+02:00,1676.7094049322782
2027-10-11 17:00:00+02:00,1939.2469202700272
2027-10-11 18:00:00+02:00,2206.573166816668
2027-10-11 19:00:00+02:00,2292.6165592595667
2027-10-11 20:00:00+02:00,2065.939789180694
2027-10-11 21:00:00+02:00,1685.8499366299393
2027-10-11 22:00:00+02:00,1348.9711704070855
2027-10-11 23:00:00+02:00,1121.159544496922
2027-10-12 00:00:00+02:00,1036.1752619790182
2027-10-12 01:00:00+02:00,1003.5117932504472
2027-10-12 02:00:00+02:00,998.552222841185
2027-10-12 03:00:00+02:00,1000.0545032190524
2027-10-12 04:00:00+02:00,1084.883479165284
2027-10-12 05:00:00+02:00,1282.0645716361423
2027-10-12 06:00:00+02:00,1543.1435695192708
2027-10-12 07:00:00+02:00,1758.4300643118095
2027-10-12 08:00:00+02:00,1850.0558157129437
2027-10-12 09:00:00+02:00,1845.7286451232333
2027-10-12 10:00:00+02:00,1790.7279530648834
2027-10-12 11:00:00+02:00,1741.2776082570867
2027-10-12 12:00:00+02:00,1689.0198155301182
2027-10-12 13:00:00+02:00,1642.0699066461893
2027-10-12 14:00:00+02:00,1620.9699856061693
2027-10-12 15:00:00+02:00,1626.9161121671925
2027-10-12 16:00:00+02:00,1692.8418276559282
2027-10-12 17:00:00+02:00,1909.5454157744346
2027-10-12 18:00:00+02:00,2156.3811014015464
2027-10-12 19:00:00+02:00,2231.883154936295
2027-10-12 20:00:00+02:00,2005.6860889474626
2027-10-12 21:00:00+02:00,1650.7522124971542
2027-10-12 22:00:00+02:00,1370.0474055171449
2027-10-12 23:00:00+02:00,1181.9102411625158
2027-10-13 00:00:00+02:00,1074.8632856644326
2027-10-13 01:00:00+02:00,1007.1210384690863
2027-10-13 02:00:00+02:00,972.5941993518826
2027-10-13 03:00:00+02:00,955.8920479857073
2027-10-13 04:00:00+02:00,1019.6077506685529
2027-10-13 05:00:00+02:00,1268.8183940932781
2027-10-13 06:00:00+02:00,1578.3843597624443
2027-10-13 07:00:00+02:00,1847.4622497099551
2027-10-13 08:00:00+02:00,1905.3063320708138
2027-10-13 09:00:00+02:00,1851.045115381127
2027-10-13 10:00:00+02:00,1756.0764957725937
2027-10-13 11:00:00+02:00,1691.1217009516315
2027-10-13 12:00:00+02:00,1659.5138280267574
2027-10-13 13:00:00+02:00,1651.02450049574
2027-10-13 14:00:00+02:00,1660.1205961692956
2027-10-13 15:00:00+02:00,1694.4761742500355
2027-10-13 16:00:00+02:00,1760.4088608628003
2027-10-13 17:00:00+02:00,1949.8998136687328
2027-10-13 18:00:00+02:00,2154.2961174028137
2027-10-13 19:00:00+02:00,2232.4931043813176
2027-10-13 20:00:00+02:00,2031.279720253829
2027-10-13 21:00:00+02:00,1672.531234402385
2027-10-13 22:00:00+02:00,1352.93614842208
2027-10-13 23:00:00+02:00,1143.5085117771482
2027-10-14 00:00:00+02:00,1028.3813909092846
2027-10-14 01:00:00+02:00,966.0897397461165
2027-10-14 02:00:00+02:00,937.8983234629643
2027-10-14 03:00:00+02:00,957.3105710990438
2027-10-14 04:00:00+02:00,1052.956967964383
2027-10-14 05:00:00+02:00,1333.6939893112644
2027-10-14 06:00:00+02:00,1630.4352178565207
2027-10-14 07:00:00+02:00,1870.8274641821733
2027-10-14 08:00:00+02:00,1910.7854525738553
2027-10-14 09:00:00+02:00,1847.202175018981
2027-10-14 10:00:00+02:00,1754.217858085176
2027-10-14 11:00:00+02:00,1681.1938368937404
2027-10-14 12:00:00+02:00,1675.4058092691596
2027-10-14 13:00:00+02:00,1683.4569411503094
2027-10-14 14:00:00+02:00,1673.5222282541854
2027-10-14 15:00:00+02:00,1671.4664264431658
2027-10-14 16:00:00+02:00,1720.1362947400225
2027-10-14 17:00:00+02:00,1928.679785279753
2027-10-14 18:00:00+02:00,2147.9694789592813
2027-10-14 19:00:00+02:00,2233.9659532893634
2027-10-14 20:00:00+02:00,2058.2909888778177
2027-10-14 21:00:00+02:00,1722.9173251254958
2027-10-14 22:00:00+02:00,1409.4085870791005
2027-10-14 23:00:00+02:00,1147.2363864949007
2027-10-15 00:00:00+02:00,1004.8036069457861
2027-10-15 01:00:00+02:00,923.9535710497664
2027-10-15 02:00:00+02:00,898.5521931944917
2027-10-15 03:00:00+02:00,899.7423098513185
2027-10-15 04:00:00+02:00,983.9844114220541
2027-10-15 05:00:00+02:00,1242.82571153401
2027-10-15 06:00:00+02:00,1566.5962480752278
2027-10-15 07:00:00+02:00,1845.6343701309513
2027-10-15 08:00:00+02:00,1945.3334731457862
2027-10-15 09:00:00+02:00,1947.3325751065322
2027-10-15 10:00:00+02:00,1888.722153382044
2027-10-15 11:00:00+02:00,1822.5469795349468
2027-10-15 12:00:00+02:00,1768.044841633773
2027-10-15 13:00:00+02:00,1719.1735324114206
2027-10-15 14:00:00+02:00,1678.112448664274
2027-10-15 15:00:00+02:00,1662.6756643204023
2027-10-15 16:00:00+02:00,1718.411959660835
2027-10-15 17:00:00+02:00,1936.9184482761725
2027-10-15 18:00:00+02:00,2150.563962606137
2027-10-15 19:00:00+02:00,2206.4302129942666
2027-10-15 20:00:00+02:00,1996.6363549826644
2027-10-15 21:00:00+02:00,1658.5261180338782
2027-10-15 22:00:00+02:00,1375.247695386144
2027-10-15 23:00:00+02:00,1157.312192593347
2027-10-16 00:00:00+02:00,886.9453689439683
2027-10-16 01:00:00+02:00,825.2378143456943
2027-10-16 02:00:00+02:00,803.3527297123576
2027-10-16 03:00:00+02:00,807.786195587098
2027-10-16 04:00:00+02:00,884.049120962404
2027-10-16 05:00:00+02:00,1064.276507218119
2027-10-16 06:00:00+02:00,1269.9394316308942
2027-10-16 07:00:00+02:00,1436.2629516452032
2027-10-16 08:00:00+02:00,1501.5933108740971
2027-10-16 09:00:00+02:00,1509.5155635012004
2027-10-16 10:00:00+02:00,1494.0638448212146
2027-10-16 11:00:00+02:00,1451.0636834313466
2027-10-16 12:00:00+02:00,1420.7861716262305
2027-10-16 13:00:00+02:00,1388.8050657812516
2027-10-16 14:00:00+02:00,1399.0575335518292
2027-10-16 15:00:00+02:00,1419.5220663824357
2027-10-16 16:00:00+02:00,1507.1931596582099
2027-10-16 17:00:00+02:00,1698.637288970352
2027-10-16 18:00:00+02:00,1897.6832271553164
2027-10-16 19:00:00+02:00,1964.52901186391
2027-10-16 20:00:00+02:00,1795.4738400995898
2027-10-16 21:00:00+02:00,1490.2092069932244
2027-10-16 22:00:00+02:00,1202.109895796657
2027-10-16 23:00:00+02:00,995.5217334807392
2027-10-17 00:00:00+02:00,866.5515993533957
2027-10-17 01:00:00+02:00,805.3166916447503
2027-10-17 02:00:00+02:00,760.6596357581878
2027-10-17 03:00:00+02:00,754.6962606723949
2027-10-17 04:00:00+02:00,813.6592830137704
2027-10-17 05:00:00+02:00,992.2566516027324
2027-10-17 06:00:00+02:00,1210.6456564028917
2027-10-17 07:00:00+02:00,1399.7425033603752
2027-10-17 08:00:00+02:00,1487.1373444504225
2027-10-17 09:00:00+02:00,1496.0531577242357
2027-10-17 10:00:00+02:00,1468.5328339376988
2027-10-17 11:00:00+02:00,1432.4939351995176
2027-10-17 12:00:00+02:00,1391.9893295286743
2027-10-17 13:00:00+02:00,1344.5440040048807
2027-10-17 14:00:00+02:00,1310.1770296080063
2027-10-17 15:00:00+02:00,1307.5888356710598
2027-10-17 16:00:00+02:00,1385.904624426282
2027-10-17 17:00:00+02:00,1615.1257997380367
2027-10-17 18:00:00+02:00,1845.3334611552282
2027-10-17 19:00:00+02:00,1920.8346876956157
2027-10-17 20:00:00+02:00,1737.4504108439057
2027-10-17 21:00:00+02:00,1430.7893935341635
2027-10-17 22:00:00+02:00,1163.5295871300284
2027-10-17 23:00:00+02:00,959.3975134493382
2027-10-18 00:00:00+02:00,1028.0373931230383
2027-10-18 01:00:00+02:00,969.1654161176803
2027-10-18 02:00:00+02:00,962.6465782864733
2027-10-18 03:00:00+02:00,985.2585343417201
2027-10-18 04:00:00+02:00,1056.8245028458987
2027-10-18 05:00:00+02:00,1246.630440226177
2027-10-18 06:00:00+02:00,1490.3092517067885
2027-10-18 07:00:00+02:00,1716.2181705224023
2027-10-18 08:00:00+02:00,1813.8656490770622
2027-10-18 09:00:00+02:00,1811.9081229162327
2027-10-18 10:00:00+02:00,1756.7064689794918
2027-10-18 11:00:00+02:00,1684.418594703942
2027-10-18 12:00:00+02:00,1631.634837054906
2027-10-18 13:00:00+02:00,1585.6707267791564
2027-10-18 14:00:00+02:00,1561.6979753653625
2027-10-18 15:00:00+02:00,1595.375909149069
2027-10-18 16:00:00+02:00,1715.7434764426348
2027-10-18 17:00:00+02:00,1978.7996980660018
2027-10-18 18:00:00+02:00,2208.1230791012013
2027-10-18 19:00:00+02:00,2275.859627623733
2027-10-18 20:00:00+02:00,2099.667675753942
2027-10-18 21:00:00+02:00,1749.9485674184846
2027-10-18 22:00:00+02:00,1436.0882077670117
2027-10-18 23:00:00+02:00,1180.2730096338105
2027-10-19 00:00:00+02:00,1106.480939444146
2027-10-19 01:00:00+02:00,1058.3890750042
2027-10-19 02:00:00+02:00,1045.3758082406346
2027-10-19 03:00:00+02:00,1056.8159051896887
2027-10-19 04:00:00+02:00,1125.9597079882
2027-10-19 05:00:00+02:00,1353.5786750304985
2027-10-19 06:00:00+02:00,1605.5730413063084
2027-10-19 07:00:00+02:00,1810.9787466369512
2027-10-19 08:00:00+02:00,1830.0508865959216
2027-10-19 09:00:00+02:00,1776.9534801714383
2027-10-19 10:00:00+02:00,1686.8388200895417
2027-10-19 11:00:00+02:00,1612.2673720525756
2027-10-19 12:00:00+02:00,1558.8872257985486
2027-10-19 13:00:00+02:00,1527.3461536198195
2027-10-19 14:00:00+02:00,1527.6061982138258
2027-10-19 15:00:00+02:00,1574.9061138417617
2027-10-19 16:00:00+02:00,1701.4284693893248
2027-10-19 17:00:00+02:00,1976.9392202700953
2027-10-19 18:00:00+02:00,2232.040077157153
2027-10-19 19:00:00+02:00,2319.683449791471
2027-10-19 20:00:00+02:00,2127.1785075526222
2027-10-19 21:00:00+02:00,1789.3180320862969
2027-10-19 22:00:00+02:00,1487.562762686711
2027-10-19 23:00:00+02:00,1246.1746561779614
2027-10-20 00:00:00+02:00,1082.054264208844
2027-10-20 01:00:00+02:00,1011.877622146686
2027-10-20 02:00:00+02:00,993.9056661373149
2027-10-20 03:00:00+02:00,1018.2919159400708
2027-10-20 04:00:00+02:00,1092.7140894063293
2027-10-20 05:00:00+02:00,1335.300701613735
2027-10-20 06:00:00+02:00,1613.9340462331797
2027-10-20 07:00:00+02:00,1861.20185544638
2027-10-20 08:00:00+02:00,1916.9280973199423
2027-10-20 09:00:00+02:00,1876.8961800271597
2027-10-20 10:00:00+02:00,1800.1053216069365
2027-10-20 11:00:00+02:00,1738.3435521794268
2027-10-20 12:00:00+02:00,1669.0050568054558
2027-10-20 13:00:00+02:00,1610.9666498513136
2027-10-20 14:00:00+02:00,1563.0207723817307
2027-10-20 15:00:00+02:00,1596.1773078828185
2027-10-20 16:00:00+02:00,1716.674086627461
2027-10-20 17:00:00+02:00,1984.196491544723
2027-10-20 18:00:00+02:00,2196.74808127148
2027-10-20 19:00:00+02:00,2260.2177347460756
2027-10-20 20:00:00+02:00,2079.510197193739
2027-10-20 21:00:00+02:00,1760.4842441609285
2027-10-20 22:00:00+02:00,1430.5476770110722
2027-10-20 23:00:00+02:00,1167.108584512158
2027-10-21 00:00:00+02:00,1041.341028684499
2027-10-21 01:00:00+02:00,944.1262729509817
2027-10-21 02:00:00+02:00,883.0561387661695
2027-10-21 03:00:00+02:00,891.3956212131486
2027-10-21 04:00:00+02:00,989.1503047841273
2027-10-21 05:00:00+02:00,1259.294023563983
2027-10-21 06:00:00+02:00,1538.91656852709
2027-10-21 07:00:00+02:00,1773.5032144424408
2027-10-21 08:00:00+02:00,1827.039117057423
2027-10-21 09:00:00+02:00,1822.523049945698
2027-10-21 10:00:00+02:00,1791.898808690325
2027-10-21 11:00:00+02:00,1758.2867450677354
2027-10-21 12:00:00+02:00,1738.4833636079877
2027-10-21 13:00:00+02:00,1705.9846910321546
2027-10-21 14:00:00+02:00,1679.4409719322225
2027-10-21 15:00:00+02:00,1695.8220431913605
2027-10-21 16:00:00+02:00,1820.638581169236
2027-10-21 17:00:00+02:00,2107.1721418328248
2027-10-21 18:00:00+02:00,2358.873054081877
2027-10-21 19:00:00+02:00,2396.2418379341043
2027-10-21 20:00:00+02:00,2167.0882514183345
2027-10-21 21:00:00+02:00,1790.264447200551
2027-10-21 22:00:00+02:00,1450.7265791504044
2027-10-21 23:00:00+02:00,1172.983514766642
2027-10-22 00:00:00+02:00,1046.1900225575107
2027-10-22 01:00:00+02:00,971.795605984852
2027-10-22 02:00:00+02:00,948.2290523124266
2027-10-22 03:00:00+02:00,952.8961325997524
2027-10-22 04:00:00+02:00,1037.5019117459303
2027-10-22 05:00:00+02:00,1297.951836487334
2027-10-22 06:00:00+02:00,1599.1296044086473
2027-10-22 07:00:00+02:00,1879.125670373343
2027-10-22 08:00:00+02:00,1970.5043232298913
2027-10-22 09:00:00+02:00,1972.838957383117
2027-10-22 10:00:00+02:00,1913.4195301956154
2027-10-22 11:00:00+02:00,1843.322544794894
2027-10-22 12:00:00+02:00,1764.1792859694308
2027-10-22 13:00:00+02:00,1690.938315617453
2027-10-22 14:00:00+02:00,1630.3093179094687
2027-10-22 15:00:00+02:00,1639.7630542959546
2027-10-22 16:00:00+02:00,1752.666362258356
2027-10-22 17:00:00+02:00,1988.56827558292
2027-10-22 18:00:00+02:00,2198.141223515121
2027-10-22 19:00:00+02:00,2239.5313007253435
2027-10-22 20:00:00+02:00,2049.2534167768795
2027-10-22 21:00:00+02:00,1715.090792315858
2027-10-22 22:00:00+02:00,1411.8843350932664
2027-10-22 23:00:00+02:00,1187.259123689461
2027-10-23 00:00:00+02:00,901.295981791535
2027-10-23 01:00:00+02:00,844.2092096895366
2027-10-23 02:00:00+02:00,804.3392590111497
2027-10-23 03:00:00+02:00,803.3320317470789
2027-10-23 04:00:00+02:00,884.204796968303
2027-10-23 05:00:00+02:00,1105.1750793129584
2027-10-23 06:00:00+02:00,1349.383959131307
2027-10-23 07:00:00+02:00,1547.7923155607218
2027-10-23 08:00:00+02:00,1623.2516757723345
2027-10-23 09:00:00+02:00,1633.212309618475
2027-10-23 10:00:00+02:00,1580.3534524443323
2027-10-23 11:00:00+02:00,1522.7303713778813
2027-10-23 12:00:00+02:00,1469.7250052558172
2027-10-23 13:00:00+02:00,1451.7084341880932
2027-10-23 14:00:00+02:00,1436.9581881861036
2027-10-23 15:00:00+02:00,1461.4786537575774
2027-10-23 16:00:00+02:00,1555.4218273270624
2027-10-23 17:00:00+02:00,1730.602589797219
2027-10-23 18:00:00+02:00,1886.5453937229518
2027-10-23 19:00:00+02:00,1897.0662045959398
2027-10-23 20:00:00+02:00,1726.8158549498537
2027-10-23 21:00:00+02:00,1442.372729559209
2027-10-23 22:00:00+02:00,1176.024679081193
2027-10-23 23:00:00+02:00,983.2841755077137
2027-10-24 00:00:00+02:00,835.1216255561746
2027-10-24 01:00:00+02:00,780.6349377153474
2027-10-24 02:00:00+02:00,748.1796484050193
2027-10-24 03:00:00+02:00,768.2715885519237
2027-10-24 04:00:00+02:00,848.6814925094876
2027-10-24 05:00:00+02:00,1067.7767015502116
2027-10-24 06:00:00+02:00,1282.6227694318743
2027-10-24 07:00:00+02:00,1466.9676744632848
2027-10-24 08:00:00+02:00,1518.2520856798512
2027-10-24 09:00:00+02:00,1529.1668491679623
2027-10-24 10:00:00+02:00,1495.5844206145316
2027-10-24 11:00:00+02:00,1441.8519515909115
2027-10-24 12:00:00+02:00,1385.9360074184508
2027-10-24 13:00:00+02:00,1354.9055165208404
2027-10-24 14:00:00+02:00,1339.1254177926369
2027-10-24 15:00:00+02:00,1387.9158958924243
2027-10-24 16:00:00+02:00,1524.187987989804
2027-10-24 17:00:00+02:00,1746.829479202713
2027-10-24 18:00:00+02:00,1917.5515378990872
2027-10-24 19:00:00+02:00,1915.390864866638
2027-10-24 20:00:00+02:00,1732.4965958302907
2027-10-24 21:00:00+02:00,1444.2707335373575
2027-10-24 22:00:00+02:00,1188.3985641884826
2027-10-24 23:00:00+02:00,994.5533502777038
2027-10-25 00:00:00+02:00,1084.1921558417207
2027-10-25 01:00:00+02:00,992.3591842278482
2027-10-25 02:00:00+02:00,938.0674802612212
2027-10-25 03:00:00+02:00,947.1402313385884
2027-10-25 04:00:00+02:00,1041.4756799455183
2027-10-25 05:00:00+02:00,1274.3749803582618
2027-10-25 06:00:00+02:00,1539.137185965971
2027-10-25 07:00:00+02:00,1782.0244834229516
2027-10-25 08:00:00+02:00,1868.4298198315857
2027-10-25 09:00:00+02:00,1858.4530410216123
2027-10-25 10:00:00+02:00,1793.3298097538757
2027-10-25 11:00:00+02:00,1730.136390439211
2027-10-25 12:00:00+02:00,1684.483274101249
2027-10-25 13:00:00+02:00,1648.1655639811445
2027-10-25 14:00:00+02:00,1621.0159623498198
2027-10-25 15:00:00+02:00,1664.92671362445
2027-10-25 16:00:00+02:00,1827.9859734472072
2027-10-25 17:00:00+02:00,2083.756067863703
2027-10-25 18:00:00+02:00,2244.029966237053
2027-10-25 19:00:00+02:00,2216.656925944669
2027-10-25 20:00:00+02:00,2051.1000725039203
2027-10-25 21:00:00+02:00,1807.0450254258421
2027-10-25 22:00:00+02:00,1536.6862769230627
2027-10-25 23:00:00+02:00,1282.1693491652934
2027-10-26 00:00:00+02:00,1128.6720713591892
2027-10-26 01:00:00+02:00,1045.4817056945114
2027-10-26 02:00:00+02:00,997.6036820391661
2027-10-26 03:00:00+02:00,991.7594226654716
2027-10-26 04:00:00+02:00,1076.839745616102
2027-10-26 05:00:00+02:00,1309.9166771261416
2027-10-26 06:00:00+02:00,1556.5383113598127
2027-10-26 07:00:00+02:00,1753.0731786021215
2027-10-26 08:00:00+02:00,1800.9558709960957
2027-10-26 09:00:00+02:00,1806.184861102321
2027-10-26 10:00:00+02:00,1778.2959141472043
2027-10-26 11:00:00+02:00,1728.1320616508938
2027-10-26 12:00:00+02:00,1673.943289159115
2027-10-26 13:00:00+02:00,1640.2873985358956
2027-10-26 14:00:00+02:00,1661.2356587855506
2027-10-26 15:00:00+02:00,1758.8292282688014
2027-10-26 16:00:00+02:00,1967.3221528378165
2027-10-26 17:00:00+02:00,2197.764904207259
2027-10-26 18:00:00+02:00,2349.1758345856806
2027-10-26 19:00:00+02:00,2289.1383363276536
2027-10-26 20:00:00+02:00,2096.704689121522
2027-10-26 21:00:00+02:00,1791.4396022466635
2027-10-26 22:00:00+02:00,1492.8684197888292
2027-10-26 23:00:00+02:00,1240.6621773754866
2027-10-27 00:00:00+02:00,1092.8119823878933
2027-10-27 01:00:00+02:00,1009.6124557617186
2027-10-27 02:00:00+02:00,960.9230296687327
2027-10-27 03:00:00+02:00,944.985665854333
2027-10-27 04:00:00+02:00,950.4375956744535
2027-10-27 05:00:00+02:00,1027.4954946858866
2027-10-27 06:00:00+02:00,1254.254252483343
2027-10-27 07:00:00+02:00,1531.652476579089
2027-10-27 08:00:00+02:00,1784.4242868662718
2027-10-27 09:00:00+02:00,1875.694398035844
2027-10-27 10:00:00+02:00,1890.9735816274879
2027-10-27 11:00:00+02:00,1830.9860276339912
2027-10-27 12:00:00+02:00,1779.001968031178
2027-10-27 13:00:00+02:00,1744.438261067371
2027-10-27 14:00:00+02:00,1732.9874339867085
2027-10-27 15:00:00+02:00,1737.0009768365128
2027-10-27 16:00:00+02:00,1820.2648181269515
2027-10-27 17:00:00+02:00,2038.4575767253948
2027-10-27 18:00:00+02:00,2279.3483310851393
2027-10-27 19:00:00+02:00,2424.276111441855
2027-10-27 20:00:00+02:00,2362.866132598284
2027-10-27 21:00:00+02:00,2119.1263888729077
2027-10-27 22:00:00+02:00,1750.4193299996066
2027-10-27 23:00:00+02:00,1381.748400684933
2027-10-28 00:00:00+02:00,1101.7108853565035
2027-10-28 01:00:00+02:00,1022.9707568911132
2027-10-28 02:00:00+02:00,973.5303253166516
2027-10-28 03:00:00+02:00,958.9124040757312
2027-10-28 04:00:00+02:00,970.8259317230853
2027-10-28 05:00:00+02:00,1080.7336146538175
2027-10-28 06:00:00+02:00,1345.1288086649736
2027-10-28 07:00:00+02:00,1657.7396798830541
2027-10-28 08:00:00+02:00,1896.49026909789
2027-10-28 09:00:00+02:00,1944.7128923361988
2027-10-28 10:00:00+02:00,1894.39140562145
2027-10-28 11:00:00+02:00,1813.9713429568492
2027-10-28 12:00:00+02:00,1748.05321733727
2027-10-28 13:00:00+02:00,1704.6434870599487
2027-10-28 14:00:00+02:00,1691.7878798111933
2027-10-28 15:00:00+02:00,1725.6854209945539
2027-10-28 16:00:00+02:00,1869.9213553921509
2027-10-28 17:00:00+02:00,2096.1025989917953
2027-10-28 18:00:00+02:00,2319.5193768371546
2027-10-28 19:00:00+02:00,2397.4425308502023
2027-10-28 20:00:00+02:00,2287.2848356720483
2027-10-28 21:00:00+02:00,2048.3559847990687
2027-10-28 22:00:00+02:00,1724.7423976145549
2027-10-28 23:00:00+02:00,1418.3937710289395
2027-10-29 00:00:00+02:00,1166.9728751001483
2027-10-29 01:00:00+02:00,1027.3909433858662
2027-10-29 02:00:00+02:00,966.1182453226065
2027-10-29 03:00:00+02:00,952.8815549922642
2027-10-29 04:00:00+02:00,989.649423033843
2027-10-29 05:00:00+02:00,1091.889099693427
2027-10-29 06:00:00+02:00,1306.3598530222605
2027-10-29 07:00:00+02:00,1575.9136193483848
2027-10-29 08:00:00+02:00,1811.541148365939
2027-10-29 09:00:00+02:00,1911.2394214569244
2027-10-29 10:00:00+02:00,1913.8854186209805
2027-10-29 11:00:00+02:00,1867.127563969792
2027-10-29 12:00:00+02:00,1825.313522462356
2027-10-29 13:00:00+02:00,1790.9144328170844
2027-10-29 14:00:00+02:00,1766.4773431659605
2027-10-29 15:00:00+02:00,1772.407863372123
2027-10-29 16:00:00+02:00,1868.9344764379712
2027-10-29 17:00:00+02:00,2085.910738460592
2027-10-29 18:00:00+02:00,2294.475108542989
2027-10-29 19:00:00+02:00,2381.216429849455
2027-10-29 20:00:00+02:00,2260.425918032348
2027-10-29 21:00:00+02:00,2032.1862692046736
2027-10-29 22:00:00+02:00,1716.6941984350597
2027-10-29 23:00:00+02:00,1390.306976079574
2027-10-30 00:00:00+02:00,973.8831948546382
2027-10-30 01:00:00+02:00,882.875320472317
2027-10-30 02:00:00+02:00,853.326241192169
2027-10-30 03:00:00+02:00,838.2538068180222
2027-10-30 04:00:00+02:00,846.2085643090194
2027-10-30 05:00:00+02:00,936.3913297269122
2027-10-30 06:00:00+02:00,1127.8180397575195
2027-10-30 07:00:00+02:00,1374.81909376826
2027-10-30 08:00:00+02:00,1553.6002432195196
2027-10-30 09:00:00+02:00,1613.9091631716342
2027-10-30 10:00:00+02:00,1586.4141224543723
2027-10-30 11:00:00+02:00,1553.2956119885766
2027-10-30 12:00:00+02:00,1531.3288734703235
2027-10-30 13:00:00+02:00,1505.4133579793013
2027-10-30 14:00:00+02:00,1472.7076513197612
2027-10-30 15:00:00+02:00,1464.9995572848545
2027-10-30 16:00:00+02:00,1583.97839692621
2027-10-30 17:00:00+02:00,1814.9664962898114
2027-10-30 18:00:00+02:00,2012.491238578769
2027-10-30 19:00:00+02:00,2066.45430011195
2027-10-30 20:00:00+02:00,1939.054627601782
2027-10-30 21:00:00+02:00,1729.6531990785666
2027-10-30 22:00:00+02:00,1484.0617416659125
2027-10-30 23:00:00+02:00,1251.096995490509
2027-10-31 00:00:00+02:00,1019.9137312560182
2027-10-31 01:00:00+02:00,889.3566398001459
2027-10-31 02:00:00+02:00,823.1770157381083
2027-10-31 02:00:00+01:00,800.0199794582843
2027-10-31 03:00:00+01:00,810.1486860125686
2027-10-31 04:00:00+01:00,876.6840249918743
2027-10-31 05:00:00+01:00,1035.044457654202
2027-10-31 06:00:00+01:00,1243.0405639200683
2027-10-31 07:00:00+01:00,1428.7764753677784
2027-10-31 08:00:00+01:00,1505.4718563771573
2027-10-31 09:00:00+01:00,1495.239480051943
2027-10-31 10:00:00+01:00,1440.4263580133506
2027-10-31 11:00:00+01:00,1398.6829446972006
2027-10-31 12:00:00+01:00,1372.6115671386515
2027-10-31 13:00:00+01:00,1371.5460696446999
2027-10-31 14:00:00+01:00,1397.7067760475863
2027-10-31 15:00:00+01:00,1542.5817484848685
2027-10-31 16:00:00+01:00,1788.545095815446
2027-10-31 17:00:00+01:00,2005.0033555932157
2027-10-31 18:00:00+01:00,2075.0104157402243
2027-10-31 19:00:00+01:00,1974.9466465501098
2027-10-31 20:00:00+01:00,1758.1940118585144
2027-10-31 21:00:00+01:00,1456.8055808246397
2027-10-31 22:00:00+01:00,1156.9643730903515
2027-10-31 23:00:00+01:00,932.5572912960723
2027-11-01 00:00:00+01:00,1014.3226012035857
2027-11-01 01:00:00+01:00,952.9899143744016
2027-11-01 02:00:00+01:00,945.5572225904775
2027-11-01 03:00:00+01:00,965.3610928549934
2027-11-01 04:00:00+01:00,1030.099347495448
2027-11-01 05:00:00+01:00,1214.6162701734713
2027-11-01 06:00:00+01:00,1482.6560385805778
2027-11-01 07:00:00+01:00,1737.503089219807
2027-11-01 08:00:00+01:00,1828.821334026408
2027-11-01 09:00:00+01:00,1811.0146058311866
2027-11-01 10:00:00+01:00,1751.0319559712527
2027-11-01 11:00:00+01:00,1721.2761406351142
2027-11-01 12:00:00+01:00,1693.0175628510826
2027-11-01 13:00:00+01:00,1676.3288655485653
2027-11-01 14:00:00+01:00,1712.341617949813
2027-11-01 15:00:00+01:00,1911.7513192281071
2027-11-01 16:00:00+01:00,2245.0889874028007
2027-11-01 17:00:00+01:00,2503.4123199648975
2027-11-01 18:00:00+01:00,2563.131203060012
2027-11-01 19:00:00+01:00,2387.2738998498244
2027-11-01 20:00:00+01:00,2121.14899888733
2027-11-01 21:00:00+01:00,1752.3031517339973
2027-11-01 22:00:00+01:00,1415.5009983332188
2027-11-01 23:00:00+01:00,1139.1106611642676
2027-11-02 00:00:00+01:00,996.6445690946676
2027-11-02 01:00:00+01:00,903.0007696114358
2027-11-02 02:00:00+01:00,888.3251757684615
2027-11-02 03:00:00+01:00,913.188642704536
2027-11-02 04:00:00+01:00,1048.5265178646441
2027-11-02 05:00:00+01:00,1297.205034641069
2027-11-02 06:00:00+01:00,1597.2827553565478
2027-11-02 07:00:00+01:00,1836.1330020384917
2027-11-02 08:00:00+01:00,1939.0423702376063
2027-11-02 09:00:00+01:00,1938.23446452653
2027-11-02 10:00:00+01:00,1886.9164825388498
2027-11-02 11:00:00+01:00,1834.7925203581458
2027-11-02 12:00:00+01:00,1807.990745612704
2027-11-02 13:00:00+01:00,1796.9963603844155
2027-11-02 14:00:00+01:00,1829.5535917408567
2027-11-02 15:00:00+01:00,1975.3062637045068
2027-11-02 16:00:00+01:00,2238.935897081341
2027-11-02 17:00:00+01:00,2440.4042885362496
2027-11-02 18:00:00+01:00,2468.463593837755
2027-11-02 19:00:00+01:00,2271.1671420636803
2027-11-02 20:00:00+01:00,1993.3303775856127
2027-11-02 21:00:00+01:00,1669.31051089479
2027-11-02 22:00:00+01:00,1394.1726265995026
2027-11-02 23:00:00+01:00,1184.2823533008025
2027-11-03 00:00:00+01:00,1065.4042598352296
2027-11-03 01:00:00+01:00,980.7768274142745
2027-11-03 02:00:00+01:00,941.0632524378557
2027-11-03 03:00:00+01:00,958.3686549874565
2027-11-03 04:00:00+01:00,1061.5449044322613
2027-11-03 05:00:00+01:00,1316.3183220767535
2027-11-03 06:00:00+01:00,1615.2371927785214
2027-11-03 07:00:00+01:00,1885.2148661958613
2027-11-03 08:00:00+01:00,1985.5883744492007
2027-11-03 09:00:00+01:00,1978.4262608561098
2027-11-03 10:00:00+01:00,1915.9511698682447
2027-11-03 11:00:00+01:00,1865.350385739265
2027-11-03 12:00:00+01:00,1834.0974808710164
2027-11-03 13:00:00+01:00,1819.5010575625167
2027-11-03 14:00:00+01:00,1822.2791292502893
2027-11-03 15:00:00+01:00,1947.990758155935
2027-11-03 16:00:00+01:00,2192.15414366472
2027-11-03 17:00:00+01:00,2389.9206305190373
2027-11-03 18:00:00+01:00,2422.952048255902
2027-11-03 19:00:00+01:00,2236.873698502431
2027-11-03 20:00:00+01:00,1972.0410417817168
2027-11-03 21:00:00+01:00,1651.6053436057232
2027-11-03 22:00:00+01:00,1385.6516605799027
2027-11-03 23:00:00+01:00,1183.4362565326574
2027-11-04 00:00:00+01:00,1071.9139779703062
2027-11-04 01:00:00+01:00,980.5749961704315
2027-11-04 02:00:00+01:00,920.9414023155167
2027-11-04 03:00:00+01:00,914.4371618336958
2027-11-04 04:00:00+01:00,1028.7854275817513
2027-11-04 05:00:00+01:00,1298.5126882557213
2027-11-04 06:00:00+01:00,1625.9956161342527
2027-11-04 07:00:00+01:00,1869.926120333157
2027-11-04 08:00:00+01:00,1962.7335587760426
2027-11-04 09:00:00+01:00,1947.268673471611
2027-11-04 10:00:00+01:00,1903.4331171800657
2027-11-04 11:00:00+01:00,1859.286887117045
2027-11-04 12:00:00+01:00,1811.900939774593
2027-11-04 13:00:00+01:00,1788.2673957462234
2027-11-04 14:00:00+01:00,1804.0010036573838
2027-11-04 15:00:00+01:00,1948.6809419652689
2027-11-04 16:00:00+01:00,2194.077073393731
2027-11-04 17:00:00+01:00,2411.469443588136
2027-11-04 18:00:00+01:00,2460.32931378479
2027-11-04 19:00:00+01:00,2318.443540019099
2027-11-04 20:00:00+01:00,2084.2971405032918
2027-11-04 21:00:00+01:00,1778.98377792382
2027-11-04 22:00:00+01:00,1482.7684406639455
2027-11-04 23:00:00+01:00,1225.2848851847746
2027-11-05 00:00:00+01:00,1077.2201480206204
2027-11-05 01:00:00+01:00,1000.0403996416843
2027-11-05 02:00:00+01:00,982.4588312905382
2027-11-05 03:00:00+01:00,1001.4949887750414
2027-11-05 04:00:00+01:00,1095.3599922484968
2027-11-05 05:00:00+01:00,1317.5814521458453
2027-11-05 06:00:00+01:00,1594.4539747827578
2027-11-05 07:00:00+01:00,1841.6082312618241
2027-11-05 08:00:00+01:00,1948.473348251953
2027-11-05 09:00:00+01:00,1950.8308073374242
2027-11-05 10:00:00+01:00,1910.5751646223866
2027-11-05 11:00:00+01:00,1852.2040706066216
2027-11-05 12:00:00+01:00,1816.4018478190103
2027-11-05 13:00:00+01:00,1793.8139970686414
2027-11-05 14:00:00+01:00,1821.3952214155076
2027-11-05 15:00:00+01:00,1976.1358622095452
2027-11-05 16:00:00+01:00,2222.8448224443473
2027-11-05 17:00:00+01:00,2425.1180174706424
2027-11-05 18:00:00+01:00,2442.537828406645
2027-11-05 19:00:00+01:00,2296.8710557931195
2027-11-05 20:00:00+01:00,2052.097821166552
2027-11-05 21:00:00+01:00,1737.0617040232814
2027-11-05 22:00:00+01:00,1439.5085994365857
2027-11-05 23:00:00+01:00,1232.3177056581205
2027-11-06 00:00:00+01:00,962.3647788137424
2027-11-06 01:00:00+01:00,916.6143302725725
2027-11-06 02:00:00+01:00,889.6950568370895
2027-11-06 03:00:00+01:00,883.9310731299793
2027-11-06 04:00:00+01:00,938.0523714631584
2027-11-06 05:00:00+01:00,1094.072791985101
2027-11-06 06:00:00+01:00,1311.4141009708596
2027-11-06 07:00:00+01:00,1501.5501781856954
2027-11-06 08:00:00+01:00,1599.0146704680742
2027-11-06 09:00:00+01:00,1603.3070747844758
2027-11-06 10:00:00+01:00,1566.4790651400026
2027-11-06 11:00:00+01:00,1510.870212298661
2027-11-06 12:00:00+01:00,1476.3552448686592
2027-11-06 13:00:00+01:00,1474.8066010397695
2027-11-06 14:00:00+01:00,1509.0105513160386
2027-11-06 15:00:00+01:00,1684.2154427262926
2027-11-06 16:00:00+01:00,1939.2828361798609
2027-11-06 17:00:00+01:00,2159.079832453755
2027-11-06 18:00:00+01:00,2199.5595340499235
2027-11-06 19:00:00+01:00,2068.5734859642553
2027-11-06 20:00:00+01:00,1846.8052057677587
2027-11-06 21:00:00+01:00,1557.8569996661015
2027-11-06 22:00:00+01:00,1274.277583944825
2027-11-06 23:00:00+01:00,1053.4295172361165
2027-11-07 00:00:00+01:00,911.1376108478213
2027-11-07 01:00:00+01:00,840.2578749640204
2027-11-07 02:00:00+01:00,810.2356824336274
2027-11-07 03:00:00+01:00,822.595926175881
2027-11-07 04:00:00+01:00,890.5893195928842
2027-11-07 05:00:00+01:00,1066.5922765524833
2027-11-07 06:00:00+01:00,1272.253873832547
2027-11-07 07:00:00+01:00,1469.1332165326605
2027-11-07 08:00:00+01:00,1554.5973503184036
2027-11-07 09:00:00+01:00,1579.755364067295
2027-11-07 10:00:00+01:00,1566.2221936769947
2027-11-07 11:00:00+01:00,1548.343406434117
2027-11-07 12:00:00+01:00,1509.6403272937753
2027-11-07 13:00:00+01:00,1469.0241495255677
2027-11-07 14:00:00+01:00,1463.4496338209021
2027-11-07 15:00:00+01:00,1619.6340721177341
2027-11-07 16:00:00+01:00,1877.6038377615178
2027-11-07 17:00:00+01:00,2101.7185153107434
2027-11-07 18:00:00+01:00,2140.8713455388634
2027-11-07 19:00:00+01:00,1997.2999984763753
2027-11-07 20:00:00+01:00,1759.7264009176022
2027-11-07 21:00:00+01:00,1460.5404370679296
2027-11-07 22:00:00+01:00,1205.1771554863753
2027-11-07 23:00:00+01:00,1016.203067642381
2027-11-08 00:00:00+01:00,1109.367939511578
2027-11-08 01:00:00+01:00,1056.5201410998932
2027-11-08 02:00:00+01:00,1030.1312273031829
2027-11-08 03:00:00+01:00,1016.7644763239014
2027-11-08 04:00:00+01:00,1077.3729382115766
2027-11-08 05:00:00+01:00,1287.2214756754993
2027-11-08 06:00:00+01:00,1552.0634704786532
2027-11-08 07:00:00+01:00,1792.5239688253646
2027-11-08 08:00:00+01:00,1886.393788432149
2027-11-08 09:00:00+01:00,1878.4015886857508
2027-11-08 10:00:00+01:00,1806.211551911474
2027-11-08 11:00:00+01:00,1732.0054531786654
2027-11-08 12:00:00+01:00,1689.1112420923005
2027-11-08 13:00:00+01:00,1662.3658773709994
2027-11-08 14:00:00+01:00,1700.9948131946403
2027-11-08 15:00:00+01:00,1929.629768938896
2027-11-08 16:00:00+01:00,2276.158948710002
2027-11-08 17:00:00+01:00,2527.479400666273
2027-11-08 18:00:00+01:00,2564.9733476423808
2027-11-08 19:00:00+01:00,2391.3198431302785
2027-11-08 20:00:00+01:00,2162.1457135945843
2027-11-08 21:00:00+01:00,1812.4805895255324
2027-11-08 22:00:00+01:00,1500.059812978072
2027-11-08 23:00:00+01:00,1223.5818487029044
2027-11-09 00:00:00+01:00,1080.8046293557168
2027-11-09 01:00:00+01:00,977.359830424157
2027-11-09 02:00:00+01:00,933.3899386868578
2027-11-09 03:00:00+01:00,942.5728775822364
2027-11-09 04:00:00+01:00,1066.5954044204334
2027-11-09 05:00:00+01:00,1301.9283187689432
2027-11-09 06:00:00+01:00,1586.9639277454587
2027-11-09 07:00:00+01:00,1815.238744920048
2027-11-09 08:00:00+01:00,1920.6160254970996
2027-11-09 09:00:00+01:00,1943.4854383416396
2027-11-09 10:00:00+01:00,1922.2347186389538
2027-11-09 11:00:00+01:00,1897.222449542861
2027-11-09 12:00:00+01:00,1863.3476259373786
2027-11-09 13:00:00+01:00,1832.9528486876443
2027-11-09 14:00:00+01:00,1840.166880143087
2027-11-09 15:00:00+01:00,2008.8800896433295
2027-11-09 16:00:00+01:00,2287.4009266355906
2027-11-09 17:00:00+01:00,2532.599840910346
2027-11-09 18:00:00+01:00,2578.2866044938496
2027-11-09 19:00:00+01:00,2419.034005650824
2027-11-09 20:00:00+01:00,2136.2500459149805
2027-11-09 21:00:00+01:00,1771.8145316821942
2027-11-09 22:00:00+01:00,1447.937572283129
2027-11-09 23:00:00+01:00,1193.2063700983067
2027-11-10 00:00:00+01:00,1054.212699232685
2027-11-10 01:00:00+01:00,944.3557025379517
2027-11-10 02:00:00+01:00,895.4324500002255
2027-11-10 03:00:00+01:00,881.5102335494058
2027-11-10 04:00:00+01:00,960.9459477926837
2027-11-10 05:00:00+01:00,1215.549425680167
2027-11-10 06:00:00+01:00,1555.3912389763132
2027-11-10 07:00:00+01:00,1872.1539706194187
2027-11-10 08:00:00+01:00,2015.239823640837
2027-11-10 09:00:00+01:00,2041.5911880099832
2027-11-10 10:00:00+01:00,2007.5270991636683
2027-11-10 11:00:00+01:00,1975.2825184060644
2027-11-10 12:00:00+01:00,1954.6220485051215
2027-11-10 13:00:00+01:00,1936.0358352716016
2027-11-10 14:00:00+01:00,1932.0203994551457
2027-11-10 15:00:00+01:00,2096.7033641297326
2027-11-10 16:00:00+01:00,2341.9007032542218
2027-11-10 17:00:00+01:00,2540.2224407944764
2027-11-10 18:00:00+01:00,2526.017494357518
2027-11-10 19:00:00+01:00,2348.2705667591567
2027-11-10 20:00:00+01:00,2093.3301527124886
2027-11-10 21:00:00+01:00,1768.8378806691371
2027-11-10 22:00:00+01:00,1461.6273503494008
2027-11-10 23:00:00+01:00,1213.4044521711207
2027-11-11 00:00:00+01:00,1065.2163254529028
2027-11-11 01:00:00+01:00,977.4239944632037
2027-11-11 02:00:00+01:00,941.7353784993859
2027-11-11 03:00:00+01:00,964.3727943660357
2027-11-11 04:00:00+01:00,1078.6440103597436
2027-11-11 05:00:00+01:00,1354.4447222316908
2027-11-11 06:00:00+01:00,1661.8634879173644
2027-11-11 07:00:00+01:00,1907.9638632144774
2027-11-11 08:00:00+01:00,1987.25205289848
2027-11-11 09:00:00+01:00,1972.7490861818424
2027-11-11 10:00:00+01:00,1951.7143438770272
2027-11-11 11:00:00+01:00,1908.4439384686664
2027-11-11 12:00:00+01:00,1891.5220131978836
2027-11-11 13:00:00+01:00,1863.8346940682015
2027-11-11 14:00:00+01:00,1909.3408224862874
2027-11-11 15:00:00+01:00,2086.7738390109466
2027-11-11 16:00:00+01:00,2342.194346827989
2027-11-11 17:00:00+01:00,2521.609652159777
2027-11-11 18:00:00+01:00,2515.0792049253155
2027-11-11 19:00:00+01:00,2354.536057638704
2027-11-11 20:00:00+01:00,2136.7912539074587
2027-11-11 21:00:00+01:00,1824.6822490988723
2027-11-11 22:00:00+01:00,1502.4289595046826
2027-11-11 23:00:00+01:00,1222.6010454651991
2027-11-12 00:00:00+01:00,1093.89563574469
2027-11-12 01:00:00+01:00,1026.4336580908016
2027-11-12 02:00:00+01:00,1005.1271144227732
2027-11-12 03:00:00+01:00,1005.0002569906327
2027-11-12 04:00:00+01:00,1085.327769915553
2027-11-12 05:00:00+01:00,1312.6108343005267
2027-11-12 06:00:00+01:00,1614.3704707962615
2027-11-12 07:00:00+01:00,1872.6279104180007
2027-11-12 08:00:00+01:00,1991.4002621364393
2027-11-12 09:00:00+01:00,2026.7635914468142
2027-11-12 10:00:00+01:00,2035.5750881992344
2027-11-12 11:00:00+01:00,2014.3208500335302
2027-11-12 12:00:00+01:00,1962.6466744517286
2027-11-12 13:00:00+01:00,1906.9665709298101
2027-11-12 14:00:00+01:00,1902.0872350273412
2027-11-12 15:00:00+01:00,2054.5626387680854
2027-11-12 16:00:00+01:00,2301.1233950728274
2027-11-12 17:00:00+01:00,2504.847263070967
2027-11-12 18:00:00+01:00,2517.360971618681
2027-11-12 19:00:00+01:00,2356.166046646998
2027-11-12 20:00:00+01:00,2101.7672894293282
2027-11-12 21:00:00+01:00,1751.2111871152317
2027-11-12 22:00:00+01:00,1434.1775302795597
2027-11-12 23:00:00+01:00,1186.4844755359156
2027-11-13 00:00:00+01:00,938.0407429644672
2027-11-13 01:00:00+01:00,900.472370770458
2027-11-13 02:00:00+01:00,891.7594853135321
2027-11-13 03:00:00+01:00,893.9310750128774
2027-11-13 04:00:00+01:00,939.5222983308862
2027-11-13 05:00:00+01:00,1114.112259948217
2027-11-13 06:00:00+01:00,1348.8074412053093
2027-11-13 07:00:00+01:00,1582.3152109898328
2027-11-13 08:00:00+01:00,1698.3888287724483
2027-11-13 09:00:00+01:00,1712.8261298677585
2027-11-13 10:00:00+01:00,1691.3851070980647
2027-11-13 11:00:00+01:00,1652.1187358188897
2027-11-13 12:00:00+01:00,1650.7339702130398
2027-11-13 13:00:00+01:00,1641.0489803924766
2027-11-13 14:00:00+01:00,1665.318793209616
2027-11-13 15:00:00+01:00,1796.2852240092564
2027-11-13 16:00:00+01:00,2009.301522293702
2027-11-13 17:00:00+01:00,2171.8521772951026
2027-11-13 18:00:00+01:00,2185.285048125562
2027-11-13 19:00:00+01:00,2037.2558239521825
2027-11-13 20:00:00+01:00,1826.968957901735
2027-11-13 21:00:00+01:00,1534.8086140389964
2027-11-13 22:00:00+01:00,1260.792995383115
2027-11-13 23:00:00+01:00,1039.085208377115
2027-11-14 00:00:00+01:00,867.122052224882
2027-11-14 01:00:00+01:00,812.1137722589945
2027-11-14 02:00:00+01:00,791.1954781164367
2027-11-14 03:00:00+01:00,809.4443109144718
2027-11-14 04:00:00+01:00,891.2513536324767
2027-11-14 05:00:00+01:00,1094.6794973485346
2027-11-14 06:00:00+01:00,1356.741260417989
2027-11-14 07:00:00+01:00,1599.8733232800362
2027-11-14 08:00:00+01:00,1712.4929058825983
2027-11-14 09:00:00+01:00,1721.699801968236
2027-11-14 10:00:00+01:00,1670.7462456581582
2027-11-14 11:00:00+01:00,1638.5896093039173
2027-11-14 12:00:00+01:00,1612.2659614914978
2027-11-14 13:00:00+01:00,1605.3736168176576
2027-11-14 14:00:00+01:00,1619.86795826414
2027-11-14 15:00:00+01:00,1745.9759695317755
2027-11-14 16:00:00+01:00,1932.2331477983562
2027-11-14 17:00:00+01:00,2079.967309706096
2027-11-14 18:00:00+01:00,2092.261730762857
2027-11-14 19:00:00+01:00,1970.8519220807602
2027-11-14 20:00:00+01:00,1765.7828155210505
2027-11-14 21:00:00+01:00,1489.445812052889
2027-11-14 22:00:00+01:00,1200.2943322682117
2027-11-14 23:00:00+01:00,976.8301728758429
2027-11-15 00:00:00+01:00,1057.1910693638308
2027-11-15 01:00:00+01:00,1006.8502890238516
2027-11-15 02:00:00+01:00,1003.6537640346261
2027-11-15 03:00:00+01:00,1037.980421692274
2027-11-15 04:00:00+01:00,1139.7601206769789
2027-11-15 05:00:00+01:00,1378.937696809997
2027-11-15 06:00:00+01:00,1657.2999626646526
2027-11-15 07:00:00+01:00,1904.391347808141
2027-11-15 08:00:00+01:00,1992.2109269353641
2027-11-15 09:00:00+01:00,2012.1347467217718
2027-11-15 10:00:00+01:00,1994.0824649668957
2027-11-15 11:00:00+01:00,1967.0485478618934
2027-11-15 12:00:00+01:00,1915.491771028088
2027-11-15 13:00:00+01:00,1864.2572140586367
2027-11-15 14:00:00+01:00,1860.8541671804612
2027-11-15 15:00:00+01:00,2039.6374274523039
2027-11-15 16:00:00+01:00,2291.7737437390037
2027-11-15 17:00:00+01:00,2494.2413887181224
2027-11-15 18:00:00+01:00,2500.341928189298
2027-11-15 19:00:00+01:00,2332.1091020794584
2027-11-15 20:00:00+01:00,2067.9743860988697
2027-11-15 21:00:00+01:00,1739.969054844496
2027-11-15 22:00:00+01:00,1462.8136886746975
2027-11-15 23:00:00+01:00,1277.401523466601
2027-11-16 00:00:00+01:00,1155.2426819931316
2027-11-16 01:00:00+01:00,1103.2025487395974
2027-11-16 02:00:00+01:00,1072.4693693792262
2027-11-16 03:00:00+01:00,1089.8200314653388
2027-11-16 04:00:00+01:00,1174.3014677418844
2027-11-16 05:00:00+01:00,1391.3182979311832
2027-11-16 06:00:00+01:00,1665.2200978213016
2027-11-16 07:00:00+01:00,1901.1397306721008
2027-11-16 08:00:00+01:00,1986.6891071463424
2027-11-16 09:00:00+01:00,1980.176350436247
2027-11-16 10:00:00+01:00,1939.7907468301935
2027-11-16 11:00:00+01:00,1915.1541049522853
2027-11-16 12:00:00+01:00,1891.8857320296631
2027-11-16 13:00:00+01:00,1892.2734179727572
2027-11-16 14:00:00+01:00,1922.2933019710438
2027-11-16 15:00:00+01:00,2122.804863516498
2027-11-16 16:00:00+01:00,2360.581209724919
2027-11-16 17:00:00+01:00,2547.703740057457
2027-11-16 18:00:00+01:00,2510.8099652166547
2027-11-16 19:00:00+01:00,2353.099511259938
2027-11-16 20:00:00+01:00,2085.558584833169
2027-11-16 21:00:00+01:00,1749.665288288351
2027-11-16 22:00:00+01:00,1443.3037479239515
2027-11-16 23:00:00+01:00,1258.5301251833405
2027-11-17 00:00:00+01:00,1157.0162763710339
2027-11-17 01:00:00+01:00,1097.840432890656
2027-11-17 02:00:00+01:00,1056.225232842739
2027-11-17 03:00:00+01:00,1074.2397599968544
2027-11-17 04:00:00+01:00,1153.611276052188
2027-11-17 05:00:00+01:00,1382.6279386671413
2027-11-17 06:00:00+01:00,1675.1362474234293
2027-11-17 07:00:00+01:00,1935.8020478065835
2027-11-17 08:00:00+01:00,2034.5849126077833
2027-11-17 09:00:00+01:00,2037.3645136701034
2027-11-17 10:00:00+01:00,1996.2699065206475
2027-11-17 11:00:00+01:00,1952.3964594483891
2027-11-17 12:00:00+01:00,1920.7245280368934
2027-11-17 13:00:00+01:00,1921.4214662986433
2027-11-17 14:00:00+01:00,1973.403885995257
2027-11-17 15:00:00+01:00,2156.3382823659654
2027-11-17 16:00:00+01:00,2368.8102433965564
2027-11-17 17:00:00+01:00,2504.282359406245
2027-11-17 18:00:00+01:00,2461.059524293244
2027-11-17 19:00:00+01:00,2290.568369865234
2027-11-17 20:00:00+01:00,2067.409268019814
2027-11-17 21:00:00+01:00,1766.9715478232094
2027-11-17 22:00:00+01:00,1465.8069069889257
2027-11-17 23:00:00+01:00,1195.3307585486598
2027-11-18 00:00:00+01:00,1057.8732290291607
2027-11-18 01:00:00+01:00,981.5955978084903
2027-11-18 02:00:00+01:00,961.4825380384435
2027-11-18 03:00:00+01:00,976.706651807329
2027-11-18 04:00:00+01:00,1070.3952811433912
2027-11-18 05:00:00+01:00,1350.4235080687592
2027-11-18 06:00:00+01:00,1673.9287758469434
2027-11-18 07:00:00+01:00,1968.385749768713
2027-11-18 08:00:00+01:00,2073.6592847065185
2027-11-18 09:00:00+01:00,2082.515339894839
2027-11-18 10:00:00+01:00,2036.1079773137374
2027-11-18 11:00:00+01:00,1992.7148948307572
2027-11-18 12:00:00+01:00,1954.88458400916
2027-11-18 13:00:00+01:00,1940.9907347260296
2027-11-18 14:00:00+01:00,1974.9353428689483
2027-11-18 15:00:00+01:00,2165.535303246606
2027-11-18 16:00:00+01:00,2405.2228988660636
2027-11-18 17:00:00+01:00,2576.755228279507
2027-11-18 18:00:00+01:00,2565.2862579798234
2027-11-18 19:00:00+01:00,2412.779741522893
2027-11-18 20:00:00+01:00,2157.671060203461
2027-11-18 21:00:00+01:00,1806.6002847301256
2027-11-18 22:00:00+01:00,1451.4021752367807
2027-11-18 23:00:00+01:00,1173.7984006241604
2027-11-19 00:00:00+01:00,1035.0310840426382
2027-11-19 01:00:00+01:00,971.659046346329
2027-11-19 02:00:00+01:00,962.0357691053017
2027-11-19 03:00:00+01:00,964.9616023373262
2027-11-19 04:00:00+01:00,1047.6374706817328
2027-11-19 05:00:00+01:00,1306.7683088281897
2027-11-19 06:00:00+01:00,1637.1846741963511
2027-11-19 07:00:00+01:00,1920.4975120825525
2027-11-19 08:00:00+01:00,2011.1875135060604
2027-11-19 09:00:00+01:00,2030.4723252703589
2027-11-19 10:00:00+01:00,2011.6636303269609
2027-11-19 11:00:00+01:00,1992.217129322127
2027-11-19 12:00:00+01:00,1960.245385729776
2027-11-19 13:00:00+01:00,1940.992475843159
2027-11-19 14:00:00+01:00,1996.076758946804
2027-11-19 15:00:00+01:00,2192.3779306166807
2027-11-19 16:00:00+01:00,2445.938978327772
2027-11-19 17:00:00+01:00,2613.4615298156864
2027-11-19 18:00:00+01:00,2594.9448509278527
2027-11-19 19:00:00+01:00,2446.374198729473
2027-11-19 20:00:00+01:00,2187.637635598178
2027-11-19 21:00:00+01:00,1846.7185899552912
2027-11-19 22:00:00+01:00,1508.7493071243514
2027-11-19 23:00:00+01:00,1256.2024962905898
2027-11-20 00:00:00+01:00,963.5179953215535
2027-11-20 01:00:00+01:00,900.9558778143082
2027-11-20 02:00:00+01:00,887.0983884587845
2027-11-20 03:00:00+01:00,903.5017673668187
2027-11-20 04:00:00+01:00,988.3092191360637
2027-11-20 05:00:00+01:00,1177.3101679000742
2027-11-20 06:00:00+01:00,1401.8568567342193
2027-11-20 07:00:00+01:00,1617.597155437272
2027-11-20 08:00:00+01:00,1717.649254994044
2027-11-20 09:00:00+01:00,1753.165506851213
2027-11-20 10:00:00+01:00,1729.8953631358645
2027-11-20 11:00:00+01:00,1707.6439029692622
2027-11-20 12:00:00+01:00,1690.174944440753
2027-11-20 13:00:00+01:00,1681.7824779247526
2027-11-20 14:00:00+01:00,1718.3944362520456
2027-11-20 15:00:00+01:00,1871.5302454613288
2027-11-20 16:00:00+01:00,2049.215295001726
2027-11-20 17:00:00+01:00,2168.191087106373
2027-11-20 18:00:00+01:00,2143.1849701654514
2027-11-20 19:00:00+01:00,2027.3464143721828
2027-11-20 20:00:00+01:00,1837.350521953436
2027-11-20 21:00:00+01:00,1586.4913550457159
2027-11-20 22:00:00+01:00,1327.9121694402809
2027-11-20 23:00:00+01:00,1111.6077517057781
2027-11-21 00:00:00+01:00,927.9198353385348
2027-11-21 01:00:00+01:00,845.6707990096398
2027-11-21 02:00:00+01:00,796.7322557837722
2027-11-21 03:00:00+01:00,791.1831792794369
2027-11-21 04:00:00+01:00,848.8661671588108
2027-11-21 05:00:00+01:00,1039.9957411708235
2027-11-21 06:00:00+01:00,1274.4778069650226
2027-11-21 07:00:00+01:00,1514.783317873934
2027-11-21 08:00:00+01:00,1618.7711724326205
2027-11-21 09:00:00+01:00,1657.8733571301534
2027-11-21 10:00:00+01:00,1652.9010752752724
2027-11-21 11:00:00+01:00,1661.4054837711008
2027-11-21 12:00:00+01:00,1688.4375512282297
2027-11-21 13:00:00+01:00,1716.9501917040272
2027-11-21 14:00:00+01:00,1780.0438306474887
2027-11-21 15:00:00+01:00,1931.6782604401365
2027-11-21 16:00:00+01:00,2119.3566141214287
2027-11-21 17:00:00+01:00,2243.4397176729817
2027-11-21 18:00:00+01:00,2210.2490938361
2027-11-21 19:00:00+01:00,2044.9727113764543
2027-11-21 20:00:00+01:00,1796.626218932449
2027-11-21 21:00:00+01:00,1485.009045090844
2027-11-21 22:00:00+01:00,1201.158636358701
2027-11-21 23:00:00+01:00,978.0000830178484
2027-11-22 00:00:00+01:00,1022.7650451194156
2027-11-22 01:00:00+01:00,934.4256410443654
2027-11-22 02:00:00+01:00,925.3741019532961
2027-11-22 03:00:00+01:00,962.4196643814778
2027-11-22 04:00:00+01:00,1066.6903190962262
2027-11-22 05:00:00+01:00,1315.1329083525864
2027-11-22 06:00:00+01:00,1621.774405173201
2027-11-22 07:00:00+01:00,1905.9901334138783
2027-11-22 08:00:00+01:00,2029.341299624479
2027-11-22 09:00:00+01:00,2074.3213794248522
2027-11-22 10:00:00+01:00,2064.4716827645066
2027-11-22 11:00:00+01:00,2040.2021160141005
2027-11-22 12:00:00+01:00,2001.2899000834814
2027-11-22 13:00:00+01:00,1967.2585684088801
2027-11-22 14:00:00+01:00,1991.487950736408
2027-11-22 15:00:00+01:00,2184.9038677540466
2027-11-22 16:00:00+01:00,2464.3514109333764
2027-11-22 17:00:00+01:00,2649.352383883295
2027-11-22 18:00:00+01:00,2609.5992553885744
2027-11-22 19:00:00+01:00,2403.941460645657
2027-11-22 20:00:00+01:00,2128.4047594236235
2027-11-22 21:00:00+01:00,1786.097110929602
2027-11-22 22:00:00+01:00,1469.2911627463245
2027-11-22 23:00:00+01:00,1216.783936283242
2027-11-23 00:00:00+01:00,1090.260540371276
2027-11-23 01:00:00+01:00,1002.8309632203024
2027-11-23 02:00:00+01:00,969.0049915726225
2027-11-23 03:00:00+01:00,980.9968545194779
2027-11-23 04:00:00+01:00,1064.26096207564
2027-11-23 05:00:00+01:00,1302.7802154757665
2027-11-23 06:00:00+01:00,1613.4151701250053
2027-11-23 07:00:00+01:00,1912.3885331852684
2027-11-23 08:00:00+01:00,2069.796870333659
2027-11-23 09:00:00+01:00,2129.0173110983196
2027-11-23 10:00:00+01:00,2116.664981118732
2027-11-23 11:00:00+01:00,2081.97639893832
2027-11-23 12:00:00+01:00,2038.1961010950804
2027-11-23 13:00:00+01:00,2006.393740918158
2027-11-23 14:00:00+01:00,2026.305935948041
2027-11-23 15:00:00+01:00,2209.18183366007
2027-11-23 16:00:00+01:00,2433.4865888574477
2027-11-23 17:00:00+01:00,2574.8101900890238
2027-11-23 18:00:00+01:00,2536.6043221356977
2027-11-23 19:00:00+01:00,2375.3259801030144
2027-11-23 20:00:00+01:00,2156.227983644761
2027-11-23 21:00:00+01:00,1850.9617840477752
2027-11-23 22:00:00+01:00,1541.9882966679104
2027-11-23 23:00:00+01:00,1260.4028257006712
2027-11-24 00:00:00+01:00,1074.3505870604965
2027-11-24 01:00:00+01:00,963.7303386625285
2027-11-24 02:00:00+01:00,926.0350864423822
2027-11-24 03:00:00+01:00,941.729227103845
2027-11-24 04:00:00+01:00,1079.6391889687677
2027-11-24 05:00:00+01:00,1404.757613768497
2027-11-24 06:00:00+01:00,1797.0288874186533
2027-11-24 07:00:00+01:00,2103.612884079177
2027-11-24 08:00:00+01:00,2203.3659370165965
2027-11-24 09:00:00+01:00,2173.6959936278026
2027-11-24 10:00:00+01:00,2112.8243389043296
2027-11-24 11:00:00+01:00,2057.909975231958
2027-11-24 12:00:00+01:00,2025.7876958564125
2027-11-24 13:00:00+01:00,2000.9384201524483
2027-11-24 14:00:00+01:00,2023.4868369046092
2027-11-24 15:00:00+01:00,2184.6567522757227
2027-11-24 16:00:00+01:00,2389.8216078256814
2027-11-24 17:00:00+01:00,2528.1004435328286
2027-11-24 18:00:00+01:00,2493.597982449097
2027-11-24 19:00:00+01:00,2346.194766493457
2027-11-24 20:00:00+01:00,2126.1638137567807
2027-11-24 21:00:00+01:00,1796.9886242932805
2027-11-24 22:00:00+01:00,1481.7448922074204
2027-11-24 23:00:00+01:00,1231.6711006360247
2027-11-25 00:00:00+01:00,1079.8538353040794
2027-11-25 01:00:00+01:00,991.2651696242316
2027-11-25 02:00:00+01:00,946.9340909888405
2027-11-25 03:00:00+01:00,963.4381392576661
2027-11-25 04:00:00+01:00,1065.0369899397547
2027-11-25 05:00:00+01:00,1343.4613219058203
2027-11-25 06:00:00+01:00,1677.7553806127696
2027-11-25 07:00:00+01:00,1963.316401004909
2027-11-25 08:00:00+01:00,2060.901210850451
2027-11-25 09:00:00+01:00,2071.0736481189588
2027-11-25 10:00:00+01:00,2060.2532192448903
2027-11-25 11:00:00+01:00,2053.870389352044
2027-11-25 12:00:00+01:00,2049.7844966732196
2027-11-25 13:00:00+01:00,2045.4518447585542
2027-11-25 14:00:00+01:00,2098.028916488003
2027-11-25 15:00:00+01:00,2298.777233916292
2027-11-25 16:00:00+01:00,2509.0592864693763
2027-11-25 17:00:00+01:00,2629.0940964343376
2027-11-25 18:00:00+01:00,2560.638340362215
2027-11-25 19:00:00+01:00,2400.8088613255095
2027-11-25 20:00:00+01:00,2176.4669846315846
2027-11-25 21:00:00+01:00,1845.064661558266
2027-11-25 22:00:00+01:00,1503.9057891731943
2027-11-25 23:00:00+01:00,1200.2010915686246
2027-11-26 00:00:00+01:00,1040.3325384776922
2027-11-26 01:00:00+01:00,958.0126292123946
2027-11-26 02:00:00+01:00,938.2835650434197
2027-11-26 03:00:00+01:00,965.5161839860775
2027-11-26 04:00:00+01:00,1053.6834869686472
2027-11-26 05:00:00+01:00,1314.3586285980655
2027-11-26 06:00:00+01:00,1659.8458213261986
2027-11-26 07:00:00+01:00,1992.4587505301743
2027-11-26 08:00:00+01:00,2144.947814645308
2027-11-26 09:00:00+01:00,2183.2888420399877
2027-11-26 10:00:00+01:00,2173.361844594193
2027-11-26 11:00:00+01:00,2149.8128235569725
2027-11-26 12:00:00+01:00,2118.1088630468744
2027-11-26 13:00:00+01:00,2081.1154114928795
2027-11-26 14:00:00+01:00,2093.424256451943
2027-11-26 15:00:00+01:00,2236.6991122179666
2027-11-26 16:00:00+01:00,2424.6135405344844
2027-11-26 17:00:00+01:00,2543.1760639098384
2027-11-26 18:00:00+01:00,2501.706637486409
2027-11-26 19:00:00+01:00,2338.9320966222394
2027-11-26 20:00:00+01:00,2124.5038493180145
2027-11-26 21:00:00+01:00,1812.5332103412397
2027-11-26 22:00:00+01:00,1493.3002714120043
2027-11-26 23:00:00+01:00,1235.3053228637289
2027-11-27 00:00:00+01:00,962.6812434760445
2027-11-27 01:00:00+01:00,924.9223831654052
2027-11-27 02:00:00+01:00,915.8885405292235
2027-11-27 03:00:00+01:00,934.9328921813163
2027-11-27 04:00:00+01:00,1015.3983679997986
2027-11-27 05:00:00+01:00,1220.9535251298455
2027-11-27 06:00:00+01:00,1472.8011666568807
2027-11-27 07:00:00+01:00,1708.4602010300684
2027-11-27 08:00:00+01:00,1819.6472900044926
2027-11-27 09:00:00+01:00,1857.9664378658638
2027-11-27 10:00:00+01:00,1850.014674866024
2027-11-27 11:00:00+01:00,1837.8116256042601
2027-11-27 12:00:00+01:00,1805.8044526696535
2027-11-27 13:00:00+01:00,1770.0576008994935
2027-11-27 14:00:00+01:00,1777.8589050788753
2027-11-27 15:00:00+01:00,1918.6013670579289
2027-11-27 16:00:00+01:00,2076.67146021608
2027-11-27 17:00:00+01:00,2162.7399217578154
2027-11-27 18:00:00+01:00,2103.435534064027
2027-11-27 19:00:00+01:00,1950.4125205714859
2027-11-27 20:00:00+01:00,1740.9105817582686
2027-11-27 21:00:00+01:00,1456.6705559149527
2027-11-27 22:00:00+01:00,1215.8871724334224
2027-11-27 23:00:00+01:00,1042.4516157059452
2027-11-28 00:00:00+01:00,896.8130234479514
2027-11-28 01:00:00+01:00,874.8753727231363
2027-11-28 02:00:00+01:00,878.7087822408885
2027-11-28 03:00:00+01:00,906.504429620833
2027-11-28 04:00:00+01:00,984.280895506518
2027-11-28 05:00:00+01:00,1193.322135006226
2027-11-28 06:00:00+01:00,1448.5883817831123
2027-11-28 07:00:00+01:00,1673.065709267865
2027-11-28 08:00:00+01:00,1738.7345823988912
2027-11-28 09:00:00+01:00,1729.8488221241093
2027-11-28 10:00:00+01:00,1678.4899896807322
2027-11-28 11:00:00+01:00,1634.1121102532757
2027-11-28 12:00:00+01:00,1591.2653583640486
2027-11-28 13:00:00+01:00,1564.1638566264558
2027-11-28 14:00:00+01:00,1624.410834855713
2027-11-28 15:00:00+01:00,1844.5210848093673
2027-11-28 16:00:00+01:00,2088.110445229298
2027-11-28 17:00:00+01:00,2224.084115278457
2027-11-28 18:00:00+01:00,2180.3418435341246
2027-11-28 19:00:00+01:00,2024.6373185192865
2027-11-28 20:00:00+01:00,1798.5828951729088
2027-11-28 21:00:00+01:00,1495.1030569095801
2027-11-28 22:00:00+01:00,1227.771703801433
2027-11-28 23:00:00+01:00,1022.8053008610534
2027-11-29 00:00:00+01:00,1101.1455365085808
2027-11-29 01:00:00+01:00,1026.0839142020443
2027-11-29 02:00:00+01:00,1012.0260751373149
2027-11-29 03:00:00+01:00,1036.4620904746362
2027-11-29 04:00:00+01:00,1118.2714958112638
2027-11-29 05:00:00+01:00,1306.7266471693272
2027-11-29 06:00:00+01:00,1575.7627204324592
2027-11-29 07:00:00+01:00,1844.4957213360128
2027-11-29 08:00:00+01:00,1999.841633670217
2027-11-29 09:00:00+01:00,2031.3848798387196
2027-11-29 10:00:00+01:00,2005.006173245099
2027-11-29 11:00:00+01:00,1975.8993037242433
2027-11-29 12:00:00+01:00,1939.054967995288
2027-11-29 13:00:00+01:00,1895.054160760882
2027-11-29 14:00:00+01:00,1908.099897794945
2027-11-29 15:00:00+01:00,2102.7982708458135
2027-11-29 16:00:00+01:00,2335.030067145882
2027-11-29 17:00:00+01:00,2489.5487891984653
2027-11-29 18:00:00+01:00,2466.7720494213486
2027-11-29 19:00:00+01:00,2355.5622169517196
2027-11-29 20:00:00+01:00,2144.273591655693
2027-11-29 21:00:00+01:00,1831.826557876217
2027-11-29 22:00:00+01:00,1495.206915522134
2027-11-29 23:00:00+01:00,1265.27013052673
2027-11-30 00:00:00+01:00,1147.0513607614455
2027-11-30 01:00:00+01:00,1118.714970429194
2027-11-30 02:00:00+01:00,1091.5373030768765
2027-11-30 03:00:00+01:00,1093.9071605798413
2027-11-30 04:00:00+01:00,1142.7712386366375
2027-11-30 05:00:00+01:00,1322.024576663225
2027-11-30 06:00:00+01:00,1564.8215099716522
2027-11-30 07:00:00+01:00,1815.8220620010986
2027-11-30 08:00:00+01:00,1950.0254175171049
2027-11-30 09:00:00+01:00,1977.7111418189572
2027-11-30 10:00:00+01:00,1960.8061904318554
2027-11-30 11:00:00+01:00,1930.4821886978043
2027-11-30 12:00:00+01:00,1922.4374656422574
2027-11-30 13:00:00+01:00,1915.871419970311
2027-11-30 14:00:00+01:00,1972.4790507959776
2027-11-30 15:00:00+01:00,2162.0871679185757
2027-11-30 16:00:00+01:00,2365.5798441821753
2027-11-30 17:00:00+01:00,2474.3136063682705
2027-11-30 18:00:00+01:00,2426.765692280659
2027-11-30 19:00:00+01:00,2291.3116717451667
2027-11-30 20:00:00+01:00,2130.0528477555886
2027-11-30 21:00:00+01:00,1869.1857772550845
2027-11-30 22:00:00+01:00,1590.1711003752707
2027-11-30 23:00:00+01:00,1337.5349074784992
2027-12-01 00:00:00+01:00,1194.6874788381463
2027-12-01 01:00:00+01:00,1106.8903512028435
2027-12-01 02:00:00+01:00,1046.7977502129295
2027-12-01 03:00:00+01:00,1029.9068262526152
2027-12-01 04:00:00+01:00,1113.5694527301646
2027-12-01 05:00:00+01:00,1361.7573010525996
2027-12-01 06:00:00+01:00,1651.9501597571093
2027-12-01 07:00:00+01:00,1908.3049932481058
2027-12-01 08:00:00+01:00,2020.822372984813
2027-12-01 09:00:00+01:00,2069.3582585753647
2027-12-01 10:00:00+01:00,2065.848307755036
2027-12-01 11:00:00+01:00,2030.1894037397474
2027-12-01 12:00:00+01:00,1985.24356351088
2027-12-01 13:00:00+01:00,1955.5485559811832
2027-12-01 14:00:00+01:00,1999.7645395242935
2027-12-01 15:00:00+01:00,2213.23265769411
2027-12-01 16:00:00+01:00,2423.908412549009
2027-12-01 17:00:00+01:00,2543.1028276533048
2027-12-01 18:00:00+01:00,2458.412629719103
2027-12-01 19:00:00+01:00,2294.0130460969494
2027-12-01 20:00:00+01:00,2066.440745210457
2027-12-01 21:00:00+01:00,1776.2147211553358
2027-12-01 22:00:00+01:00,1487.3954213364227
2027-12-01 23:00:00+01:00,1264.4601810678575
2027-12-02 00:00:00+01:00,1144.0528658375608
2027-12-02 01:00:00+01:00,1072.1281610278725
2027-12-02 02:00:00+01:00,1041.4279907328153
2027-12-02 03:00:00+01:00,1042.4632319728134
2027-12-02 04:00:00+01:00,1114.9179870790492
2027-12-02 05:00:00+01:00,1350.7146270862925
2027-12-02 06:00:00+01:00,1657.4796493441954
2027-12-02 07:00:00+01:00,1918.5955425444672
2027-12-02 08:00:00+01:00,2034.9311277875915
2027-12-02 09:00:00+01:00,2065.0451707404886
2027-12-02 10:00:00+01:00,2073.748577531621
2027-12-02 11:00:00+01:00,2048.9601369326047
2027-12-02 12:00:00+01:00,2031.008944881844
2027-12-02 13:00:00+01:00,2030.9757922710226
2027-12-02 14:00:00+01:00,2106.3704663023523
2027-12-02 15:00:00+01:00,2331.378364841499
2027-12-02 16:00:00+01:00,2578.3675282968866
2027-12-02 17:00:00+01:00,2695.193334882553
2027-12-02 18:00:00+01:00,2601.8203430932417
2027-12-02 19:00:00+01:00,2381.1900953539825
2027-12-02 20:00:00+01:00,2137.2735062603606
2027-12-02 21:00:00+01:00,1807.0481971663778
2027-12-02 22:00:00+01:00,1478.6737974303096
2027-12-02 23:00:00+01:00,1202.212358218489
2027-12-03 00:00:00+01:00,1071.6921426337194
2027-12-03 01:00:00+01:00,985.9470692984146
2027-12-03 02:00:00+01:00,938.3415975196482
2027-12-03 03:00:00+01:00,991.0677870085474
2027-12-03 04:00:00+01:00,1130.709227319473
2027-12-03 05:00:00+01:00,1463.3357649607594
2027-12-03 06:00:00+01:00,1820.4969706475847
2027-12-03 07:00:00+01:00,2131.0265444693873
2027-12-03 08:00:00+01:00,2259.1262923300746
2027-12-03 09:00:00+01:00,2269.3125977620502
2027-12-03 10:00:00+01:00,2220.7851211197835
2027-12-03 11:00:00+01:00,2151.729216872444
2027-12-03 12:00:00+01:00,2107.7417949247265
2027-12-03 13:00:00+01:00,2087.7822829674
2027-12-03 14:00:00+01:00,2128.444638783974
2027-12-03 15:00:00+01:00,2304.1305330936348
2027-12-03 16:00:00+01:00,2492.7164520494503
2027-12-03 17:00:00+01:00,2622.588827556037
2027-12-03 18:00:00+01:00,2578.764571268666
2027-12-03 19:00:00+01:00,2438.6840363924553
2027-12-03 20:00:00+01:00,2207.506955827646
2027-12-03 21:00:00+01:00,1896.2467241908496
2027-12-03 22:00:00+01:00,1586.2620282356995
2027-12-03 23:00:00+01:00,1306.9245168146892
2027-12-04 00:00:00+01:00,966.9912310396132
2027-12-04 01:00:00+01:00,868.1518719312395
2027-12-04 02:00:00+01:00,837.2321269756604
2027-12-04 03:00:00+01:00,842.687690886331
2027-12-04 04:00:00+01:00,926.5564017591755
2027-12-04 05:00:00+01:00,1174.8505175863613
2027-12-04 06:00:00+01:00,1508.684601989874
2027-12-04 07:00:00+01:00,1827.1930247073096
2027-12-04 08:00:00+01:00,1981.3998504058252
2027-12-04 09:00:00+01:00,2006.444897141381
2027-12-04 10:00:00+01:00,1954.7530456145162
2027-12-04 11:00:00+01:00,1881.5006881055242
2027-12-04 12:00:00+01:00,1835.3408304224245
2027-12-04 13:00:00+01:00,1809.353702906807
2027-12-04 14:00:00+01:00,1841.8139240692349
2027-12-04 15:00:00+01:00,1993.118823804059
2027-12-04 16:00:00+01:00,2158.211992361861
2027-12-04 17:00:00+01:00,2251.077630862539
2027-12-04 18:00:00+01:00,2194.252258185527
2027-12-04 19:00:00+01:00,2083.6764890861505
2027-12-04 20:00:00+01:00,1925.183924646854
2027-12-04 21:00:00+01:00,1689.0106700525116
2027-12-04 22:00:00+01:00,1416.9635713370817
2027-12-04 23:00:00+01:00,1163.0745396150712
2027-12-05 00:00:00+01:00,982.1606679412928
2027-12-05 01:00:00+01:00,880.622313539325
2027-12-05 02:00:00+01:00,837.1225274818726
2027-12-05 03:00:00+01:00,838.3559109030256
2027-12-05 04:00:00+01:00,932.6433689592182
2027-12-05 05:00:00+01:00,1166.0544559851505
2027-12-05 06:00:00+01:00,1451.2529041772918
2027-12-05 07:00:00+01:00,1701.4661258885376
2027-12-05 08:00:00+01:00,1824.7228679673522
2027-12-05 09:00:00+01:00,1868.18410833429
2027-12-05 10:00:00+01:00,1865.804879247387
2027-12-05 11:00:00+01:00,1833.07277597104
2027-12-05 12:00:00+01:00,1791.9283613625082
2027-12-05 13:00:00+01:00,1737.1696710073436
2027-12-05 14:00:00+01:00,1737.180214094097
2027-12-05 15:00:00+01:00,1899.1088237876365
2027-12-05 16:00:00+01:00,2078.412797855379
2027-12-05 17:00:00+01:00,2207.8791159318002
2027-12-05 18:00:00+01:00,2194.608053709997
2027-12-05 19:00:00+01:00,2107.1890019290154
2027-12-05 20:00:00+01:00,1915.710677719373
2027-12-05 21:00:00+01:00,1612.2289026841931
2027-12-05 22:00:00+01:00,1333.594337393985
2027-12-05 23:00:00+01:00,1129.656398626315
2027-12-06 00:00:00+01:00,1137.7614752166567
2027-12-06 01:00:00+01:00,1053.1004621553777
2027-12-06 02:00:00+01:00,1028.2158608226032
2027-12-06 03:00:00+01:00,1057.7281976187803
2027-12-06 04:00:00+01:00,1170.4510355732552
2027-12-06 05:00:00+01:00,1426.1550639398615
2027-12-06 06:00:00+01:00,1732.2646304847462
2027-12-06 07:00:00+01:00,1981.2977687698822
2027-12-06 08:00:00+01:00,2065.3983130210613
2027-12-06 09:00:00+01:00,2049.5987838089477
2027-12-06 10:00:00+01:00,2009.6502923582098
2027-12-06 11:00:00+01:00,1983.5999072157501
2027-12-06 12:00:00+01:00,1962.2388363129762
2027-12-06 13:00:00+01:00,1960.221486397154
2027-12-06 14:00:00+01:00,2030.272752056129
2027-12-06 15:00:00+01:00,2265.9893102054707
2027-12-06 16:00:00+01:00,2491.166628790229
2027-12-06 17:00:00+01:00,2607.1950595718877
2027-12-06 18:00:00+01:00,2540.7238708723107
2027-12-06 19:00:00+01:00,2390.5227332000427
2027-12-06 20:00:00+01:00,2157.30154345923
2027-12-06 21:00:00+01:00,1824.0361713491207
2027-12-06 22:00:00+01:00,1514.189013475947
2027-12-06 23:00:00+01:00,1280.4195219333092
2027-12-07 00:00:00+01:00,1179.646249064836
2027-12-07 01:00:00+01:00,1110.2417473622959
2027-12-07 02:00:00+01:00,1090.4898156103015
2027-12-07 03:00:00+01:00,1109.5466457067917
2027-12-07 04:00:00+01:00,1210.7686725890019
2027-12-07 05:00:00+01:00,1428.6985849069906
2027-12-07 06:00:00+01:00,1701.3406902870345
2027-12-07 07:00:00+01:00,1938.926864165147
2027-12-07 08:00:00+01:00,2034.8248500861603
2027-12-07 09:00:00+01:00,2039.9048417837982
2027-12-07 10:00:00+01:00,1991.8233651138605
2027-12-07 11:00:00+01:00,1958.3389116740602
2027-12-07 12:00:00+01:00,1938.6727950017766
2027-12-07 13:00:00+01:00,1942.8837909662623
2027-12-07 14:00:00+01:00,2029.0765162794348
2027-12-07 15:00:00+01:00,2274.764444287138
2027-12-07 16:00:00+01:00,2533.4060383498186
2027-12-07 17:00:00+01:00,2670.4376648276025
2027-12-07 18:00:00+01:00,2610.5488578673126
2027-12-07 19:00:00+01:00,2434.390818293002
2027-12-07 20:00:00+01:00,2195.0742438417487
2027-12-07 21:00:00+01:00,1865.5402447217405
2027-12-07 22:00:00+01:00,1555.0996378814111
2027-12-07 23:00:00+01:00,1304.7883996366431
2027-12-08 00:00:00+01:00,1159.4704493745662
2027-12-08 01:00:00+01:00,1076.9999754637802
2027-12-08 02:00:00+01:00,1038.9549044172695
2027-12-08 03:00:00+01:00,1048.5447242038365
2027-12-08 04:00:00+01:00,1132.8464300603637
2027-12-08 05:00:00+01:00,1408.2601481715676
2027-12-08 06:00:00+01:00,1730.3250191976233
2027-12-08 07:00:00+01:00,2032.9222520244482
2027-12-08 08:00:00+01:00,2147.0381497447584
2027-12-08 09:00:00+01:00,2175.1664329122923
2027-12-08 10:00:00+01:00,2143.420618404259
2027-12-08 11:00:00+01:00,2094.3740189353102
2027-12-08 12:00:00+01:00,2056.7615277186205
2027-12-08 13:00:00+01:00,2028.0687871339617
2027-12-08 14:00:00+01:00,2078.368686429885
2027-12-08 15:00:00+01:00,2280.241912623199
2027-12-08 16:00:00+01:00,2495.557429558066
2027-12-08 17:00:00+01:00,2607.4147251878126
2027-12-08 18:00:00+01:00,2543.8451006000523
2027-12-08 19:00:00+01:00,2390.3991436265387
2027-12-08 20:00:00+01:00,2159.0363088517556
2027-12-08 21:00:00+01:00,1802.9586344432419
2027-12-08 22:00:00+01:00,1464.613523274383
2027-12-08 23:00:00+01:00,1202.0587288415043
2027-12-09 00:00:00+01:00,1088.3075411109282
2027-12-09 01:00:00+01:00,1008.9577794761942
2027-12-09 02:00:00+01:00,967.8148283177945
2027-12-09 03:00:00+01:00,971.2015977271997
2027-12-09 04:00:00+01:00,1089.3918073932361
2027-12-09 05:00:00+01:00,1390.7291957559405
2027-12-09 06:00:00+01:00,1727.4037853830225
2027-12-09 07:00:00+01:00,2009.2378725632138
2027-12-09 08:00:00+01:00,2125.0090312676325
2027-12-09 09:00:00+01:00,2160.5436335584573
2027-12-09 10:00:00+01:00,2132.174501888014
2027-12-09 11:00:00+01:00,2089.9998650155503
2027-12-09 12:00:00+01:00,2065.41283820669
2027-12-09 13:00:00+01:00,2044.1804524727584
2027-12-09 14:00:00+01:00,2077.629061844394
2027-12-09 15:00:00+01:00,2298.459569583864
2027-12-09 16:00:00+01:00,2548.654819378317
2027-12-09 17:00:00+01:00,2692.4149474000237
2027-12-09 18:00:00+01:00,2614.0505109206665
2027-12-09 19:00:00+01:00,2449.9907971208418
2027-12-09 20:00:00+01:00,2217.0530122543346
2027-12-09 21:00:00+01:00,1872.2737400554813
2027-12-09 22:00:00+01:00,1535.0920148984267
2027-12-09 23:00:00+01:00,1265.0874003647366
2027-12-10 00:00:00+01:00,1108.0814199768843
2027-12-10 01:00:00+01:00,1024.5665604826431
2027-12-10 02:00:00+01:00,996.6803061519284
2027-12-10 03:00:00+01:00,1014.3556956194562
2027-12-10 04:00:00+01:00,1109.9736328135525
2027-12-10 05:00:00+01:00,1368.9266276873348
2027-12-10 06:00:00+01:00,1694.804713909756
2027-12-10 07:00:00+01:00,2006.7898721582194
2027-12-10 08:00:00+01:00,2152.731458064385
2027-12-10 09:00:00+01:00,2191.2688504920143
2027-12-10 10:00:00+01:00,2179.72914012478
2027-12-10 11:00:00+01:00,2160.1203452240975
2027-12-10 12:00:00+01:00,2134.0557869673244
2027-12-10 13:00:00+01:00,2102.664988497668
2027-12-10 14:00:00+01:00,2101.0930211002883
2027-12-10 15:00:00+01:00,2260.7600468154387
2027-12-10 16:00:00+01:00,2469.0486588334406
2027-12-10 17:00:00+01:00,2599.875036615329
2027-12-10 18:00:00+01:00,2543.181522018573
2027-12-10 19:00:00+01:00,2373.7231703613857
2027-12-10 20:00:00+01:00,2170.4328566933223
2027-12-10 21:00:00+01:00,1864.6308814034637
2027-12-10 22:00:00+01:00,1530.7184175225232
2027-12-10 23:00:00+01:00,1242.0210886741274
2027-12-11 00:00:00+01:00,946.6917410743172
2027-12-11 01:00:00+01:00,887.398226041121
2027-12-11 02:00:00+01:00,873.0136591315617
2027-12-11 03:00:00+01:00,885.0133158944055
2027-12-11 04:00:00+01:00,962.1018091133707
2027-12-11 05:00:00+01:00,1184.244820648678
2027-12-11 06:00:00+01:00,1448.799302854329
2027-12-11 07:00:00+01:00,1696.084854849944
2027-12-11 08:00:00+01:00,1804.9263816887353
2027-12-11 09:00:00+01:00,1826.3768058974958
2027-12-11 10:00:00+01:00,1812.8857743778278
2027-12-11 11:00:00+01:00,1779.914541080143
2027-12-11 12:00:00+01:00,1778.4320465628823
2027-12-11 13:00:00+01:00,1773.9222165837975
2027-12-11 14:00:00+01:00,1819.8729820369686
2027-12-11 15:00:00+01:00,2004.6721178201346
2027-12-11 16:00:00+01:00,2204.549566448477
2027-12-11 17:00:00+01:00,2324.7587768599906
2027-12-11 18:00:00+01:00,2258.143313096401
2027-12-11 19:00:00+01:00,2112.0574522538745
2027-12-11 20:00:00+01:00,1909.3574460549999
2027-12-11 21:00:00+01:00,1618.9315997818073
2027-12-11 22:00:00+01:00,1336.627726978515
2027-12-11 23:00:00+01:00,1093.4229319043404
2027-12-12 00:00:00+01:00,943.9234794188102
2027-12-12 01:00:00+01:00,873.8796555017584
2027-12-12 02:00:00+01:00,862.2119306722296
2027-12-12 03:00:00+01:00,877.4203508853425
2027-12-12 04:00:00+01:00,958.9695334213901
2027-12-12 05:00:00+01:00,1172.7474441330805
2027-12-12 06:00:00+01:00,1440.642192403091
2027-12-12 07:00:00+01:00,1670.4626933528837
2027-12-12 08:00:00+01:00,1753.1611519228854
2027-12-12 09:00:00+01:00,1768.6956110148753
2027-12-12 10:00:00+01:00,1751.795435639567
2027-12-12 11:00:00+01:00,1735.9474155405512
2027-12-12 12:00:00+01:00,1699.7218280240738
2027-12-12 13:00:00+01:00,1677.32643143194
2027-12-12 14:00:00+01:00,1710.7461162657578
2027-12-12 15:00:00+01:00,1897.735149967623
2027-12-12 16:00:00+01:00,2113.5237159770522
2027-12-12 17:00:00+01:00,2241.4796805638075
2027-12-12 18:00:00+01:00,2187.6962018456184
2027-12-12 19:00:00+01:00,2024.5437621277674
2027-12-12 20:00:00+01:00,1817.851481388602
2027-12-12 21:00:00+01:00,1546.1614255415814
2027-12-12 22:00:00+01:00,1285.9101763219244
2027-12-12 23:00:00+01:00,1068.0045021225567
2027-12-13 00:00:00+01:00,1101.2511277989565
2027-12-13 01:00:00+01:00,1011.0539116497899
2027-12-13 02:00:00+01:00,972.5132184763893
2027-12-13 03:00:00+01:00,989.7634235371789
2027-12-13 04:00:00+01:00,1103.0795856884235
2027-12-13 05:00:00+01:00,1385.2133578640357
2027-12-13 06:00:00+01:00,1689.855684737746
2027-12-13 07:00:00+01:00,1967.2739976393475
2027-12-13 08:00:00+01:00,2072.4245132541846
2027-12-13 09:00:00+01:00,2106.948710930416
2027-12-13 10:00:00+01:00,2073.9018538313194
2027-12-13 11:00:00+01:00,2015.3079917573082
2027-12-13 12:00:00+01:00,1956.2232340292314
2027-12-13 13:00:00+01:00,1919.2407907767188
2027-12-13 14:00:00+01:00,1980.1729275116925
2027-12-13 15:00:00+01:00,2235.9275725330626
2027-12-13 16:00:00+01:00,2541.7542692724146
2027-12-13 17:00:00+01:00,2735.8444474596186
2027-12-13 18:00:00+01:00,2698.0892357948974
2027-12-13 19:00:00+01:00,2493.4241694553975
2027-12-13 20:00:00+01:00,2243.0449771977806
2027-12-13 21:00:00+01:00,1907.6571359946424
2027-12-13 22:00:00+01:00,1591.2758743414277
2027-12-13 23:00:00+01:00,1280.6768621731403
2027-12-14 00:00:00+01:00,1133.2900061415291
2027-12-14 01:00:00+01:00,1023.593978475124
2027-12-14 02:00:00+01:00,990.7282915227527
2027-12-14 03:00:00+01:00,1016.9210619768028
2027-12-14 04:00:00+01:00,1131.3204441759306
2027-12-14 05:00:00+01:00,1435.2226845612668
2027-12-14 06:00:00+01:00,1787.6274170722172
2027-12-14 07:00:00+01:00,2072.957742802067
2027-12-14 08:00:00+01:00,2166.9458280265294
2027-12-14 09:00:00+01:00,2153.5388728224107
2027-12-14 10:00:00+01:00,2119.1533337882815
2027-12-14 11:00:00+01:00,2079.196756521486
2027-12-14 12:00:00+01:00,2045.6339639000396
2027-12-14 13:00:00+01:00,2016.5103873161324
2027-12-14 14:00:00+01:00,2058.735881814762
2027-12-14 15:00:00+01:00,2287.032860742012
2027-12-14 16:00:00+01:00,2539.814248448423
2027-12-14 17:00:00+01:00,2676.593939469885
2027-12-14 18:00:00+01:00,2587.0720922029345
2027-12-14 19:00:00+01:00,2386.922266096891
2027-12-14 20:00:00+01:00,2145.4809409486325
2027-12-14 21:00:00+01:00,1815.0018544281886
2027-12-14 22:00:00+01:00,1519.9294585512189
2027-12-14 23:00:00+01:00,1282.5323021351703
2027-12-15 00:00:00+01:00,1128.4132271097112
2027-12-15 01:00:00+01:00,1052.064991208025
2027-12-15 02:00:00+01:00,1018.6964793777328
2027-12-15 03:00:00+01:00,1048.1100228177127
2027-12-15 04:00:00+01:00,1177.7827883690009
2027-12-15 05:00:00+01:00,1504.2050316930197
2027-12-15 06:00:00+01:00,1874.538542609297
2027-12-15 07:00:00+01:00,2146.1812480192357
2027-12-15 08:00:00+01:00,2196.069991225054
2027-12-15 09:00:00+01:00,2160.7705968443033
2027-12-15 10:00:00+01:00,2128.737536331329
2027-12-15 11:00:00+01:00,2100.5364851714858
2027-12-15 12:00:00+01:00,2057.6695062558842
2027-12-15 13:00:00+01:00,1999.6167755390097
2027-12-15 14:00:00+01:00,1992.7292167286696
2027-12-15 15:00:00+01:00,2148.73432347833
2027-12-15 16:00:00+01:00,2378.9410721395807
2027-12-15 17:00:00+01:00,2560.5150381196445
2027-12-15 18:00:00+01:00,2545.101488643586
2027-12-15 19:00:00+01:00,2397.055787450865
2027-12-15 20:00:00+01:00,2168.6288215959003
2027-12-15 21:00:00+01:00,1863.416533751775
2027-12-15 22:00:00+01:00,1577.5359036359705
2027-12-15 23:00:00+01:00,1322.131486031371
2027-12-16 00:00:00+01:00,1202.1906809879995
2027-12-16 01:00:00+01:00,1114.8576190594208
2027-12-16 02:00:00+01:00,1075.572149323556
2027-12-16 03:00:00+01:00,1050.3450166651057
2027-12-16 04:00:00+01:00,1112.7835819090585
2027-12-16 05:00:00+01:00,1367.4103153886917
2027-12-16 06:00:00+01:00,1676.0146547856534
2027-12-16 07:00:00+01:00,1943.7535051153877
2027-12-16 08:00:00+01:00,2053.6799690837684
2027-12-16 09:00:00+01:00,2084.3177104761976
2027-12-16 10:00:00+01:00,2087.507174859291
2027-12-16 11:00:00+01:00,2074.369664427889
2027-12-16 12:00:00+01:00,2066.468957990889
2027-12-16 13:00:00+01:00,2036.2135490780688
2027-12-16 14:00:00+01:00,2047.8703786708259
2027-12-16 15:00:00+01:00,2253.0102437967985
2027-12-16 16:00:00+01:00,2510.657256529205
2027-12-16 17:00:00+01:00,2701.9197971941626
2027-12-16 18:00:00+01:00,2643.073554613234
2027-12-16 19:00:00+01:00,2473.6074429910227
2027-12-16 20:00:00+01:00,2227.061240706124
2027-12-16 21:00:00+01:00,1910.4321205992333
2027-12-16 22:00:00+01:00,1588.660949243045
2027-12-16 23:00:00+01:00,1300.9746593218788
2027-12-17 00:00:00+01:00,1124.5603001431284
2027-12-17 01:00:00+01:00,1018.9940744732337
2027-12-17 02:00:00+01:00,975.8062273928241
2027-12-17 03:00:00+01:00,983.9472552171628
2027-12-17 04:00:00+01:00,1077.7324334379525
2027-12-17 05:00:00+01:00,1371.9944560650474
2027-12-17 06:00:00+01:00,1720.9350651324528
2027-12-17 07:00:00+01:00,2018.5119271489784
2027-12-17 08:00:00+01:00,2106.723935636658
2027-12-17 09:00:00+01:00,2120.9057119883482
2027-12-17 10:00:00+01:00,2098.2892050894216
2027-12-17 11:00:00+01:00,2097.5874103474193
2027-12-17 12:00:00+01:00,2089.0873837659765
2027-12-17 13:00:00+01:00,2079.8506455550173
2027-12-17 14:00:00+01:00,2079.1230168513757
2027-12-17 15:00:00+01:00,2246.839727238425
2027-12-17 16:00:00+01:00,2463.935483393299
2027-12-17 17:00:00+01:00,2626.64192314467
2027-12-17 18:00:00+01:00,2592.4034936757075
2027-12-17 19:00:00+01:00,2451.313178228905
2027-12-17 20:00:00+01:00,2248.874889672268
2027-12-17 21:00:00+01:00,1942.12966994764
2027-12-17 22:00:00+01:00,1623.4570865753285
2027-12-17 23:00:00+01:00,1341.719498953099
2027-12-18 00:00:00+01:00,1017.6492196699343
2027-12-18 01:00:00+01:00,942.0533504404533
2027-12-18 02:00:00+01:00,917.3875581888815
2027-12-18 03:00:00+01:00,920.7196354529235
2027-12-18 04:00:00+01:00,983.86246761381
2027-12-18 05:00:00+01:00,1187.0505446506947
2027-12-18 06:00:00+01:00,1465.0063819499005
2027-12-18 07:00:00+01:00,1716.6081087873793
2027-12-18 08:00:00+01:00,1833.073083276171
2027-12-18 09:00:00+01:00,1846.3285364541105
2027-12-18 10:00:00+01:00,1839.6424471958503
2027-12-18 11:00:00+01:00,1814.6097975967668
2027-12-18 12:00:00+01:00,1782.308861169547
2027-12-18 13:00:00+01:00,1743.3864523677014
2027-12-18 14:00:00+01:00,1758.6540910498315
2027-12-18 15:00:00+01:00,1921.2691706293965
2027-12-18 16:00:00+01:00,2112.562621077339
2027-12-18 17:00:00+01:00,2233.3068934808994
2027-12-18 18:00:00+01:00,2205.025653413395
2027-12-18 19:00:00+01:00,2100.3223585853943
2027-12-18 20:00:00+01:00,1937.5253768631067
2027-12-18 21:00:00+01:00,1654.6272292303179
2027-12-18 22:00:00+01:00,1358.7435614966403
2027-12-18 23:00:00+01:00,1104.5289058160845
2027-12-19 00:00:00+01:00,960.3994752816177
2027-12-19 01:00:00+01:00,893.3206328012147
2027-12-19 02:00:00+01:00,860.9140707003711
2027-12-19 03:00:00+01:00,857.0387009370467
2027-12-19 04:00:00+01:00,928.4704223101475
2027-12-19 05:00:00+01:00,1131.5945816906258
2027-12-19 06:00:00+01:00,1381.8644372250408
2027-12-19 07:00:00+01:00,1620.4985114691585
2027-12-19 08:00:00+01:00,1725.5143037345292
2027-12-19 09:00:00+01:00,1773.4936693805125
2027-12-19 10:00:00+01:00,1750.5542233705414
2027-12-19 11:00:00+01:00,1732.6271446581231
2027-12-19 12:00:00+01:00,1686.5574739102296
2027-12-19 13:00:00+01:00,1663.3690602798213
2027-12-19 14:00:00+01:00,1696.9120810930367
2027-12-19 15:00:00+01:00,1876.3599556727474
2027-12-19 16:00:00+01:00,2098.607728195624
2027-12-19 17:00:00+01:00,2244.496940543662
2027-12-19 18:00:00+01:00,2233.2496363343926
2027-12-19 19:00:00+01:00,2108.0735424383306
2027-12-19 20:00:00+01:00,1908.1700511169568
2027-12-19 21:00:00+01:00,1612.7749970442999
2027-12-19 22:00:00+01:00,1333.7667099007263
2027-12-19 23:00:00+01:00,1107.50681750965
2027-12-20 00:00:00+01:00,1187.63670195555
2027-12-20 01:00:00+01:00,1086.2602017014524
2027-12-20 02:00:00+01:00,1047.009500911977
2027-12-20 03:00:00+01:00,1068.7238352921488
2027-12-20 04:00:00+01:00,1170.7047626728192
2027-12-20 05:00:00+01:00,1425.5408901541846
2027-12-20 06:00:00+01:00,1718.1876301910784
2027-12-20 07:00:00+01:00,1991.5965075998404
2027-12-20 08:00:00+01:00,2131.2548301218976
2027-12-20 09:00:00+01:00,2182.2291828848893
2027-12-20 10:00:00+01:00,2166.355896549859
2027-12-20 11:00:00+01:00,2108.3426987238727
2027-12-20 12:00:00+01:00,2044.1904063104741
2027-12-20 13:00:00+01:00,1990.8134303589507
2027-12-20 14:00:00+01:00,2009.0666972580887
2027-12-20 15:00:00+01:00,2202.2702779417777
2027-12-20 16:00:00+01:00,2426.515907644881
2027-12-20 17:00:00+01:00,2594.258112395165
2027-12-20 18:00:00+01:00,2586.753850257214
2027-12-20 19:00:00+01:00,2505.3653710271346
2027-12-20 20:00:00+01:00,2331.4854314655827
2027-12-20 21:00:00+01:00,2035.927807223464
2027-12-20 22:00:00+01:00,1727.1903520700664
2027-12-20 23:00:00+01:00,1467.5952304936213
2027-12-21 00:00:00+01:00,1324.229225217383
2027-12-21 01:00:00+01:00,1218.2819159732364
2027-12-21 02:00:00+01:00,1139.2844411895605
2027-12-21 03:00:00+01:00,1109.147751324872
2027-12-21 04:00:00+01:00,1170.4316431616228
2027-12-21 05:00:00+01:00,1391.1993787252852
2027-12-21 06:00:00+01:00,1673.1401914890382
2027-12-21 07:00:00+01:00,1923.3227532801498
2027-12-21 08:00:00+01:00,2048.5650509465972
2027-12-21 09:00:00+01:00,2074.7963374443852
2027-12-21 10:00:00+01:00,2065.8935989217753
2027-12-21 11:00:00+01:00,2042.1291082080818
2027-12-21 12:00:00+01:00,2040.6811327738505
2027-12-21 13:00:00+01:00,2035.54882444861
2027-12-21 14:00:00+01:00,2078.2210461700433
2027-12-21 15:00:00+01:00,2279.4186311488656
2027-12-21 16:00:00+01:00,2520.6130362395147
2027-12-21 17:00:00+01:00,2677.617994972237
2027-12-21 18:00:00+01:00,2650.116039805465
2027-12-21 19:00:00+01:00,2520.0344533453385
2027-12-21 20:00:00+01:00,2343.337638971488
2027-12-21 21:00:00+01:00,2045.4390705819567
2027-12-21 22:00:00+01:00,1721.5044412068487
2027-12-21 23:00:00+01:00,1433.013606152615
2027-12-22 00:00:00+01:00,1244.2266044976143
2027-12-22 01:00:00+01:00,1112.2263741081763
2027-12-22 02:00:00+01:00,1017.6292803797207
2027-12-22 03:00:00+01:00,1013.4162039598002
2027-12-22 04:00:00+01:00,1111.343692371143
2027-12-22 05:00:00+01:00,1369.4231988258857
2027-12-22 06:00:00+01:00,1655.0664159746038
2027-12-22 07:00:00+01:00,1908.7400033166443
2027-12-22 08:00:00+01:00,2009.841912581461
2027-12-22 09:00:00+01:00,2042.142189732718
2027-12-22 10:00:00+01:00,2036.7723962937107
2027-12-22 11:00:00+01:00,2033.6370910723426
2027-12-22 12:00:00+01:00,2026.1140697771373
2027-12-22 13:00:00+01:00,2025.250379826417
2027-12-22 14:00:00+01:00,2072.831313195908
2027-12-22 15:00:00+01:00,2307.9948560884295
2027-12-22 16:00:00+01:00,2580.8738126312865
2027-12-22 17:00:00+01:00,2784.2308904030183
2027-12-22 18:00:00+01:00,2758.055625384057
2027-12-22 19:00:00+01:00,2634.7219028282784
2027-12-22 20:00:00+01:00,2430.5232059130435
2027-12-22 21:00:00+01:00,2108.6639729795347
2027-12-22 22:00:00+01:00,1769.4413116573292
2027-12-22 23:00:00+01:00,1481.057550744425
2027-12-23 00:00:00+01:00,1304.6674521814164
2027-12-23 01:00:00+01:00,1162.8956464322212
2027-12-23 02:00:00+01:00,1069.4717696781124
2027-12-23 03:00:00+01:00,1038.1531731031498
2027-12-23 04:00:00+01:00,1115.1351988695164
2027-12-23 05:00:00+01:00,1329.8470906613215
2027-12-23 06:00:00+01:00,1580.3918848176565
2027-12-23 07:00:00+01:00,1818.5395905859766
2027-12-23 08:00:00+01:00,1940.943249569496
2027-12-23 09:00:00+01:00,2002.6511375197779
2027-12-23 10:00:00+01:00,2019.0395127042175
2027-12-23 11:00:00+01:00,2011.0575784968657
2027-12-23 12:00:00+01:00,1993.1206694151515
2027-12-23 13:00:00+01:00,2003.6423174831866
2027-12-23 14:00:00+01:00,2075.6826100754342
2027-12-23 15:00:00+01:00,2338.317130235375
2027-12-23 16:00:00+01:00,2608.7722402671056
2027-12-23 17:00:00+01:00,2780.6749198398625
2027-12-23 18:00:00+01:00,2726.0291284446466
2027-12-23 19:00:00+01:00,2566.6566610926684
2027-12-23 20:00:00+01:00,2373.1519339873
2027-12-23 21:00:00+01:00,2088.880006411919
2027-12-23 22:00:00+01:00,1812.0518227413588
2027-12-23 23:00:00+01:00,1538.931722886732
2027-12-24 00:00:00+01:00,1340.3078201781104
2027-12-24 01:00:00+01:00,1183.4347123338866
2027-12-24 02:00:00+01:00,1085.7601259783485
2027-12-24 03:00:00+01:00,1045.574739483916
2027-12-24 04:00:00+01:00,1082.742941423229
2027-12-24 05:00:00+01:00,1225.6780727227328
2027-12-24 06:00:00+01:00,1424.3025635763156
2027-12-24 07:00:00+01:00,1636.2625450095934
2027-12-24 08:00:00+01:00,1789.8862982753935
2027-12-24 09:00:00+01:00,1880.3668433506627
2027-12-24 10:00:00+01:00,1894.452370275768
2027-12-24 11:00:00+01:00,1830.840657626223
2027-12-24 12:00:00+01:00,1751.3182737360314
2027-12-24 13:00:00+01:00,1714.8548034493263
2027-12-24 14:00:00+01:00,1790.0616164441383
2027-12-24 15:00:00+01:00,2104.1682947689565
2027-12-24 16:00:00+01:00,2449.594922719664
2027-12-24 17:00:00+01:00,2699.0581582254495
2027-12-24 18:00:00+01:00,2687.324150506758
2027-12-24 19:00:00+01:00,2574.4297103506688
2027-12-24 20:00:00+01:00,2431.852002219888
2027-12-24 21:00:00+01:00,2227.580979108393
2027-12-24 22:00:00+01:00,1988.451613671209
2027-12-24 23:00:00+01:00,1705.9871991491195
2027-12-25 00:00:00+01:00,1234.4736191113384
2027-12-25 01:00:00+01:00,1079.229175798668
2027-12-25 02:00:00+01:00,998.9758398269894
2027-12-25 03:00:00+01:00,968.0982262588185
2027-12-25 04:00:00+01:00,1001.4164876676296
2027-12-25 05:00:00+01:00,1099.9219772014278
2027-12-25 06:00:00+01:00,1227.8471227445943
2027-12-25 07:00:00+01:00,1371.6204238912746
2027-12-25 08:00:00+01:00,1480.6786984366076
2027-12-25 09:00:00+01:00,1543.6806865907308
2027-12-25 10:00:00+01:00,1549.7157553810653
2027-12-25 11:00:00+01:00,1515.1083964085751
2027-12-25 12:00:00+01:00,1489.2250710723447
2027-12-25 13:00:00+01:00,1491.5955628032823
2027-12-25 14:00:00+01:00,1567.3830297743405
2027-12-25 15:00:00+01:00,1800.2702752444793
2027-12-25 16:00:00+01:00,2067.6216732446824
2027-12-25 17:00:00+01:00,2286.080640833714
2027-12-25 18:00:00+01:00,2314.9542821118443
2027-12-25 19:00:00+01:00,2227.272910465746
2027-12-25 20:00:00+01:00,2063.390454019305
2027-12-25 21:00:00+01:00,1842.0245801504593
2027-12-25 22:00:00+01:00,1599.0448684456628
2027-12-25 23:00:00+01:00,1341.8149210071485
2027-12-26 00:00:00+01:00,1115.7192784302551
2027-12-26 01:00:00+01:00,963.7824967004738
2027-12-26 02:00:00+01:00,886.8104787841891
2027-12-26 03:00:00+01:00,860.2615260366044
2027-12-26 04:00:00+01:00,924.00322071303
2027-12-26 05:00:00+01:00,1073.4923281556053
2027-12-26 06:00:00+01:00,1237.266542436579
2027-12-26 07:00:00+01:00,1396.4658125123947
2027-12-26 08:00:00+01:00,1509.2140857410113
2027-12-26 09:00:00+01:00,1576.9331604654167
2027-12-26 10:00:00+01:00,1614.3580621471071
2027-12-26 11:00:00+01:00,1614.2116455423754
2027-12-26 12:00:00+01:00,1598.4820112061213
2027-12-26 13:00:00+01:00,1578.5622652071881
2027-12-26 14:00:00+01:00,1606.0362762427342
2027-12-26 15:00:00+01:00,1773.7975145239577
2027-12-26 16:00:00+01:00,1989.5199718431468
2027-12-26 17:00:00+01:00,2155.7592795491323
2027-12-26 18:00:00+01:00,2166.035058333867
2027-12-26 19:00:00+01:00,2065.8347913987222
2027-12-26 20:00:00+01:00,1897.8415519006078
2027-12-26 21:00:00+01:00,1651.9208006530914
2027-12-26 22:00:00+01:00,1402.5167606703608
2027-12-26 23:00:00+01:00,1174.7920518707467
2027-12-27 00:00:00+01:00,1253.7980275945258
2027-12-27 01:00:00+01:00,1137.3103512993202
2027-12-27 02:00:00+01:00,1094.2611951309545
2027-12-27 03:00:00+01:00,1112.3994476195273
2027-12-27 04:00:00+01:00,1194.4845783235698
2027-12-27 05:00:00+01:00,1369.4554275760875
2027-12-27 06:00:00+01:00,1584.6595716614345
2027-12-27 07:00:00+01:00,1800.5833123036093
2027-12-27 08:00:00+01:00,1939.217561601404
2027-12-27 09:00:00+01:00,2004.7660393822641
2027-12-27 10:00:00+01:00,2001.3938077251514
2027-12-27 11:00:00+01:00,1960.6841175047412
2027-12-27 12:00:00+01:00,1920.1004880260523
2027-12-27 13:00:00+01:00,1892.2850701394113
2027-12-27 14:00:00+01:00,1933.1017558758983
2027-12-27 15:00:00+01:00,2174.1121941734846
2027-12-27 16:00:00+01:00,2473.038557364415
2027-12-27 17:00:00+01:00,2703.018291960643
2027-12-27 18:00:00+01:00,2689.588644892336
2027-12-27 19:00:00+01:00,2527.219745660714
2027-12-27 20:00:00+01:00,2270.7272797178452
2027-12-27 21:00:00+01:00,1943.6954734716728
2027-12-27 22:00:00+01:00,1649.6431599322482
2027-12-27 23:00:00+01:00,1406.5619622006723
2027-12-28 00:00:00+01:00,1277.967017339726
2027-12-28 01:00:00+01:00,1171.6871819870428
2027-12-28 02:00:00+01:00,1123.7557218462653
2027-12-28 03:00:00+01:00,1112.2342826191825
2027-12-28 04:00:00+01:00,1183.0742516755795
2027-12-28 05:00:00+01:00,1358.9132385584194
2027-12-28 06:00:00+01:00,1584.0513659912738
2027-12-28 07:00:00+01:00,1794.4122625819857
2027-12-28 08:00:00+01:00,1959.3140884609045
2027-12-28 09:00:00+01:00,2066.329386657761
2027-12-28 10:00:00+01:00,2107.2270715446994
2027-12-28 11:00:00+01:00,2072.4512868322718
2027-12-28 12:00:00+01:00,2013.3465851142996
2027-12-28 13:00:00+01:00,1993.7836027453386
2027-12-28 14:00:00+01:00,2058.441366591615
2027-12-28 15:00:00+01:00,2308.8249611840793
2027-12-28 16:00:00+01:00,2586.5637595468693
2027-12-28 17:00:00+01:00,2769.0127929802607
2027-12-28 18:00:00+01:00,2737.531393826514
2027-12-28 19:00:00+01:00,2568.6278011035033
2027-12-28 20:00:00+01:00,2305.6611322949916
2027-12-28 21:00:00+01:00,1968.0967795041179
2027-12-28 22:00:00+01:00,1623.7188504006972
2027-12-28 23:00:00+01:00,1344.423928949935
2027-12-29 00:00:00+01:00,1173.7533440246746
2027-12-29 01:00:00+01:00,1069.9860686277261
2027-12-29 02:00:00+01:00,1023.173338619993
2027-12-29 03:00:00+01:00,1023.0975487256122
2027-12-29 04:00:00+01:00,1107.6216781685805
2027-12-29 05:00:00+01:00,1311.7115025763994
2027-12-29 06:00:00+01:00,1556.429122167946
2027-12-29 07:00:00+01:00,1792.2461098111914
2027-12-29 08:00:00+01:00,1926.654552425703
2027-12-29 09:00:00+01:00,1998.1723925693393
2027-12-29 10:00:00+01:00,1985.9078223747297
2027-12-29 11:00:00+01:00,1940.7955356478444
2027-12-29 12:00:00+01:00,1897.5162566748277
2027-12-29 13:00:00+01:00,1896.7382495118325
2027-12-29 14:00:00+01:00,1985.7812491299317
2027-12-29 15:00:00+01:00,2272.277697378754
2027-12-29 16:00:00+01:00,2604.0940397348504
2027-12-29 17:00:00+01:00,2850.511009765505
2027-12-29 18:00:00+01:00,2870.860150320551
2027-12-29 19:00:00+01:00,2740.381379433321
2027-12-29 20:00:00+01:00,2470.381555077796
2027-12-29 21:00:00+01:00,2087.6965027316655
2027-12-29 22:00:00+01:00,1707.87534484457
2027-12-29 23:00:00+01:00,1411.3421020748763
2027-12-30 00:00:00+01:00,1208.231030324111
2027-12-30 01:00:00+01:00,1091.6536443857683
2027-12-30 02:00:00+01:00,1042.2288481301216
2027-12-30 03:00:00+01:00,1051.6173920985584
2027-12-30 04:00:00+01:00,1126.985658794859
2027-12-30 05:00:00+01:00,1319.2871588237192
2027-12-30 06:00:00+01:00,1554.5925596709753
2027-12-30 07:00:00+01:00,1787.2568816686896
2027-12-30 08:00:00+01:00,1927.1412062820364
2027-12-30 09:00:00+01:00,1991.1121701018278
2027-12-30 10:00:00+01:00,1982.9662550389899
2027-12-30 11:00:00+01:00,1937.344357436695
2027-12-30 12:00:00+01:00,1893.087557745974
2027-12-30 13:00:00+01:00,1877.062732557958
2027-12-30 14:00:00+01:00,1930.880558457461
2027-12-30 15:00:00+01:00,2196.270520897217
2027-12-30 16:00:00+01:00,2520.315868944256
2027-12-30 17:00:00+01:00,2756.7849474236655
2027-12-30 18:00:00+01:00,2723.67669481064
2027-12-30 19:00:00+01:00,2553.3227969580357
2027-12-30 20:00:00+01:00,2356.875690795098
2027-12-30 21:00:00+01:00,2125.643692213903
2027-12-30 22:00:00+01:00,1894.695248611796
2027-12-30 23:00:00+01:00,1541.7667227411212
2027-12-31 00:00:00+01:00,1260.659412106428
2027-12-31 01:00:00+01:00,1016.6203274355445
2027-12-31 02:00:00+01:00,965.6445196501096
2027-12-31 03:00:00+01:00,995.5132099861007
2027-12-31 04:00:00+01:00,1122.0082127773433
2027-12-31 05:00:00+01:00,1324.983728225196
2027-12-31 06:00:00+01:00,1541.5806178582823
2027-12-31 07:00:00+01:00,1746.6714157027282
2027-12-31 08:00:00+01:00,1890.3972305470008
2027-12-31 09:00:00+01:00,1954.6835546641694
2027-12-31 10:00:00+01:00,1950.958903844344
2027-12-31 11:00:00+01:00,1941.4911571633324
2027-12-31 12:00:00+01:00,1942.8053875373364
2027-12-31 13:00:00+01:00,1945.6866151701397
2027-12-31 14:00:00+01:00,1947.297470592663
2027-12-31 15:00:00+01:00,2166.132089646442
2027-12-31 16:00:00+01:00,2443.366341039571
2027-12-31 17:00:00+01:00,2659.6651623968314
2027-12-31 18:00:00+01:00,2604.9557685343634
2027-12-31 19:00:00+01:00,2418.428553249502
2027-12-31 20:00:00+01:00,2229.2726959719316
2027-12-31 21:00:00+01:00,2158.1870303951455
2027-12-31 22:00:00+01:00,2142.8514936021948
2027-12-31 23:00:00+01:00,2028.9324246031942
2028-01-01 00:00:00+01:00,1563.9652326309426
2028-01-01 01:00:00+01:00,1342.3733965786623
2028-01-01 02:00:00+01:00,1213.387302417434
2028-01-01 03:00:00+01:00,1130.8070494258743
2028-01-01 04:00:00+01:00,1089.0081287720081
2028-01-01 05:00:00+01:00,1110.3376906929605
2028-01-01 06:00:00+01:00,1133.076443641197
2028-01-01 07:00:00+01:00,1182.9546481325149
2028-01-01 08:00:00+01:00,1232.8352611873777
2028-01-01 09:00:00+01:00,1289.8022363189777
2028-01-01 10:00:00+01:00,1351.6496340296326
2028-01-01 11:00:00+01:00,1369.829071547075
2028-01-01 12:00:00+01:00,1396.016373592083
2028-01-01 13:00:00+01:00,1428.2007865046403
2028-01-01 14:00:00+01:00,1538.440141531
2028-01-01 15:00:00+01:00,1833.2737893124634
2028-01-01 16:00:00+01:00,2197.587290422042
2028-01-01 17:00:00+01:00,2481.2946256274113
2028-01-01 18:00:00+01:00,2535.5114121652937
2028-01-01 19:00:00+01:00,2413.785969959079
2028-01-01 20:00:00+01:00,2228.815534913817
2028-01-01 21:00:00+01:00,1964.1451642720547
2028-01-01 22:00:00+01:00,1661.5248873700457
2028-01-01 23:00:00+01:00,1377.8180878409626
2028-01-02 00:00:00+01:00,1134.3426862186047
2028-01-02 01:00:00+01:00,1036.6834161677764
2028-01-02 02:00:00+01:00,973.4942740407247
2028-01-02 03:00:00+01:00,929.7751581328938
2028-01-02 04:00:00+01:00,950.4017855356608
2028-01-02 05:00:00+01:00,1059.4957438303895
2028-01-02 06:00:00+01:00,1196.847178760418
2028-01-02 07:00:00+01:00,1355.8549482175758
2028-01-02 08:00:00+01:00,1474.271962673197
2028-01-02 09:00:00+01:00,1557.621081405502
2028-01-02 10:00:00+01:00,1578.36493911216
2028-01-02 11:00:00+01:00,1568.1079924574403
2028-01-02 12:00:00+01:00,1549.9227662201515
2028-01-02 13:00:00+01:00,1572.3324462152634
2028-01-02 14:00:00+01:00,1631.3415964306494
2028-01-02 15:00:00+01:00,1866.3615958198354
2028-01-02 16:00:00+01:00,2144.8989231737487
2028-01-02 17:00:00+01:00,2376.737284352043
2028-01-02 18:00:00+01:00,2392.001078248463
2028-01-02 19:00:00+01:00,2251.7418927857016
2028-01-02 20:00:00+01:00,2039.4579945983792
2028-01-02 21:00:00+01:00,1741.9634041121813
2028-01-02 22:00:00+01:00,1466.1399375819456
2028-01-02 23:00:00+01:00,1189.2207627539883
2028-01-03 00:00:00+01:00,1205.999677751008
2028-01-03 01:00:00+01:00,1052.6718881866154
2028-01-03 02:00:00+01:00,991.505288126481
2028-01-03 03:00:00+01:00,978.2163009810176
2028-01-03 04:00:00+01:00,1051.7282009694175
2028-01-03 05:00:00+01:00,1255.1166676773469
2028-01-03 06:00:00+01:00,1508.2681145593262
2028-01-03 07:00:00+01:00,1758.721829044179
2028-01-03 08:00:00+01:00,1921.4215823609538
2028-01-03 09:00:00+01:00,2011.0673943709753
2028-01-03 10:00:00+01:00,2040.5543614101748
2028-01-03 11:00:00+01:00,2018.9835096315273
2028-01-03 12:00:00+01:00,1987.521364378155
2028-01-03 13:00:00+01:00,1966.7224278084675
2028-01-03 14:00:00+01:00,2016.7690874794614
2028-01-03 15:00:00+01:00,2248.5200714859666
2028-01-03 16:00:00+01:00,2524.3764173602735
2028-01-03 17:00:00+01:00,2733.211743839582
2028-01-03 18:00:00+01:00,2706.3124602165967
2028-01-03 19:00:00+01:00,2529.3529187685685
2028-01-03 20:00:00+01:00,2252.10313064084
2028-01-03 21:00:00+01:00,1925.8354142364128
2028-01-03 22:00:00+01:00,1608.5951768874716
2028-01-03 23:00:00+01:00,1336.617938993804
2028-01-04 00:00:00+01:00,1186.2469446931698
2028-01-04 01:00:00+01:00,1067.0550261425994
2028-01-04 02:00:00+01:00,1014.0374795235537
2028-01-04 03:00:00+01:00,1016.5076367385323
2028-01-04 04:00:00+01:00,1101.3440102424474
2028-01-04 05:00:00+01:00,1313.4626340387529
2028-01-04 06:00:00+01:00,1584.37840047914
2028-01-04 07:00:00+01:00,1835.4575388761662
2028-01-04 08:00:00+01:00,1990.34933148092
2028-01-04 09:00:00+01:00,2080.995674809157
2028-01-04 10:00:00+01:00,2100.2295535976154
2028-01-04 11:00:00+01:00,2073.7533406576686
2028-01-04 12:00:00+01:00,2014.1600418640448
2028-01-04 13:00:00+01:00,1971.1886671245068
2028-01-04 14:00:00+01:00,2005.2288222608483
2028-01-04 15:00:00+01:00,2234.741519318782
2028-01-04 16:00:00+01:00,2536.9590668790793
2028-01-04 17:00:00+01:00,2758.880904954707
2028-01-04 18:00:00+01:00,2760.8078191620666
2028-01-04 19:00:00+01:00,2607.9434620130633
2028-01-04 20:00:00+01:00,2332.915100165601
2028-01-04 21:00:00+01:00,1986.162436197989
2028-01-04 22:00:00+01:00,1637.570080716691
2028-01-04 23:00:00+01:00,1362.0932314215165
2028-01-05 00:00:00+01:00,1194.2045343252926
2028-01-05 01:00:00+01:00,1119.7412336907905
2028-01-05 02:00:00+01:00,1114.8127146875595
2028-01-05 03:00:00+01:00,1125.4040496155283
2028-01-05 04:00:00+01:00,1194.6597597962937
2028-01-05 05:00:00+01:00,1373.988727851472
2028-01-05 06:00:00+01:00,1609.9970017154492
2028-01-05 07:00:00+01:00,1832.9962213838762
2028-01-05 08:00:00+01:00,1958.8486741770673
2028-01-05 09:00:00+01:00,2009.8906800801024
2028-01-05 10:00:00+01:00,2005.5797824508443
2028-01-05 11:00:00+01:00,1980.4863732116658
2028-01-05 12:00:00+01:00,1938.7536946796251
2028-01-05 13:00:00+01:00,1931.3540072236078
2028-01-05 14:00:00+01:00,1986.3678730188913
2028-01-05 15:00:00+01:00,2240.0728143600163
2028-01-05 16:00:00+01:00,2528.1386839431966
2028-01-05 17:00:00+01:00,2746.5448423737735
2028-01-05 18:00:00+01:00,2737.4364294666884
2028-01-05 19:00:00+01:00,2581.843619471295
2028-01-05 20:00:00+01:00,2313.9410218318726
2028-01-05 21:00:00+01:00,1978.9542069692643
2028-01-05 22:00:00+01:00,1648.4270125125863
2028-01-05 23:00:00+01:00,1401.0796210130902
2028-01-06 00:00:00+01:00,1259.3123553639903
2028-01-06 01:00:00+01:00,1163.8741303118702
2028-01-06 02:00:00+01:00,1124.7265163197028
2028-01-06 03:00:00+01:00,1135.8162964560247
2028-01-06 04:00:00+01:00,1229.491376442276
2028-01-06 05:00:00+01:00,1447.247548289946
2028-01-06 06:00:00+01:00,1710.3481770216636
2028-01-06 07:00:00+01:00,1965.8083130742953
2028-01-06 08:00:00+01:00,2074.234105394795
2028-01-06 09:00:00+01:00,2102.7926051353998
2028-01-06 10:00:00+01:00,2078.830805591155
2028-01-06 11:00:00+01:00,2054.904255152094
2028-01-06 12:00:00+01:00,2013.0671711817188
2028-01-06 13:00:00+01:00,1953.1709329216412
2028-01-06 14:00:00+01:00,1926.000953704492
2028-01-06 15:00:00+01:00,2083.494343701396
2028-01-06 16:00:00+01:00,2321.1835105334476
2028-01-06 17:00:00+01:00,2524.9073972133897
2028-01-06 18:00:00+01:00,2540.0300440485744
2028-01-06 19:00:00+01:00,2427.4012559958833
2028-01-06 20:00:00+01:00,2235.725319286331
2028-01-06 21:00:00+01:00,1958.7462640985505
2028-01-06 22:00:00+01:00,1702.0307942943784
2028-01-06 23:00:00+01:00,1469.1543115405166
2028-01-07 00:00:00+01:00,1309.3163294704989
2028-01-07 01:00:00+01:00,1200.942411057626
2028-01-07 02:00:00+01:00,1160.8410354271314
2028-01-07 03:00:00+01:00,1159.8042898217386
2028-01-07 04:00:00+01:00,1244.030843404913
2028-01-07 05:00:00+01:00,1476.5617232809916
2028-01-07 06:00:00+01:00,1745.5968105612867
2028-01-07 07:00:00+01:00,1991.5393946762492
2028-01-07 08:00:00+01:00,2085.705318330861
2028-01-07 09:00:00+01:00,2097.009702487313
2028-01-07 10:00:00+01:00,2041.9526298086323
2028-01-07 11:00:00+01:00,1974.9829945773758
2028-01-07 12:00:00+01:00,1915.5599128689346
2028-01-07 13:00:00+01:00,1872.5891924523428
2028-01-07 14:00:00+01:00,1891.2015923249987
2028-01-07 15:00:00+01:00,2093.003972523694
2028-01-07 16:00:00+01:00,2351.2876910800596
2028-01-07 17:00:00+01:00,2546.529141938673
2028-01-07 18:00:00+01:00,2548.1434403473468
2028-01-07 19:00:00+01:00,2425.8852277994315
2028-01-07 20:00:00+01:00,2214.6176106940047
2028-01-07 21:00:00+01:00,1915.4295535639717
2028-01-07 22:00:00+01:00,1618.394865321438
2028-01-07 23:00:00+01:00,1368.2714754335825
2028-01-08 00:00:00+01:00,1022.1203793527051
2028-01-08 01:00:00+01:00,941.1276753401772
2028-01-08 02:00:00+01:00,912.4559433941516
2028-01-08 03:00:00+01:00,920.525496309449
2028-01-08 04:00:00+01:00,999.8415238849756
2028-01-08 05:00:00+01:00,1194.7175509471574
2028-01-08 06:00:00+01:00,1447.5171103481744
2028-01-08 07:00:00+01:00,1691.4575077584645
2028-01-08 08:00:00+01:00,1816.0512251952134
2028-01-08 09:00:00+01:00,1857.637286471997
2028-01-08 10:00:00+01:00,1837.2537579161828
2028-01-08 11:00:00+01:00,1793.4752745659978
2028-01-08 12:00:00+01:00,1747.2584063336758
2028-01-08 13:00:00+01:00,1704.3171936382014
2028-01-08 14:00:00+01:00,1715.14898789932
2028-01-08 15:00:00+01:00,1870.1003908372902
2028-01-08 16:00:00+01:00,2084.4603727648664
2028-01-08 17:00:00+01:00,2249.449573332112
2028-01-08 18:00:00+01:00,2245.796771765041
2028-01-08 19:00:00+01:00,2107.8359364943412
2028-01-08 20:00:00+01:00,1894.3918785769022
2028-01-08 21:00:00+01:00,1601.8516939794447
2028-01-08 22:00:00+01:00,1310.2049756909062
2028-01-08 23:00:00+01:00,1082.3476219175532
2028-01-09 00:00:00+01:00,931.8901204752477
2028-01-09 01:00:00+01:00,875.405225140341
2028-01-09 02:00:00+01:00,851.3178135033492
2028-01-09 03:00:00+01:00,869.6583299931539
2028-01-09 04:00:00+01:00,930.4907215502644
2028-01-09 05:00:00+01:00,1111.6752044072325
2028-01-09 06:00:00+01:00,1343.3866595194697
2028-01-09 07:00:00+01:00,1568.7802909904265
2028-01-09 08:00:00+01:00,1699.7534049520177
2028-01-09 09:00:00+01:00,1760.2732561391535
2028-01-09 10:00:00+01:00,1772.5871863831192
2028-01-09 11:00:00+01:00,1749.95455115663
2028-01-09 12:00:00+01:00,1713.0609183561512
2028-01-09 13:00:00+01:00,1669.3340692130535
2028-01-09 14:00:00+01:00,1667.8583235392764
2028-01-09 15:00:00+01:00,1822.1798019264027
2028-01-09 16:00:00+01:00,2039.621720701918
2028-01-09 17:00:00+01:00,2202.20886774068
2028-01-09 18:00:00+01:00,2183.2358061624736
2028-01-09 19:00:00+01:00,2032.2956177337942
2028-01-09 20:00:00+01:00,1827.6474977392968
2028-01-09 21:00:00+01:00,1584.520689742395
2028-01-09 22:00:00+01:00,1359.926934506641
2028-01-09 23:00:00+01:00,1155.3730433331318
2028-01-10 00:00:00+01:00,1212.2201195919083
2028-01-10 01:00:00+01:00,1094.984295739408
2028-01-10 02:00:00+01:00,1050.9626957179005
2028-01-10 03:00:00+01:00,1058.7021273254973
2028-01-10 04:00:00+01:00,1137.4402523022325
2028-01-10 05:00:00+01:00,1347.5811686233453
2028-01-10 06:00:00+01:00,1626.1091819109045
2028-01-10 07:00:00+01:00,1920.013951830924
2028-01-10 08:00:00+01:00,2092.145488263882
2028-01-10 09:00:00+01:00,2180.849318531126
2028-01-10 10:00:00+01:00,2192.2558378833164
2028-01-10 11:00:00+01:00,2165.5900456451454
2028-01-10 12:00:00+01:00,2103.039740540367
2028-01-10 13:00:00+01:00,2026.4292281987696
2028-01-10 14:00:00+01:00,1995.7070441318572
2028-01-10 15:00:00+01:00,2145.931934601892
2028-01-10 16:00:00+01:00,2387.8147661852117
2028-01-10 17:00:00+01:00,2564.5083857242535
2028-01-10 18:00:00+01:00,2531.5600092346585
2028-01-10 19:00:00+01:00,2357.4444047159213
2028-01-10 20:00:00+01:00,2127.4101792166844
2028-01-10 21:00:00+01:00,1840.2681259526246
2028-01-10 22:00:00+01:00,1563.965225868396
2028-01-10 23:00:00+01:00,1322.645041168236
2028-01-11 00:00:00+01:00,1160.5633657493663
2028-01-11 01:00:00+01:00,1051.8338631899303
2028-01-11 02:00:00+01:00,1015.264467958303
2028-01-11 03:00:00+01:00,1031.8854623760205
2028-01-11 04:00:00+01:00,1146.0183934875827
2028-01-11 05:00:00+01:00,1380.9866341712618
2028-01-11 06:00:00+01:00,1686.404926067721
2028-01-11 07:00:00+01:00,1965.1947448767257
2028-01-11 08:00:00+01:00,2115.881880687118
2028-01-11 09:00:00+01:00,2151.7219591744606
2028-01-11 10:00:00+01:00,2125.1806286829355
2028-01-11 11:00:00+01:00,2069.1867551172636
2028-01-11 12:00:00+01:00,2022.946773340908
2028-01-11 13:00:00+01:00,1983.6412256234614
2028-01-11 14:00:00+01:00,2003.280501885156
2028-01-11 15:00:00+01:00,2187.9708958315778
2028-01-11 16:00:00+01:00,2444.339331676971
2028-01-11 17:00:00+01:00,2633.2183704570866
2028-01-11 18:00:00+01:00,2615.7698575996455
2028-01-11 19:00:00+01:00,2453.6411895820033
2028-01-11 20:00:00+01:00,2217.4768209058698
2028-01-11 21:00:00+01:00,1915.961680927357
2028-01-11 22:00:00+01:00,1603.653798248259
2028-01-11 23:00:00+01:00,1343.9858134715432
2028-01-12 00:00:00+01:00,1201.764951957406
2028-01-12 01:00:00+01:00,1092.3817626621521
2028-01-12 02:00:00+01:00,1042.900126727517
2028-01-12 03:00:00+01:00,1057.67441605332
2028-01-12 04:00:00+01:00,1136.764781805285
2028-01-12 05:00:00+01:00,1360.9726716711034
2028-01-12 06:00:00+01:00,1656.1625916927185
2028-01-12 07:00:00+01:00,1978.7924934045914
2028-01-12 08:00:00+01:00,2171.19285001007
2028-01-12 09:00:00+01:00,2180.776453814297
2028-01-12 10:00:00+01:00,2106.5728722258664
2028-01-12 11:00:00+01:00,1976.0693216655575
2028-01-12 12:00:00+01:00,1905.231585779479
2028-01-12 13:00:00+01:00,1868.5922388137908
2028-01-12 14:00:00+01:00,1896.5623113551444
2028-01-12 15:00:00+01:00,2117.6747348738177
2028-01-12 16:00:00+01:00,2402.7383044035287
2028-01-12 17:00:00+01:00,2643.2007861998577
2028-01-12 18:00:00+01:00,2670.8279810710296
2028-01-12 19:00:00+01:00,2542.326521117064
2028-01-12 20:00:00+01:00,2309.341341002378
2028-01-12 21:00:00+01:00,1985.356000122064
2028-01-12 22:00:00+01:00,1636.5185787813598
2028-01-12 23:00:00+01:00,1365.0541626758416
2028-01-13 00:00:00+01:00,1194.4445374103755
2028-01-13 01:00:00+01:00,1132.761584389031
2028-01-13 02:00:00+01:00,1122.1117145631504
2028-01-13 03:00:00+01:00,1153.2869162444356
2028-01-13 04:00:00+01:00,1249.910391549663
2028-01-13 05:00:00+01:00,1490.7230601219383
2028-01-13 06:00:00+01:00,1789.128495184289
2028-01-13 07:00:00+01:00,2048.0732304953694
2028-01-13 08:00:00+01:00,2169.21054167787
2028-01-13 09:00:00+01:00,2204.620450125502
2028-01-13 10:00:00+01:00,2181.009758607946
2028-01-13 11:00:00+01:00,2089.5984667700786
2028-01-13 12:00:00+01:00,1968.1259594381713
2028-01-13 13:00:00+01:00,1880.3565211051828
2028-01-13 14:00:00+01:00,1893.0021187242216
2028-01-13 15:00:00+01:00,2077.6313832823257
2028-01-13 16:00:00+01:00,2327.1323140308023
2028-01-13 17:00:00+01:00,2509.0661849519693
2028-01-13 18:00:00+01:00,2518.414398755841
2028-01-13 19:00:00+01:00,2383.9322818016785
2028-01-13 20:00:00+01:00,2159.488286759566
2028-01-13 21:00:00+01:00,1860.8612993421357
2028-01-13 22:00:00+01:00,1571.0846320552646
2028-01-13 23:00:00+01:00,1348.1455023481283
2028-01-14 00:00:00+01:00,1184.5306677511905
2028-01-14 01:00:00+01:00,1091.024228979923
2028-01-14 02:00:00+01:00,1048.076618615702
2028-01-14 03:00:00+01:00,1051.5229415038702
2028-01-14 04:00:00+01:00,1167.1624161095908
2028-01-14 05:00:00+01:00,1472.782455247087
2028-01-14 06:00:00+01:00,1827.8796695664118
2028-01-14 07:00:00+01:00,2105.4918691728217
2028-01-14 08:00:00+01:00,2176.3427763685663
2028-01-14 09:00:00+01:00,2164.1516629486946
2028-01-14 10:00:00+01:00,2116.1838889961164
2028-01-14 11:00:00+01:00,2059.9586679418435
2028-01-14 12:00:00+01:00,2006.7436026445419
2028-01-14 13:00:00+01:00,1962.4689189826481
2028-01-14 14:00:00+01:00,1963.6005564028146
2028-01-14 15:00:00+01:00,2093.4742203104133
2028-01-14 16:00:00+01:00,2318.5190324469977
2028-01-14 17:00:00+01:00,2510.84558725121
2028-01-14 18:00:00+01:00,2544.8912985838406
2028-01-14 19:00:00+01:00,2422.3073313026293
2028-01-14 20:00:00+01:00,2191.5922286901086
2028-01-14 21:00:00+01:00,1881.264260242875
2028-01-14 22:00:00+01:00,1558.6100453934348
2028-01-14 23:00:00+01:00,1318.6748660700243
2028-01-15 00:00:00+01:00,1014.899568052048
2028-01-15 01:00:00+01:00,936.2882722071334
2028-01-15 02:00:00+01:00,898.2152916048085
2028-01-15 03:00:00+01:00,914.1818592470304
2028-01-15 04:00:00+01:00,1008.87244240571
2028-01-15 05:00:00+01:00,1236.5677210543406
2028-01-15 06:00:00+01:00,1497.5621486012978
2028-01-15 07:00:00+01:00,1737.0527307317666
2028-01-15 08:00:00+01:00,1838.3787075911625
2028-01-15 09:00:00+01:00,1852.880480400642
2028-01-15 10:00:00+01:00,1827.844625195103
2028-01-15 11:00:00+01:00,1771.9309432866814
2028-01-15 12:00:00+01:00,1722.012195983927
2028-01-15 13:00:00+01:00,1677.9733072789916
2028-01-15 14:00:00+01:00,1668.765450312932
2028-01-15 15:00:00+01:00,1790.315197209232
2028-01-15 16:00:00+01:00,1995.3271336825985
2028-01-15 17:00:00+01:00,2182.865292304036
2028-01-15 18:00:00+01:00,2230.604018419436
2028-01-15 19:00:00+01:00,2112.848507968186
2028-01-15 20:00:00+01:00,1906.8604937838732
2028-01-15 21:00:00+01:00,1637.9978135086387
2028-01-15 22:00:00+01:00,1394.7776922746018
2028-01-15 23:00:00+01:00,1209.1102580563181
2028-01-16 00:00:00+01:00,1038.189635350704
2028-01-16 01:00:00+01:00,956.6642665853044
2028-01-16 02:00:00+01:00,914.807804185465
2028-01-16 03:00:00+01:00,922.3049976031889
2028-01-16 04:00:00+01:00,994.769389722033
2028-01-16 05:00:00+01:00,1191.5956674540403
2028-01-16 06:00:00+01:00,1442.846630087504
2028-01-16 07:00:00+01:00,1680.1646999006985
2028-01-16 08:00:00+01:00,1779.6267001016863
2028-01-16 09:00:00+01:00,1786.4562872561278
2028-01-16 10:00:00+01:00,1745.0119487266286
2028-01-16 11:00:00+01:00,1699.711374417106
2028-01-16 12:00:00+01:00,1667.0832003825026
2028-01-16 13:00:00+01:00,1631.5387278108042
2028-01-16 14:00:00+01:00,1634.1264550749643
2028-01-16 15:00:00+01:00,1754.2449861456523
2028-01-16 16:00:00+01:00,1934.1446773821074
2028-01-16 17:00:00+01:00,2088.9135848098576
2028-01-16 18:00:00+01:00,2104.2122169401437
2028-01-16 19:00:00+01:00,2005.3564783166705
2028-01-16 20:00:00+01:00,1814.6076667112761
2028-01-16 21:00:00+01:00,1574.9286178489615
2028-01-16 22:00:00+01:00,1320.3445223218519
2028-01-16 23:00:00+01:00,1112.9131283966938
2028-01-17 00:00:00+01:00,1161.1862423793336
2028-01-17 01:00:00+01:00,1089.5216004013128
2028-01-17 02:00:00+01:00,1079.9970304838223
2028-01-17 03:00:00+01:00,1112.2239810858466
2028-01-17 04:00:00+01:00,1203.3168442220838
2028-01-17 05:00:00+01:00,1436.2156703536034
2028-01-17 06:00:00+01:00,1739.0695122533136
2028-01-17 07:00:00+01:00,2030.363616349175
2028-01-17 08:00:00+01:00,2146.823158115028
2028-01-17 09:00:00+01:00,2147.625291833187
2028-01-17 10:00:00+01:00,2094.2652614498397
2028-01-17 11:00:00+01:00,2045.721384263664
2028-01-17 12:00:00+01:00,1998.254374943492
2028-01-17 13:00:00+01:00,1943.353195405675
2028-01-17 14:00:00+01:00,1949.387696304238
2028-01-17 15:00:00+01:00,2084.3143236564893
2028-01-17 16:00:00+01:00,2307.5394435207654
2028-01-17 17:00:00+01:00,2472.292514955442
2028-01-17 18:00:00+01:00,2490.93407006266
2028-01-17 19:00:00+01:00,2368.217484114721
2028-01-17 20:00:00+01:00,2156.225986676207
2028-01-17 21:00:00+01:00,1874.5636405318198
2028-01-17 22:00:00+01:00,1588.771989894913
2028-01-17 23:00:00+01:00,1336.8295567651421
2028-01-18 00:00:00+01:00,1167.413771193781
2028-01-18 01:00:00+01:00,1055.522959576308
2028-01-18 02:00:00+01:00,1018.7677661635465
2028-01-18 03:00:00+01:00,1040.1958840392897
2028-01-18 04:00:00+01:00,1115.3003164956956
2028-01-18 05:00:00+01:00,1371.9265481375182
2028-01-18 06:00:00+01:00,1687.9147585737862
2028-01-18 07:00:00+01:00,2020.3952631083032
2028-01-18 08:00:00+01:00,2186.186480760144
2028-01-18 09:00:00+01:00,2250.462317399828
2028-01-18 10:00:00+01:00,2227.1537221598714
2028-01-18 11:00:00+01:00,2172.7974687595774
2028-01-18 12:00:00+01:00,2109.400208300282
2028-01-18 13:00:00+01:00,2041.3118601799324
2028-01-18 14:00:00+01:00,2013.6475646456217
2028-01-18 15:00:00+01:00,2127.058369168785
2028-01-18 16:00:00+01:00,2355.942913212147
2028-01-18 17:00:00+01:00,2525.996640668096
2028-01-18 18:00:00+01:00,2566.037149011861
2028-01-18 19:00:00+01:00,2430.5362296374633
2028-01-18 20:00:00+01:00,2190.946756008121
2028-01-18 21:00:00+01:00,1850.80605489626
2028-01-18 22:00:00+01:00,1530.3415889995956
2028-01-18 23:00:00+01:00,1288.063122959144
2028-01-19 00:00:00+01:00,1153.3984723437454
2028-01-19 01:00:00+01:00,1067.761695285801
2028-01-19 02:00:00+01:00,1041.3872083943083
2028-01-19 03:00:00+01:00,1054.8148680061727
2028-01-19 04:00:00+01:00,1145.6765056044633
2028-01-19 05:00:00+01:00,1387.3621030255838
2028-01-19 06:00:00+01:00,1703.6375174881803
2028-01-19 07:00:00+01:00,2011.4978980077444
2028-01-19 08:00:00+01:00,2175.9640783527734
2028-01-19 09:00:00+01:00,2209.6594276378983
2028-01-19 10:00:00+01:00,2192.9403073495337
2028-01-19 11:00:00+01:00,2150.8648372335792
2028-01-19 12:00:00+01:00,2097.6756392952675
2028-01-19 13:00:00+01:00,2026.5327603069902
2028-01-19 14:00:00+01:00,1999.99396840128
2028-01-19 15:00:00+01:00,2134.3156798715654
2028-01-19 16:00:00+01:00,2358.9580549571915
2028-01-19 17:00:00+01:00,2553.429869562225
2028-01-19 18:00:00+01:00,2571.909416229013
2028-01-19 19:00:00+01:00,2436.7137420606323
2028-01-19 20:00:00+01:00,2194.632519235629
2028-01-19 21:00:00+01:00,1885.4668691448937
2028-01-19 22:00:00+01:00,1580.4148461195537
2028-01-19 23:00:00+01:00,1333.5316904082176
2028-01-20 00:00:00+01:00,1197.2032370105653
2028-01-20 01:00:00+01:00,1113.2553601655006
2028-01-20 02:00:00+01:00,1074.9609072923395
2028-01-20 03:00:00+01:00,1073.0181893597246
2028-01-20 04:00:00+01:00,1140.3109224110412
2028-01-20 05:00:00+01:00,1381.499486365711
2028-01-20 06:00:00+01:00,1711.079554941709
2028-01-20 07:00:00+01:00,2047.1125558763931
2028-01-20 08:00:00+01:00,2224.6809392690193
2028-01-20 09:00:00+01:00,2267.6661129708173
2028-01-20 10:00:00+01:00,2218.288175970158
2028-01-20 11:00:00+01:00,2124.8655884992254
2028-01-20 12:00:00+01:00,2045.6281345208506
2028-01-20 13:00:00+01:00,1990.3362876210756
2028-01-20 14:00:00+01:00,1994.9571656215787
2028-01-20 15:00:00+01:00,2130.4514139170196
2028-01-20 16:00:00+01:00,2374.1615326806104
2028-01-20 17:00:00+01:00,2572.753134082782
2028-01-20 18:00:00+01:00,2606.3764792682005
2028-01-20 19:00:00+01:00,2430.2068386557216
2028-01-20 20:00:00+01:00,2170.742470131408
2028-01-20 21:00:00+01:00,1837.058461571959
2028-01-20 22:00:00+01:00,1532.0229735785724
2028-01-20 23:00:00+01:00,1301.0966603155296
2028-01-21 00:00:00+01:00,1155.363004907982
2028-01-21 01:00:00+01:00,1090.0512082153002
2028-01-21 02:00:00+01:00,1051.6899619549436
2028-01-21 03:00:00+01:00,1058.390915353565
2028-01-21 04:00:00+01:00,1142.5571545518094
2028-01-21 05:00:00+01:00,1417.529404823115
2028-01-21 06:00:00+01:00,1766.424715697016
2028-01-21 07:00:00+01:00,2097.2145443374698
2028-01-21 08:00:00+01:00,2233.4841377586013
2028-01-21 09:00:00+01:00,2249.178071624646
2028-01-21 10:00:00+01:00,2199.3360089872467
2028-01-21 11:00:00+01:00,2141.582592994669
2028-01-21 12:00:00+01:00,2089.306072167686
2028-01-21 13:00:00+01:00,2027.7727243694824
2028-01-21 14:00:00+01:00,1992.9840166518263
2028-01-21 15:00:00+01:00,2071.53690044478
2028-01-21 16:00:00+01:00,2296.702912869155
2028-01-21 17:00:00+01:00,2500.085184357706
2028-01-21 18:00:00+01:00,2571.741618019823
2028-01-21 19:00:00+01:00,2449.5387697852548
2028-01-21 20:00:00+01:00,2213.058440120369
2028-01-21 21:00:00+01:00,1880.0280194929685
2028-01-21 22:00:00+01:00,1548.3936347010065
2028-01-21 23:00:00+01:00,1300.181954661107
2028-01-22 00:00:00+01:00,1024.1924244167196
2028-01-22 01:00:00+01:00,961.210408697969
2028-01-22 02:00:00+01:00,935.6873482381058
2028-01-22 03:00:00+01:00,948.885387491495
2028-01-22 04:00:00+01:00,1029.347534202367
2028-01-22 05:00:00+01:00,1239.834624945516
2028-01-22 06:00:00+01:00,1520.3452418112518
2028-01-22 07:00:00+01:00,1786.6707935902914
2028-01-22 08:00:00+01:00,1917.9766205892656
2028-01-22 09:00:00+01:00,1940.8917657944771
2028-01-22 10:00:00+01:00,1895.0730584180817
2028-01-22 11:00:00+01:00,1838.358932464303
2028-01-22 12:00:00+01:00,1786.2703119084078
2028-01-22 13:00:00+01:00,1748.2385711562856
2028-01-22 14:00:00+01:00,1725.827335043732
2028-01-22 15:00:00+01:00,1802.6201056461312
2028-01-22 16:00:00+01:00,1987.503891097927
2028-01-22 17:00:00+01:00,2163.0811575995876
2028-01-22 18:00:00+01:00,2218.787420650887
2028-01-22 19:00:00+01:00,2100.577694236358
2028-01-22 20:00:00+01:00,1892.1715039785693
2028-01-22 21:00:00+01:00,1613.0344939073423
2028-01-22 22:00:00+01:00,1344.5257202237196
2028-01-22 23:00:00+01:00,1146.4931434289244
2028-01-23 00:00:00+01:00,978.5904815320436
2028-01-23 01:00:00+01:00,929.7106483075602
2028-01-23 02:00:00+01:00,909.1693797092781
2028-01-23 03:00:00+01:00,931.4419357116664
2028-01-23 04:00:00+01:00,1015.6137476228986
2028-01-23 05:00:00+01:00,1218.6369800121497
2028-01-23 06:00:00+01:00,1483.47448706818
2028-01-23 07:00:00+01:00,1739.4474777397922
2028-01-23 08:00:00+01:00,1872.6555490126007
2028-01-23 09:00:00+01:00,1908.9081596437914
2028-01-23 10:00:00+01:00,1874.6319465074466
2028-01-23 11:00:00+01:00,1817.166545757747
2028-01-23 12:00:00+01:00,1734.6418814703804
2028-01-23 13:00:00+01:00,1663.1876516104594
2028-01-23 14:00:00+01:00,1626.8838011568735
2028-01-23 15:00:00+01:00,1711.170660961742
2028-01-23 16:00:00+01:00,1896.8475369782927
2028-01-23 17:00:00+01:00,2069.069508654191
2028-01-23 18:00:00+01:00,2125.3063344547204
2028-01-23 19:00:00+01:00,2024.1774474653298
2028-01-23 20:00:00+01:00,1829.0115147853646
2028-01-23 21:00:00+01:00,1572.106913099241
2028-01-23 22:00:00+01:00,1324.894380093717
2028-01-23 23:00:00+01:00,1148.739585588746
2028-01-24 00:00:00+01:00,1170.2340589556675
2028-01-24 01:00:00+01:00,1087.4288917433644
2028-01-24 02:00:00+01:00,1027.4469681600715
2028-01-24 03:00:00+01:00,1009.3669299693513
2028-01-24 04:00:00+01:00,1062.889680266468
2028-01-24 05:00:00+01:00,1263.6987521306028
2028-01-24 06:00:00+01:00,1561.2032280552924
2028-01-24 07:00:00+01:00,1878.1891937877808
2028-01-24 08:00:00+01:00,2070.112899503754
2028-01-24 09:00:00+01:00,2126.2065667230963
2028-01-24 10:00:00+01:00,2100.266790477585
2028-01-24 11:00:00+01:00,2042.6023713745728
2028-01-24 12:00:00+01:00,1988.6140876723834
2028-01-24 13:00:00+01:00,1930.668481971741
2028-01-24 14:00:00+01:00,1904.019698908822
2028-01-24 15:00:00+01:00,1988.8747931465298
2028-01-24 16:00:00+01:00,2197.1830214812094
2028-01-24 17:00:00+01:00,2387.2968998040183
2028-01-24 18:00:00+01:00,2446.315411426816
2028-01-24 19:00:00+01:00,2291.1596374819014
2028-01-24 20:00:00+01:00,2049.5145416345144
2028-01-24 21:00:00+01:00,1743.2048424671866
2028-01-24 22:00:00+01:00,1454.9242139487596
2028-01-24 23:00:00+01:00,1198.1070158793088
2028-01-25 00:00:00+01:00,1099.405661278151
2028-01-25 01:00:00+01:00,997.721299253694
2028-01-25 02:00:00+01:00,968.0274838711732
2028-01-25 03:00:00+01:00,993.8411386135145
2028-01-25 04:00:00+01:00,1086.4914686612522
2028-01-25 05:00:00+01:00,1344.6689732583702
2028-01-25 06:00:00+01:00,1713.4982287540663
2028-01-25 07:00:00+01:00,2085.4899175291107
2028-01-25 08:00:00+01:00,2299.5479743976207
2028-01-25 09:00:00+01:00,2357.613854214445
2028-01-25 10:00:00+01:00,2327.154545877854
2028-01-25 11:00:00+01:00,2243.0084636510605
2028-01-25 12:00:00+01:00,2151.30820184258
2028-01-25 13:00:00+01:00,2074.6138422382046
2028-01-25 14:00:00+01:00,2047.4273218935436
2028-01-25 15:00:00+01:00,2153.9952292918747
2028-01-25 16:00:00+01:00,2377.8967992976313
2028-01-25 17:00:00+01:00,2568.896829716496
2028-01-25 18:00:00+01:00,2596.125389813049
2028-01-25 19:00:00+01:00,2443.710216480342
2028-01-25 20:00:00+01:00,2182.671238907407
2028-01-25 21:00:00+01:00,1857.5769145164054
2028-01-25 22:00:00+01:00,1528.4975121818134
2028-01-25 23:00:00+01:00,1302.4976942891378
2028-01-26 00:00:00+01:00,1188.4762199160493
2028-01-26 01:00:00+01:00,1129.5672203400002
2028-01-26 02:00:00+01:00,1091.4906959522777
2028-01-26 03:00:00+01:00,1097.1411948659165
2028-01-26 04:00:00+01:00,1173.722298541395
2028-01-26 05:00:00+01:00,1413.6374630671141
2028-01-26 06:00:00+01:00,1728.417640223051
2028-01-26 07:00:00+01:00,2026.53091446968
2028-01-26 08:00:00+01:00,2166.6520523544314
2028-01-26 09:00:00+01:00,2183.7124121209663
2028-01-26 10:00:00+01:00,2152.4769163813216
2028-01-26 11:00:00+01:00,2108.425561705615
2028-01-26 12:00:00+01:00,2057.732548216592
2028-01-26 13:00:00+01:00,2012.6314600539315
2028-01-26 14:00:00+01:00,2007.3520642888527
2028-01-26 15:00:00+01:00,2153.686253806664
2028-01-26 16:00:00+01:00,2403.0412160786877
2028-01-26 17:00:00+01:00,2609.004893667662
2028-01-26 18:00:00+01:00,2658.634476348189
2028-01-26 19:00:00+01:00,2529.41281937711
2028-01-26 20:00:00+01:00,2302.586249659246
2028-01-26 21:00:00+01:00,1989.315606469171
2028-01-26 22:00:00+01:00,1666.0714106120054
2028-01-26 23:00:00+01:00,1399.1345188470827
2028-01-27 00:00:00+01:00,1240.6238913903248
2028-01-27 01:00:00+01:00,1150.7745832478086
2028-01-27 02:00:00+01:00,1117.5793457562595
2028-01-27 03:00:00+01:00,1118.4383033193715
2028-01-27 04:00:00+01:00,1219.161692567752
2028-01-27 05:00:00+01:00,1476.9509573665043
2028-01-27 06:00:00+01:00,1807.5206281719738
2028-01-27 07:00:00+01:00,2091.5845253581606
2028-01-27 08:00:00+01:00,2222.2414487139154
2028-01-27 09:00:00+01:00,2243.6849211044355
2028-01-27 10:00:00+01:00,2222.241757237585
2028-01-27 11:00:00+01:00,2160.3073424119166
2028-01-27 12:00:00+01:00,2089.622710255607
2028-01-27 13:00:00+01:00,2013.427764685734
2028-01-27 14:00:00+01:00,1988.7281497345327
2028-01-27 15:00:00+01:00,2086.6985880973034
2028-01-27 16:00:00+01:00,2318.2511405980727
2028-01-27 17:00:00+01:00,2527.710090581761
2028-01-27 18:00:00+01:00,2602.3329563606885
2028-01-27 19:00:00+01:00,2472.6739592843087
2028-01-27 20:00:00+01:00,2242.7676021574457
2028-01-27 21:00:00+01:00,1938.4556511406904
2028-01-27 22:00:00+01:00,1638.4912252442555
2028-01-27 23:00:00+01:00,1389.2990836348424
2028-01-28 00:00:00+01:00,1232.1189037502056
2028-01-28 01:00:00+01:00,1152.928966813866
2028-01-28 02:00:00+01:00,1142.3994165541221
2028-01-28 03:00:00+01:00,1165.1498325567604
2028-01-28 04:00:00+01:00,1255.768952071629
2028-01-28 05:00:00+01:00,1509.5236075823525
2028-01-28 06:00:00+01:00,1859.0591042729627
2028-01-28 07:00:00+01:00,2182.2482068682552
2028-01-28 08:00:00+01:00,2315.003833844208
2028-01-28 09:00:00+01:00,2292.693129103133
2028-01-28 10:00:00+01:00,2209.160028039797
2028-01-28 11:00:00+01:00,2129.912835895917
2028-01-28 12:00:00+01:00,2057.8813917276307
2028-01-28 13:00:00+01:00,1992.9070345801485
2028-01-28 14:00:00+01:00,1959.3452988345625
2028-01-28 15:00:00+01:00,2069.3551228787214
2028-01-28 16:00:00+01:00,2310.9174723257042
2028-01-28 17:00:00+01:00,2517.479981660035
2028-01-28 18:00:00+01:00,2566.8788977391273
2028-01-28 19:00:00+01:00,2432.5748281203178
2028-01-28 20:00:00+01:00,2193.2667416022123
2028-01-28 21:00:00+01:00,1890.0947881001339
2028-01-28 22:00:00+01:00,1596.1220843394067
2028-01-28 23:00:00+01:00,1380.0165610012798
2028-01-29 00:00:00+01:00,1084.8780640984967
2028-01-29 01:00:00+01:00,1028.0853871767918
2028-01-29 02:00:00+01:00,1009.4192666930012
2028-01-29 03:00:00+01:00,1026.3955282029758
2028-01-29 04:00:00+01:00,1109.0806081427813
2028-01-29 05:00:00+01:00,1325.2851763732642
2028-01-29 06:00:00+01:00,1589.5371473248501
2028-01-29 07:00:00+01:00,1824.3768936188064
2028-01-29 08:00:00+01:00,1921.8944153024026
2028-01-29 09:00:00+01:00,1915.9935690622597
2028-01-29 10:00:00+01:00,1859.011424588662
2028-01-29 11:00:00+01:00,1791.087468087698
2028-01-29 12:00:00+01:00,1737.688245586652
2028-01-29 13:00:00+01:00,1700.4458699345996
2028-01-29 14:00:00+01:00,1704.396211325248
2028-01-29 15:00:00+01:00,1794.0614891144733
2028-01-29 16:00:00+01:00,2011.8485618226234
2028-01-29 17:00:00+01:00,2205.6541060739632
2028-01-29 18:00:00+01:00,2300.745160124445
2028-01-29 19:00:00+01:00,2183.179640381679
2028-01-29 20:00:00+01:00,1978.9735126607725
2028-01-29 21:00:00+01:00,1692.3489903063262
2028-01-29 22:00:00+01:00,1432.4178530956926
2028-01-29 23:00:00+01:00,1200.9903992435993
2028-01-30 00:00:00+01:00,1047.0954972482975
2028-01-30 01:00:00+01:00,964.5948697721208
2028-01-30 02:00:00+01:00,944.0032165514385
2028-01-30 03:00:00+01:00,968.2448067489821
2028-01-30 04:00:00+01:00,1051.349687680798
2028-01-30 05:00:00+01:00,1256.466531910326
2028-01-30 06:00:00+01:00,1514.3932954660418
2028-01-30 07:00:00+01:00,1751.7777396597317
2028-01-30 08:00:00+01:00,1843.750597015786
2028-01-30 09:00:00+01:00,1838.2376315317101
2028-01-30 10:00:00+01:00,1792.6109859104884
2028-01-30 11:00:00+01:00,1774.1414816746758
2028-01-30 12:00:00+01:00,1747.0138874147697
2028-01-30 13:00:00+01:00,1713.4517467506612
2028-01-30 14:00:00+01:00,1692.2045290447386
2028-01-30 15:00:00+01:00,1768.0955709343689
2028-01-30 16:00:00+01:00,1964.415883065032
2028-01-30 17:00:00+01:00,2144.166842386718
2028-01-30 18:00:00+01:00,2217.008923230161
2028-01-30 19:00:00+01:00,2109.3839916610436
2028-01-30 20:00:00+01:00,1910.8676506714137
2028-01-30 21:00:00+01:00,1656.4966178815287
2028-01-30 22:00:00+01:00,1426.9358641447427
2028-01-30 23:00:00+01:00,1231.8972156576715
2028-01-31 00:00:00+01:00,1282.236683514239
2028-01-31 01:00:00+01:00,1185.2358789218638
2028-01-31 02:00:00+01:00,1153.732533471612
2028-01-31 03:00:00+01:00,1170.7058379464054
2028-01-31 04:00:00+01:00,1254.5737040758759
2028-01-31 05:00:00+01:00,1473.4252510808296
2028-01-31 06:00:00+01:00,1782.6857440956842
2028-01-31 07:00:00+01:00,2073.150041851998
2028-01-31 08:00:00+01:00,2218.2277654177005
2028-01-31 09:00:00+01:00,2225.357800687839
2028-01-31 10:00:00+01:00,2168.8679561300423
2028-01-31 11:00:00+01:00,2102.5749568572214
2028-01-31 12:00:00+01:00,2023.547537258485
2028-01-31 13:00:00+01:00,1964.88870835141
2028-01-31 14:00:00+01:00,1921.378975140921
2028-01-31 15:00:00+01:00,2014.9935341802604
2028-01-31 16:00:00+01:00,2237.6188142164924
2028-01-31 17:00:00+01:00,2449.6108444995175
2028-01-31 18:00:00+01:00,2519.453313068822
2028-01-31 19:00:00+01:00,2369.4117273362644
2028-01-31 20:00:00+01:00,2131.4029065626914
2028-01-31 21:00:00+01:00,1852.340139615255
2028-01-31 22:00:00+01:00,1610.278935910084
2028-01-31 23:00:00+01:00,1431.7517328039705
2028-02-01 00:00:00+01:00,1294.794349017795
2028-02-01 01:00:00+01:00,1225.1646443341438
2028-02-01 02:00:00+01:00,1181.7046294770014
2028-02-01 03:00:00+01:00,1174.5658797102676
2028-02-01 04:00:00+01:00,1232.039650709016
2028-02-01 05:00:00+01:00,1432.7560253607885
2028-02-01 06:00:00+01:00,1701.96549240196
2028-02-01 07:00:00+01:00,1977.4367989435088
2028-02-01 08:00:00+01:00,2124.4595750011454
2028-02-01 09:00:00+01:00,2176.859117085926
2028-02-01 10:00:00+01:00,2155.594675056719
2028-02-01 11:00:00+01:00,2110.341862203673
2028-02-01 12:00:00+01:00,2053.3856266742164
2028-02-01 13:00:00+01:00,2004.552415136015
2028-02-01 14:00:00+01:00,1996.9106941724403
2028-02-01 15:00:00+01:00,2096.819636379739
2028-02-01 16:00:00+01:00,2339.4984509358633
2028-02-01 17:00:00+01:00,2551.7924468743627
2028-02-01 18:00:00+01:00,2636.7359529174055
2028-02-01 19:00:00+01:00,2506.2878260929006
2028-02-01 20:00:00+01:00,2263.998420168535
2028-02-01 21:00:00+01:00,1932.799008059269
2028-02-01 22:00:00+01:00,1606.4999406411591
2028-02-01 23:00:00+01:00,1355.039750659303
2028-02-02 00:00:00+01:00,1291.8038195281586
2028-02-02 01:00:00+01:00,1224.1494076752065
2028-02-02 02:00:00+01:00,1197.5610757127617
2028-02-02 03:00:00+01:00,1200.7874153299017
2028-02-02 04:00:00+01:00,1275.3557151770726
2028-02-02 05:00:00+01:00,1472.029647104602
2028-02-02 06:00:00+01:00,1778.355276678456
2028-02-02 07:00:00+01:00,2063.924473170748
2028-02-02 08:00:00+01:00,2222.4185539604005
2028-02-02 09:00:00+01:00,2230.2891149789816
2028-02-02 10:00:00+01:00,2190.3850757760797
2028-02-02 11:00:00+01:00,2118.4711752889098
2028-02-02 12:00:00+01:00,2044.4762894038436
2028-02-02 13:00:00+01:00,1956.2504266780422
2028-02-02 14:00:00+01:00,1918.3668392342295
2028-02-02 15:00:00+01:00,1975.9514934764081
2028-02-02 16:00:00+01:00,2206.9279484190656
2028-02-02 17:00:00+01:00,2441.1845089895205
2028-02-02 18:00:00+01:00,2558.6245821336106
2028-02-02 19:00:00+01:00,2460.125284421655
2028-02-02 20:00:00+01:00,2240.318716098561
2028-02-02 21:00:00+01:00,1980.517473678309
2028-02-02 22:00:00+01:00,1718.3529015180375
2028-02-02 23:00:00+01:00,1545.731180389051
2028-02-03 00:00:00+01:00,1374.4183181410458
2028-02-03 01:00:00+01:00,1314.3954097384828
2028-02-03 02:00:00+01:00,1257.0638450168283
2028-02-03 03:00:00+01:00,1259.6100160050598
2028-02-03 04:00:00+01:00,1325.0026932941591
2028-02-03 05:00:00+01:00,1527.34273812915
2028-02-03 06:00:00+01:00,1767.4780921813767
2028-02-03 07:00:00+01:00,2018.6290940294602
2028-02-03 08:00:00+01:00,2140.455633976296
2028-02-03 09:00:00+01:00,2173.5165062713254
2028-02-03 10:00:00+01:00,2140.6384548095957
2028-02-03 11:00:00+01:00,2103.4777342085977
2028-02-03 12:00:00+01:00,2066.4361701655357
2028-02-03 13:00:00+01:00,2010.8040361049602
2028-02-03 14:00:00+01:00,1975.7770490615092
2028-02-03 15:00:00+01:00,2053.242972896966
2028-02-03 16:00:00+01:00,2280.8166493756307
2028-02-03 17:00:00+01:00,2491.634130412106
2028-02-03 18:00:00+01:00,2580.3833140304887
2028-02-03 19:00:00+01:00,2458.1651062215783
2028-02-03 20:00:00+01:00,2228.24260552242
2028-02-03 21:00:00+01:00,1912.3622924055999
2028-02-03 22:00:00+01:00,1613.4701036106999
2028-02-03 23:00:00+01:00,1376.5490669603455
2028-02-04 00:00:00+01:00,1254.370154565253
2028-02-04 01:00:00+01:00,1188.2129438835848
2028-02-04 02:00:00+01:00,1186.044436520155
2028-02-04 03:00:00+01:00,1216.2935425031524
2028-02-04 04:00:00+01:00,1291.8546721141824
2028-02-04 05:00:00+01:00,1495.372307232473
2028-02-04 06:00:00+01:00,1779.4905318651768
2028-02-04 07:00:00+01:00,2077.3437935067655
2028-02-04 08:00:00+01:00,2230.7541658036475
2028-02-04 09:00:00+01:00,2264.6621601486872
2028-02-04 10:00:00+01:00,2204.143685057044
2028-02-04 11:00:00+01:00,2129.9745111671873
2028-02-04 12:00:00+01:00,2048.6159831210957
2028-02-04 13:00:00+01:00,1975.3383304727856
2028-02-04 14:00:00+01:00,1927.094314895975
2028-02-04 15:00:00+01:00,1989.862097358329
2028-02-04 16:00:00+01:00,2206.9196259853406
2028-02-04 17:00:00+01:00,2439.4780285058746
2028-02-04 18:00:00+01:00,2563.1573608078547
2028-02-04 19:00:00+01:00,2482.1861340417668
2028-02-04 20:00:00+01:00,2274.094407676077
2028-02-04 21:00:00+01:00,1994.3914653079667
2028-02-04 22:00:00+01:00,1707.8648812493132
2028-02-04 23:00:00+01:00,1475.275707178904
2028-02-05 00:00:00+01:00,1139.0425966515056
2028-02-05 01:00:00+01:00,1036.95963013521
2028-02-05 02:00:00+01:00,990.251117335007
2028-02-05 03:00:00+01:00,1013.7623580207522
2028-02-05 04:00:00+01:00,1112.1744555995529
2028-02-05 05:00:00+01:00,1308.7244281606993
2028-02-05 06:00:00+01:00,1543.8783772906727
2028-02-05 07:00:00+01:00,1772.6431934543755
2028-02-05 08:00:00+01:00,1895.2556484743434
2028-02-05 09:00:00+01:00,1931.9548230116764
2028-02-05 10:00:00+01:00,1905.1911554478445
2028-02-05 11:00:00+01:00,1862.2073191970405
2028-02-05 12:00:00+01:00,1826.317427740825
2028-02-05 13:00:00+01:00,1794.9827698235897
2028-02-05 14:00:00+01:00,1777.869235536988
2028-02-05 15:00:00+01:00,1814.8137911616768
2028-02-05 16:00:00+01:00,1946.5190413315274
2028-02-05 17:00:00+01:00,2077.920762924334
2028-02-05 18:00:00+01:00,2141.9799988795535
2028-02-05 19:00:00+01:00,2065.853629956281
2028-02-05 20:00:00+01:00,1916.5518146149616
2028-02-05 21:00:00+01:00,1695.2022617416142
2028-02-05 22:00:00+01:00,1486.9456457857839
2028-02-05 23:00:00+01:00,1318.4754139055726
2028-02-06 00:00:00+01:00,1148.5292951633603
2028-02-06 01:00:00+01:00,1076.5741637670674
2028-02-06 02:00:00+01:00,1032.603567191713
2028-02-06 03:00:00+01:00,1035.50917060703
2028-02-06 04:00:00+01:00,1095.8456631248591
2028-02-06 05:00:00+01:00,1265.2880906155262
2028-02-06 06:00:00+01:00,1505.8890458817962
2028-02-06 07:00:00+01:00,1738.4294617291055
2028-02-06 08:00:00+01:00,1848.9452282550185
2028-02-06 09:00:00+01:00,1840.2869486389664
2028-02-06 10:00:00+01:00,1790.4768479468476
2028-02-06 11:00:00+01:00,1752.4999174418417
2028-02-06 12:00:00+01:00,1728.3144157820827
2028-02-06 13:00:00+01:00,1691.5068390432436
2028-02-06 14:00:00+01:00,1666.044805310715
2028-02-06 15:00:00+01:00,1701.6643559066172
2028-02-06 16:00:00+01:00,1877.8306764000604
2028-02-06 17:00:00+01:00,2053.7203286761555
2028-02-06 18:00:00+01:00,2157.31371380338
2028-02-06 19:00:00+01:00,2067.7190250461344
2028-02-06 20:00:00+01:00,1883.3009688304273
2028-02-06 21:00:00+01:00,1630.072984912414
2028-02-06 22:00:00+01:00,1382.751823047231
2028-02-06 23:00:00+01:00,1193.7025637486054
2028-02-07 00:00:00+01:00,1283.7240794180561
2028-02-07 01:00:00+01:00,1212.2264523917509
2028-02-07 02:00:00+01:00,1177.7562259148706
2028-02-07 03:00:00+01:00,1193.5636779300212
2028-02-07 04:00:00+01:00,1273.9956091222834
2028-02-07 05:00:00+01:00,1464.674582929912
2028-02-07 06:00:00+01:00,1724.4395979937628
2028-02-07 07:00:00+01:00,1977.6503990618992
2028-02-07 08:00:00+01:00,2116.7820393514794
2028-02-07 09:00:00+01:00,2150.205727290508
2028-02-07 10:00:00+01:00,2132.212357500048
2028-02-07 11:00:00+01:00,2099.931019971307
2028-02-07 12:00:00+01:00,2059.0560608743554
2028-02-07 13:00:00+01:00,2026.753815512843
2028-02-07 14:00:00+01:00,2015.357287884036
2028-02-07 15:00:00+01:00,2072.309190528026
2028-02-07 16:00:00+01:00,2259.030178028088
2028-02-07 17:00:00+01:00,2473.0402352996994
2028-02-07 18:00:00+01:00,2595.3733601674653
2028-02-07 19:00:00+01:00,2488.84623214175
2028-02-07 20:00:00+01:00,2223.6834219412513
2028-02-07 21:00:00+01:00,1900.1357890459863
2028-02-07 22:00:00+01:00,1599.3154679247102
2028-02-07 23:00:00+01:00,1390.8647649548539
2028-02-08 00:00:00+01:00,1260.497257982841
2028-02-08 01:00:00+01:00,1181.3571696101378
2028-02-08 02:00:00+01:00,1130.689153564667
2028-02-08 03:00:00+01:00,1131.6875781148194
2028-02-08 04:00:00+01:00,1203.0639661508371
2028-02-08 05:00:00+01:00,1413.3154687189112
2028-02-08 06:00:00+01:00,1715.52901231141
2028-02-08 07:00:00+01:00,2020.974063009306
2028-02-08 08:00:00+01:00,2195.953365204622
2028-02-08 09:00:00+01:00,2229.715114451224
2028-02-08 10:00:00+01:00,2179.7419274205913
2028-02-08 11:00:00+01:00,2110.5045739897605
2028-02-08 12:00:00+01:00,2046.561788612122
2028-02-08 13:00:00+01:00,2013.0072647379864
2028-02-08 14:00:00+01:00,2017.3925452058288
2028-02-08 15:00:00+01:00,2090.331398922862
2028-02-08 16:00:00+01:00,2307.8189507531747
2028-02-08 17:00:00+01:00,2519.0420890764303
2028-02-08 18:00:00+01:00,2643.2605855655192
2028-02-08 19:00:00+01:00,2538.3533864072733
2028-02-08 20:00:00+01:00,2314.8859789993753
2028-02-08 21:00:00+01:00,2005.7780986305147
2028-02-08 22:00:00+01:00,1709.3313160579848
2028-02-08 23:00:00+01:00,1444.525614289615
2028-02-09 00:00:00+01:00,1289.55189683743
2028-02-09 01:00:00+01:00,1162.0419217782191
2028-02-09 02:00:00+01:00,1111.2631246609308
2028-02-09 03:00:00+01:00,1115.0754864539151
2028-02-09 04:00:00+01:00,1190.2610757996565
2028-02-09 05:00:00+01:00,1404.3842060401835
2028-02-09 06:00:00+01:00,1713.9357336780554
2028-02-09 07:00:00+01:00,2027.169872514521
2028-02-09 08:00:00+01:00,2194.490696445428
2028-02-09 09:00:00+01:00,2232.769014408864
2028-02-09 10:00:00+01:00,2213.403555000837
2028-02-09 11:00:00+01:00,2185.694086657449
2028-02-09 12:00:00+01:00,2148.6362190640616
2028-02-09 13:00:00+01:00,2096.1388164232267
2028-02-09 14:00:00+01:00,2070.130626342945
2028-02-09 15:00:00+01:00,2114.52338392047
2028-02-09 16:00:00+01:00,2301.1919895492206
2028-02-09 17:00:00+01:00,2485.560835983866
2028-02-09 18:00:00+01:00,2590.220864024799
2028-02-09 19:00:00+01:00,2504.4159509585334
2028-02-09 20:00:00+01:00,2281.9381135230424
2028-02-09 21:00:00+01:00,1977.5609533678999
2028-02-09 22:00:00+01:00,1680.0367530997341
2028-02-09 23:00:00+01:00,1452.8702271059208
2028-02-10 00:00:00+01:00,1327.1375909339308
2028-02-10 01:00:00+01:00,1251.9418759870032
2028-02-10 02:00:00+01:00,1217.3282983868867
2028-02-10 03:00:00+01:00,1209.573150583344
2028-02-10 04:00:00+01:00,1281.9696246737522
2028-02-10 05:00:00+01:00,1526.3239600330664
2028-02-10 06:00:00+01:00,1834.9985587497044
2028-02-10 07:00:00+01:00,2109.0714558723816
2028-02-10 08:00:00+01:00,2213.0574073312678
2028-02-10 09:00:00+01:00,2209.2448334646
2028-02-10 10:00:00+01:00,2150.675845504282
2028-02-10 11:00:00+01:00,2089.2120126722584
2028-02-10 12:00:00+01:00,2030.1881206674138
2028-02-10 13:00:00+01:00,1988.8641518504205
2028-02-10 14:00:00+01:00,1981.714991509595
2028-02-10 15:00:00+01:00,2068.416506675594
2028-02-10 16:00:00+01:00,2256.551801978329
2028-02-10 17:00:00+01:00,2445.044134343053
2028-02-10 18:00:00+01:00,2540.4447863110854
2028-02-10 19:00:00+01:00,2469.9047496139738
2028-02-10 20:00:00+01:00,2281.22249336134
2028-02-10 21:00:00+01:00,2006.316977494459
2028-02-10 22:00:00+01:00,1725.2032872802747
2028-02-10 23:00:00+01:00,1483.614952618284
2028-02-11 00:00:00+01:00,1334.2572531235758
2028-02-11 01:00:00+01:00,1242.4394185100728
2028-02-11 02:00:00+01:00,1201.5301838621351
2028-02-11 03:00:00+01:00,1212.591796993822
2028-02-11 04:00:00+01:00,1309.5747920319998
2028-02-11 05:00:00+01:00,1562.898424061205
2028-02-11 06:00:00+01:00,1858.7368792936481
2028-02-11 07:00:00+01:00,2110.005554390739
2028-02-11 08:00:00+01:00,2197.159416828867
2028-02-11 09:00:00+01:00,2195.021644276717
2028-02-11 10:00:00+01:00,2145.207613192612
2028-02-11 11:00:00+01:00,2107.087866660476
2028-02-11 12:00:00+01:00,2066.3893674017804
2028-02-11 13:00:00+01:00,2033.0086899729904
2028-02-11 14:00:00+01:00,2002.4743993861107
2028-02-11 15:00:00+01:00,2045.7242084380914
2028-02-11 16:00:00+01:00,2222.3319709095094
2028-02-11 17:00:00+01:00,2414.1311611042192
2028-02-11 18:00:00+01:00,2537.251574386251
2028-02-11 19:00:00+01:00,2468.609701163198
2028-02-11 20:00:00+01:00,2280.1008575707415
2028-02-11 21:00:00+01:00,1990.8402077547264
2028-02-11 22:00:00+01:00,1704.2000731441424
2028-02-11 23:00:00+01:00,1476.869838584605
2028-02-12 00:00:00+01:00,1171.473093747178
2028-02-12 01:00:00+01:00,1126.522132064221
2028-02-12 02:00:00+01:00,1123.8879322143594
2028-02-12 03:00:00+01:00,1141.8450749471024
2028-02-12 04:00:00+01:00,1200.8148319953957
2028-02-12 05:00:00+01:00,1374.8320574497136
2028-02-12 06:00:00+01:00,1605.7155961691742
2028-02-12 07:00:00+01:00,1829.5369821503948
2028-02-12 08:00:00+01:00,1921.6444835799998
2028-02-12 09:00:00+01:00,1923.137961431552
2028-02-12 10:00:00+01:00,1882.0141727879704
2028-02-12 11:00:00+01:00,1830.468506341529
2028-02-12 12:00:00+01:00,1767.7202582814862
2028-02-12 13:00:00+01:00,1709.3531594433714
2028-02-12 14:00:00+01:00,1691.7927774461696
2028-02-12 15:00:00+01:00,1736.7953419149578
2028-02-12 16:00:00+01:00,1915.5784713479973
2028-02-12 17:00:00+01:00,2094.532138302611
2028-02-12 18:00:00+01:00,2211.680742475935
2028-02-12 19:00:00+01:00,2140.2404726290506
2028-02-12 20:00:00+01:00,1974.2836722251666
2028-02-12 21:00:00+01:00,1719.5271523733456
2028-02-12 22:00:00+01:00,1453.4687839347641
2028-02-12 23:00:00+01:00,1238.4720876077529
2028-02-13 00:00:00+01:00,1086.9567025443323
2028-02-13 01:00:00+01:00,1039.6491736711494
2028-02-13 02:00:00+01:00,1014.2792254520882
2028-02-13 03:00:00+01:00,1023.2623095290228
2028-02-13 04:00:00+01:00,1100.033539557133
2028-02-13 05:00:00+01:00,1316.8224781054255
2028-02-13 06:00:00+01:00,1579.3598431672692
2028-02-13 07:00:00+01:00,1802.9966230990437
2028-02-13 08:00:00+01:00,1875.6087261062848
2028-02-13 09:00:00+01:00,1859.3986564952702
2028-02-13 10:00:00+01:00,1819.2313330408595
2028-02-13 11:00:00+01:00,1778.6476627437153
2028-02-13 12:00:00+01:00,1747.3029016646408
2028-02-13 13:00:00+01:00,1711.9491086523444
2028-02-13 14:00:00+01:00,1693.0408486742715
2028-02-13 15:00:00+01:00,1723.6801831846612
2028-02-13 16:00:00+01:00,1877.9136103605106
2028-02-13 17:00:00+01:00,2063.0016706282518
2028-02-13 18:00:00+01:00,2179.1198672406213
2028-02-13 19:00:00+01:00,2127.967691641675
2028-02-13 20:00:00+01:00,1948.5740220475332
2028-02-13 21:00:00+01:00,1688.0752563362064
2028-02-13 22:00:00+01:00,1419.0082306682339
2028-02-13 23:00:00+01:00,1205.52403277669
2028-02-14 00:00:00+01:00,1292.4330686648914
2028-02-14 01:00:00+01:00,1211.0148758577661
2028-02-14 02:00:00+01:00,1172.4911403998578
2028-02-14 03:00:00+01:00,1186.4946049578584
2028-02-14 04:00:00+01:00,1280.5136074148465
2028-02-14 05:00:00+01:00,1522.591990699176
2028-02-14 06:00:00+01:00,1817.7024798871184
2028-02-14 07:00:00+01:00,2051.6114575388156
2028-02-14 08:00:00+01:00,2123.3993328678375
2028-02-14 09:00:00+01:00,2118.469047884348
2028-02-14 10:00:00+01:00,2098.0240134335013
2028-02-14 11:00:00+01:00,2081.424279178719
2028-02-14 12:00:00+01:00,2050.4797488945123
2028-02-14 13:00:00+01:00,2000.8277359736835
2028-02-14 14:00:00+01:00,1980.1122034307525
2028-02-14 15:00:00+01:00,2019.928307757246
2028-02-14 16:00:00+01:00,2219.912370530615
2028-02-14 17:00:00+01:00,2448.7882548252783
2028-02-14 18:00:00+01:00,2587.7052265693583
2028-02-14 19:00:00+01:00,2518.494679362871
2028-02-14 20:00:00+01:00,2312.7263290277847
2028-02-14 21:00:00+01:00,2012.061214710091
2028-02-14 22:00:00+01:00,1709.2361663536033
2028-02-14 23:00:00+01:00,1451.1604044772319
2028-02-15 00:00:00+01:00,1285.280592440726
2028-02-15 01:00:00+01:00,1209.7091430664532
2028-02-15 02:00:00+01:00,1191.0441273920233
2028-02-15 03:00:00+01:00,1213.2548101532884
2028-02-15 04:00:00+01:00,1312.1066362043666
2028-02-15 05:00:00+01:00,1538.996076964153
2028-02-15 06:00:00+01:00,1827.8018924806818
2028-02-15 07:00:00+01:00,2092.844467559393
2028-02-15 08:00:00+01:00,2216.5589761048564
2028-02-15 09:00:00+01:00,2239.4632927957796
2028-02-15 10:00:00+01:00,2193.235418156606
2028-02-15 11:00:00+01:00,2136.4692043634477
2028-02-15 12:00:00+01:00,2062.0541153852114
2028-02-15 13:00:00+01:00,2009.1596570307734
2028-02-15 14:00:00+01:00,1974.7498035559715
2028-02-15 15:00:00+01:00,2027.0718012818643
2028-02-15 16:00:00+01:00,2225.6030167681047
2028-02-15 17:00:00+01:00,2467.3648405516183
2028-02-15 18:00:00+01:00,2605.6199783909083
2028-02-15 19:00:00+01:00,2547.5298102482525
2028-02-15 20:00:00+01:00,2333.3721133522117
2028-02-15 21:00:00+01:00,2019.1499851932244
2028-02-15 22:00:00+01:00,1684.5068754025538
2028-02-15 23:00:00+01:00,1391.4363063335609
2028-02-16 00:00:00+01:00,1263.6843079277785
2028-02-16 01:00:00+01:00,1152.5489569368967
2028-02-16 02:00:00+01:00,1120.0330468473196
2028-02-16 03:00:00+01:00,1134.7022432622907
2028-02-16 04:00:00+01:00,1240.1140683588
2028-02-16 05:00:00+01:00,1481.4384406081329
2028-02-16 06:00:00+01:00,1802.8878640821167
2028-02-16 07:00:00+01:00,2083.690750278792
2028-02-16 08:00:00+01:00,2207.3896086453246
2028-02-16 09:00:00+01:00,2216.526848356831
2028-02-16 10:00:00+01:00,2177.917720012146
2028-02-16 11:00:00+01:00,2123.6262388529603
2028-02-16 12:00:00+01:00,2062.809447916584
2028-02-16 13:00:00+01:00,2012.245364397008
2028-02-16 14:00:00+01:00,2011.8869551247913
2028-02-16 15:00:00+01:00,2089.8753229994923
2028-02-16 16:00:00+01:00,2306.0088535436084
2028-02-16 17:00:00+01:00,2555.158628559852
2028-02-16 18:00:00+01:00,2710.3130335580654
2028-02-16 19:00:00+01:00,2631.4773127517196
2028-02-16 20:00:00+01:00,2375.450754076383
2028-02-16 21:00:00+01:00,2028.848030586477
2028-02-16 22:00:00+01:00,1707.070950754642
2028-02-16 23:00:00+01:00,1475.8552798509593
2028-02-17 00:00:00+01:00,1343.8907432409355
2028-02-17 01:00:00+01:00,1288.3307353806572
2028-02-17 02:00:00+01:00,1262.2122552134842
2028-02-17 03:00:00+01:00,1271.4969368196764
2028-02-17 04:00:00+01:00,1361.190976051092
2028-02-17 05:00:00+01:00,1582.4889157432701
2028-02-17 06:00:00+01:00,1866.9853804115726
2028-02-17 07:00:00+01:00,2090.5665419352054
2028-02-17 08:00:00+01:00,2173.6418105830044
2028-02-17 09:00:00+01:00,2145.741853065301
2028-02-17 10:00:00+01:00,2095.644504601174
2028-02-17 11:00:00+01:00,2042.58208659698
2028-02-17 12:00:00+01:00,1990.0440408526283
2028-02-17 13:00:00+01:00,1936.000881083986
2028-02-17 14:00:00+01:00,1899.3342323359295
2028-02-17 15:00:00+01:00,1947.5713014931732
2028-02-17 16:00:00+01:00,2196.142035736465
2028-02-17 17:00:00+01:00,2492.7750940118985
2028-02-17 18:00:00+01:00,2708.560509476186
2028-02-17 19:00:00+01:00,2652.257896627286
2028-02-17 20:00:00+01:00,2420.076532160748
2028-02-17 21:00:00+01:00,2091.9602499275716
2028-02-17 22:00:00+01:00,1745.6530209681616
2028-02-17 23:00:00+01:00,1468.3488304197706
2028-02-18 00:00:00+01:00,1278.1540293998203
2028-02-18 01:00:00+01:00,1205.6710969959772
2028-02-18 02:00:00+01:00,1196.2740561569021
2028-02-18 03:00:00+01:00,1219.6457268033548
2028-02-18 04:00:00+01:00,1300.4481003661172
2028-02-18 05:00:00+01:00,1529.3487091950549
2028-02-18 06:00:00+01:00,1832.5055220344452
2028-02-18 07:00:00+01:00,2117.1361980076426
2028-02-18 08:00:00+01:00,2241.010630375541
2028-02-18 09:00:00+01:00,2238.9760211626262
2028-02-18 10:00:00+01:00,2183.8056623691064
2028-02-18 11:00:00+01:00,2112.0347257679987
2028-02-18 12:00:00+01:00,2049.814566188413
2028-02-18 13:00:00+01:00,1984.9271688733454
2028-02-18 14:00:00+01:00,1953.0626621051174
2028-02-18 15:00:00+01:00,1995.7872987360079
2028-02-18 16:00:00+01:00,2211.296930829769
2028-02-18 17:00:00+01:00,2483.300466334109
2028-02-18 18:00:00+01:00,2677.645287945671
2028-02-18 19:00:00+01:00,2630.124135636229
2028-02-18 20:00:00+01:00,2385.5101507040467
2028-02-18 21:00:00+01:00,2050.0849713925886
2028-02-18 22:00:00+01:00,1711.0205710892685
2028-02-18 23:00:00+01:00,1435.185013408338
2028-02-19 00:00:00+01:00,1121.607822230515
2028-02-19 01:00:00+01:00,1041.1932115839313
2028-02-19 02:00:00+01:00,1018.5015353823301
2028-02-19 03:00:00+01:00,1029.463948332562
2028-02-19 04:00:00+01:00,1102.6504321468494
2028-02-19 05:00:00+01:00,1317.6266005505804
2028-02-19 06:00:00+01:00,1602.911062430775
2028-02-19 07:00:00+01:00,1876.8930847026188
2028-02-19 08:00:00+01:00,1990.736621012654
2028-02-19 09:00:00+01:00,1980.1007037546078
2028-02-19 10:00:00+01:00,1914.3523401064956
2028-02-19 11:00:00+01:00,1850.8665061268875
2028-02-19 12:00:00+01:00,1802.1002736974826
2028-02-19 13:00:00+01:00,1760.9656522089863
2028-02-19 14:00:00+01:00,1743.9880635875343
2028-02-19 15:00:00+01:00,1781.2712102000405
2028-02-19 16:00:00+01:00,1943.3060084204083
2028-02-19 17:00:00+01:00,2139.791578150603
2028-02-19 18:00:00+01:00,2272.8629463462094
2028-02-19 19:00:00+01:00,2225.9198043054153
2028-02-19 20:00:00+01:00,2037.354713266102
2028-02-19 21:00:00+01:00,1749.820162489074
2028-02-19 22:00:00+01:00,1453.0870544671536
2028-02-19 23:00:00+01:00,1215.2431167950192
2028-02-20 00:00:00+01:00,1026.7503591312723
2028-02-20 01:00:00+01:00,970.7511799475584
2028-02-20 02:00:00+01:00,955.6205378577417
2028-02-20 03:00:00+01:00,969.2213159447008
2028-02-20 04:00:00+01:00,1050.011633590699
2028-02-20 05:00:00+01:00,1258.1953246377623
2028-02-20 06:00:00+01:00,1555.4366328710237
2028-02-20 07:00:00+01:00,1834.8358807911188
2028-02-20 08:00:00+01:00,1966.9317864032676
2028-02-20 09:00:00+01:00,1969.5437467925092
2028-02-20 10:00:00+01:00,1912.4371501118421
2028-02-20 11:00:00+01:00,1861.7350848703595
2028-02-20 12:00:00+01:00,1810.846876292807
2028-02-20 13:00:00+01:00,1743.9457673495992
2028-02-20 14:00:00+01:00,1691.2549327415427
2028-02-20 15:00:00+01:00,1711.2724994569487
2028-02-20 16:00:00+01:00,1867.1820367150558
2028-02-20 17:00:00+01:00,2067.1439444927087
2028-02-20 18:00:00+01:00,2197.4900943703556
2028-02-20 19:00:00+01:00,2148.893856329556
2028-02-20 20:00:00+01:00,1951.8258202302493
2028-02-20 21:00:00+01:00,1662.9729295783618
2028-02-20 22:00:00+01:00,1387.7284854681718
2028-02-20 23:00:00+01:00,1163.4850648308854
2028-02-21 00:00:00+01:00,1243.5826586269748
2028-02-21 01:00:00+01:00,1158.446913314258
2028-02-21 02:00:00+01:00,1140.1057563600948
2028-02-21 03:00:00+01:00,1163.9438950710653
2028-02-21 04:00:00+01:00,1270.3054287169196
2028-02-21 05:00:00+01:00,1496.5245160348113
2028-02-21 06:00:00+01:00,1788.3432997278114
2028-02-21 07:00:00+01:00,2041.6119555779535
2028-02-21 08:00:00+01:00,2164.4193958049214
2028-02-21 09:00:00+01:00,2181.8318679088434
2028-02-21 10:00:00+01:00,2153.491213238469
2028-02-21 11:00:00+01:00,2104.4372608468348
2028-02-21 12:00:00+01:00,2048.302830328596
2028-02-21 13:00:00+01:00,1988.8083419307777
2028-02-21 14:00:00+01:00,1976.0634543735205
2028-02-21 15:00:00+01:00,2043.1870404848123
2028-02-21 16:00:00+01:00,2264.7887407971857
2028-02-21 17:00:00+01:00,2514.6437303028706
2028-02-21 18:00:00+01:00,2673.060215348068
2028-02-21 19:00:00+01:00,2598.658551315933
2028-02-21 20:00:00+01:00,2351.8717384293896
2028-02-21 21:00:00+01:00,2027.569353906208
2028-02-21 22:00:00+01:00,1724.0081714294015
2028-02-21 23:00:00+01:00,1454.7282005167165
2028-02-22 00:00:00+01:00,1308.10833970527
2028-02-22 01:00:00+01:00,1202.3944213859434
2028-02-22 02:00:00+01:00,1188.51074941136
2028-02-22 03:00:00+01:00,1228.547823334215
2028-02-22 04:00:00+01:00,1325.170560638271
2028-02-22 05:00:00+01:00,1569.0480078352036
2028-02-22 06:00:00+01:00,1876.166493809903
2028-02-22 07:00:00+01:00,2178.7681319867925
2028-02-22 08:00:00+01:00,2293.842702014787
2028-02-22 09:00:00+01:00,2250.0930538588773
2028-02-22 10:00:00+01:00,2153.9836169807095
2028-02-22 11:00:00+01:00,2087.056521129493
2028-02-22 12:00:00+01:00,2056.428690530893
2028-02-22 13:00:00+01:00,2022.5115689703428
2028-02-22 14:00:00+01:00,1994.0896356068852
2028-02-22 15:00:00+01:00,2021.6053473361947
2028-02-22 16:00:00+01:00,2196.6879334694013
2028-02-22 17:00:00+01:00,2449.5385574265288
2028-02-22 18:00:00+01:00,2630.3506512721874
2028-02-22 19:00:00+01:00,2586.663899235504
2028-02-22 20:00:00+01:00,2333.5933738854264
2028-02-22 21:00:00+01:00,1996.8945571973743
2028-02-22 22:00:00+01:00,1684.6458658286194
2028-02-22 23:00:00+01:00,1448.710488901722
2028-02-23 00:00:00+01:00,1284.8039350982187
2028-02-23 01:00:00+01:00,1208.6063001519328
2028-02-23 02:00:00+01:00,1196.1476626732
2028-02-23 03:00:00+01:00,1234.6803133438907
2028-02-23 04:00:00+01:00,1321.7468683047025
2028-02-23 05:00:00+01:00,1549.348406604406
2028-02-23 06:00:00+01:00,1860.7359345598884
2028-02-23 07:00:00+01:00,2145.00468116511
2028-02-23 08:00:00+01:00,2275.049298002724
2028-02-23 09:00:00+01:00,2277.4956330193954
2028-02-23 10:00:00+01:00,2233.934058356557
2028-02-23 11:00:00+01:00,2163.063338390155
2028-02-23 12:00:00+01:00,2096.857741788781
2028-02-23 13:00:00+01:00,2035.6991849108015
2028-02-23 14:00:00+01:00,2024.044935739309
2028-02-23 15:00:00+01:00,2078.7894986574647
2028-02-23 16:00:00+01:00,2274.0265278699803
2028-02-23 17:00:00+01:00,2488.090552715278
2028-02-23 18:00:00+01:00,2627.042974934539
2028-02-23 19:00:00+01:00,2538.4660894027725
2028-02-23 20:00:00+01:00,2291.9258221194036
2028-02-23 21:00:00+01:00,1959.248756546594
2028-02-23 22:00:00+01:00,1648.4576809980113
2028-02-23 23:00:00+01:00,1424.842677149525
2028-02-24 00:00:00+01:00,1310.581276679789
2028-02-24 01:00:00+01:00,1260.0500270532611
2028-02-24 02:00:00+01:00,1254.6166753802856
2028-02-24 03:00:00+01:00,1283.0754342922733
2028-02-24 04:00:00+01:00,1384.613416895664
2028-02-24 05:00:00+01:00,1620.7985967840157
2028-02-24 06:00:00+01:00,1944.3081903795376
2028-02-24 07:00:00+01:00,2218.4884524761233
2028-02-24 08:00:00+01:00,2322.088782123494
2028-02-24 09:00:00+01:00,2299.903190124262
2028-02-24 10:00:00+01:00,2216.9217035735887
2028-02-24 11:00:00+01:00,2134.4081902637977
2028-02-24 12:00:00+01:00,2035.2036955727701
2028-02-24 13:00:00+01:00,1960.696556081006
2028-02-24 14:00:00+01:00,1900.8727416722154
2028-02-24 15:00:00+01:00,1931.7384217376498
2028-02-24 16:00:00+01:00,2123.7888912719327
2028-02-24 17:00:00+01:00,2392.6892128548175
2028-02-24 18:00:00+01:00,2585.85367684623
2028-02-24 19:00:00+01:00,2547.7935757695013
2028-02-24 20:00:00+01:00,2345.4257738704628
2028-02-24 21:00:00+01:00,2045.34134381159
2028-02-24 22:00:00+01:00,1742.769211523117
2028-02-24 23:00:00+01:00,1500.6357853091984
2028-02-25 00:00:00+01:00,1344.1451289308145
2028-02-25 01:00:00+01:00,1282.0034278442647
2028-02-25 02:00:00+01:00,1256.8196292993703
2028-02-25 03:00:00+01:00,1262.0528587046206
2028-02-25 04:00:00+01:00,1342.357066527014
2028-02-25 05:00:00+01:00,1586.9219396968465
2028-02-25 06:00:00+01:00,1903.639145469433
2028-02-25 07:00:00+01:00,2153.5057657150915
2028-02-25 08:00:00+01:00,2221.625092683379
2028-02-25 09:00:00+01:00,2172.217423768125
2028-02-25 10:00:00+01:00,2108.3861136170485
2028-02-25 11:00:00+01:00,2063.283571368012
2028-02-25 12:00:00+01:00,2034.856424023676
2028-02-25 13:00:00+01:00,2006.8897616318463
2028-02-25 14:00:00+01:00,1981.5518595088533
2028-02-25 15:00:00+01:00,2005.303626520333
2028-02-25 16:00:00+01:00,2165.700789568546
2028-02-25 17:00:00+01:00,2435.9525968524354
2028-02-25 18:00:00+01:00,2652.5527039081276
2028-02-25 19:00:00+01:00,2637.829315009318
2028-02-25 20:00:00+01:00,2408.6048818363784
2028-02-25 21:00:00+01:00,2075.047275746467
2028-02-25 22:00:00+01:00,1762.3016466512952
2028-02-25 23:00:00+01:00,1517.2340218294116
2028-02-26 00:00:00+01:00,1203.1376574132323
2028-02-26 01:00:00+01:00,1158.093818743002
2028-02-26 02:00:00+01:00,1128.7121887873745
2028-02-26 03:00:00+01:00,1126.3700559073254
2028-02-26 04:00:00+01:00,1173.3311171690348
2028-02-26 05:00:00+01:00,1359.5535679900377
2028-02-26 06:00:00+01:00,1605.1869267587774
2028-02-26 07:00:00+01:00,1823.2208370452736
2028-02-26 08:00:00+01:00,1906.1224835479566
2028-02-26 09:00:00+01:00,1879.5520084024581
2028-02-26 10:00:00+01:00,1826.966941380811
2028-02-26 11:00:00+01:00,1771.0997312765944
2028-02-26 12:00:00+01:00,1743.5468833458376
2028-02-26 13:00:00+01:00,1728.6137125508812
2028-02-26 14:00:00+01:00,1737.7979692968652
2028-02-26 15:00:00+01:00,1785.6721898330659
2028-02-26 16:00:00+01:00,1945.125774901287
2028-02-26 17:00:00+01:00,2165.5858180319474
2028-02-26 18:00:00+01:00,2323.4557988147644
2028-02-26 19:00:00+01:00,2302.05940145539
2028-02-26 20:00:00+01:00,2104.3531003903254
2028-02-26 21:00:00+01:00,1809.0885915032623
2028-02-26 22:00:00+01:00,1506.2795362689867
2028-02-26 23:00:00+01:00,1261.8536500420648
2028-02-27 00:00:00+01:00,1112.2119133520423
2028-02-27 01:00:00+01:00,1046.4142113307212
2028-02-27 02:00:00+01:00,1023.5768528422637
2028-02-27 03:00:00+01:00,1041.4473820924572
2028-02-27 04:00:00+01:00,1121.4153075411043
2028-02-27 05:00:00+01:00,1316.931065569285
2028-02-27 06:00:00+01:00,1555.9684774229772
2028-02-27 07:00:00+01:00,1784.651551686649
2028-02-27 08:00:00+01:00,1889.5261442933465
2028-02-27 09:00:00+01:00,1896.7462988948942
2028-02-27 10:00:00+01:00,1856.11858490773
2028-02-27 11:00:00+01:00,1803.425941020681
2028-02-27 12:00:00+01:00,1752.5031454181733
2028-02-27 13:00:00+01:00,1697.2410132290552
2028-02-27 14:00:00+01:00,1677.9317902315206
2028-02-27 15:00:00+01:00,1712.217075820707
2028-02-27 16:00:00+01:00,1880.8846133721963
2028-02-27 17:00:00+01:00,2109.391360925417
2028-02-27 18:00:00+01:00,2272.3570377947717
2028-02-27 19:00:00+01:00,2233.255909251796
2028-02-27 20:00:00+01:00,2011.7968935989436
2028-02-27 21:00:00+01:00,1713.024846512305
2028-02-27 22:00:00+01:00,1439.0472889574396
2028-02-27 23:00:00+01:00,1238.2310661809693
2028-02-28 00:00:00+01:00,1329.332871870392
2028-02-28 01:00:00+01:00,1278.7807368502868
2028-02-28 02:00:00+01:00,1270.6127107569607
2028-02-28 03:00:00+01:00,1305.7919095994382
2028-02-28 04:00:00+01:00,1394.5984209927053
2028-02-28 05:00:00+01:00,1629.4399116228315
2028-02-28 06:00:00+01:00,1914.2240612660914
2028-02-28 07:00:00+01:00,2150.081014867955
2028-02-28 08:00:00+01:00,2225.779837424704
2028-02-28 09:00:00+01:00,2196.9112629032484
2028-02-28 10:00:00+01:00,2136.0836944230937
2028-02-28 11:00:00+01:00,2062.5951802918153
2028-02-28 12:00:00+01:00,1985.4457489441334
2028-02-28 13:00:00+01:00,1916.2886569797759
2028-02-28 14:00:00+01:00,1864.897698946704
2028-02-28 15:00:00+01:00,1878.805280565133
2028-02-28 16:00:00+01:00,2066.9481923427875
2028-02-28 17:00:00+01:00,2364.9227577075676
2028-02-28 18:00:00+01:00,2602.50240514568
2028-02-28 19:00:00+01:00,2602.9447017461325
2028-02-28 20:00:00+01:00,2385.4288761268826
2028-02-28 21:00:00+01:00,2078.871497784311
2028-02-28 22:00:00+01:00,1784.555914984131
2028-02-28 23:00:00+01:00,1562.0948988552104
2028-02-29 00:00:00+01:00,1417.3206333293178
2028-02-29 01:00:00+01:00,1342.4901760144696
2028-02-29 02:00:00+01:00,1312.9979413693402
2028-02-29 03:00:00+01:00,1311.5222244324796
2028-02-29 04:00:00+01:00,1369.900481361642
2028-02-29 05:00:00+01:00,1572.2959983694084
2028-02-29 06:00:00+01:00,1848.2864850593373
2028-02-29 07:00:00+01:00,2101.9621657038133
2028-02-29 08:00:00+01:00,2202.7328682945727
2028-02-29 09:00:00+01:00,2198.3635758541614
2028-02-29 10:00:00+01:00,2147.7195386335284
2028-02-29 11:00:00+01:00,2092.3893109996957
2028-02-29 12:00:00+01:00,2045.5816284896196
2028-02-29 13:00:00+01:00,2008.2530347181862
2028-02-29 14:00:00+01:00,1989.1775034588175
2028-02-29 15:00:00+01:00,2025.2786482445429
2028-02-29 16:00:00+01:00,2176.7139401723603
2028-02-29 17:00:00+01:00,2407.5955315759315
2028-02-29 18:00:00+01:00,2591.1858926072823
2028-02-29 19:00:00+01:00,2592.0431132477406
2028-02-29 20:00:00+01:00,2394.5229797418447
2028-02-29 21:00:00+01:00,2092.985470857779
2028-02-29 22:00:00+01:00,1767.746053692075
2028-02-29 23:00:00+01:00,1510.3519046626043
2028-03-01 00:00:00+01:00,1388.5839854244966
2028-03-01 01:00:00+01:00,1307.3231295305698
2028-03-01 02:00:00+01:00,1270.6786871960828
2028-03-01 03:00:00+01:00,1258.031878075783
2028-03-01 04:00:00+01:00,1298.5936685580455
2028-03-01 05:00:00+01:00,1482.3474855368822
2028-03-01 06:00:00+01:00,1783.242453289019
2028-03-01 07:00:00+01:00,2089.8298632672986
2028-03-01 08:00:00+01:00,2246.151858313547
2028-03-01 09:00:00+01:00,2273.5461987249155
2028-03-01 10:00:00+01:00,2228.7465417521107
2028-03-01 11:00:00+01:00,2164.2038204004148
2028-03-01 12:00:00+01:00,2066.7121484499758
2028-03-01 13:00:00+01:00,1991.3132459934925
2028-03-01 14:00:00+01:00,1967.7802197733026
2028-03-01 15:00:00+01:00,2015.7138876182019
2028-03-01 16:00:00+01:00,2184.7351592116243
2028-03-01 17:00:00+01:00,2431.489046909861
2028-03-01 18:00:00+01:00,2633.083590947987
2028-03-01 19:00:00+01:00,2644.211997342233
2028-03-01 20:00:00+01:00,2425.852520552785
2028-03-01 21:00:00+01:00,2101.7029668129744
2028-03-01 22:00:00+01:00,1803.3434504639017
2028-03-01 23:00:00+01:00,1577.3209609368246
2028-03-02 00:00:00+01:00,1439.6695934631182
2028-03-02 01:00:00+01:00,1369.4020168330587
2028-03-02 02:00:00+01:00,1353.4722803586585
2028-03-02 03:00:00+01:00,1370.012909279063
2028-03-02 04:00:00+01:00,1424.0607833969773
2028-03-02 05:00:00+01:00,1590.7366854181619
2028-03-02 06:00:00+01:00,1830.4392877405949
2028-03-02 07:00:00+01:00,2053.016726046339
2028-03-02 08:00:00+01:00,2157.5049512181777
2028-03-02 09:00:00+01:00,2159.068576345507
2028-03-02 10:00:00+01:00,2134.411150283587
2028-03-02 11:00:00+01:00,2095.3789869100037
2028-03-02 12:00:00+01:00,2042.643059417961
2028-03-02 13:00:00+01:00,1998.6907531654006
2028-03-02 14:00:00+01:00,1980.912241269607
2028-03-02 15:00:00+01:00,2041.0024546868124
2028-03-02 16:00:00+01:00,2223.394912490394
2028-03-02 17:00:00+01:00,2500.2213678018643
2028-03-02 18:00:00+01:00,2695.242874488565
2028-03-02 19:00:00+01:00,2654.9363128876207
2028-03-02 20:00:00+01:00,2394.7739438053163
2028-03-02 21:00:00+01:00,2044.5618771861787
2028-03-02 22:00:00+01:00,1741.7846194511383
2028-03-02 23:00:00+01:00,1516.4819941919334
2028-03-03 00:00:00+01:00,1391.7597398088017
2028-03-03 01:00:00+01:00,1313.0074671950358
2028-03-03 02:00:00+01:00,1275.385049769907
2028-03-03 03:00:00+01:00,1270.155280551183
2028-03-03 04:00:00+01:00,1340.196987334304
2028-03-03 05:00:00+01:00,1556.9879681977552
2028-03-03 06:00:00+01:00,1855.9373280524214
2028-03-03 07:00:00+01:00,2125.421068127839
2028-03-03 08:00:00+01:00,2249.0580192206485
2028-03-03 09:00:00+01:00,2246.1281060264787
2028-03-03 10:00:00+01:00,2212.130277168573
2028-03-03 11:00:00+01:00,2156.982355081125
2028-03-03 12:00:00+01:00,2116.838554392813
2028-03-03 13:00:00+01:00,2064.3134672976985
2028-03-03 14:00:00+01:00,2036.6771109194558
2028-03-03 15:00:00+01:00,2055.16909081519
2028-03-03 16:00:00+01:00,2193.500241834834
2028-03-03 17:00:00+01:00,2435.9153566471487
2028-03-03 18:00:00+01:00,2617.6532788150093
2028-03-03 19:00:00+01:00,2597.416817053138
2028-03-03 20:00:00+01:00,2361.3348253001845
2028-03-03 21:00:00+01:00,2038.2124201154415
2028-03-03 22:00:00+01:00,1733.5787314477866
2028-03-03 23:00:00+01:00,1508.3007042768238
2028-03-04 00:00:00+01:00,1195.018135615792
2028-03-04 01:00:00+01:00,1142.824784999664
2028-03-04 02:00:00+01:00,1124.980940950123
2028-03-04 03:00:00+01:00,1155.1514815773276
2028-03-04 04:00:00+01:00,1233.743620513561
2028-03-04 05:00:00+01:00,1435.0740395126406
2028-03-04 06:00:00+01:00,1671.7767927699338
2028-03-04 07:00:00+01:00,1889.7075391951473
2028-03-04 08:00:00+01:00,1955.8999442739673
2028-03-04 09:00:00+01:00,1939.8399238324007
2028-03-04 10:00:00+01:00,1880.2510093050437
2028-03-04 11:00:00+01:00,1830.323381704049
2028-03-04 12:00:00+01:00,1785.8349664725426
2028-03-04 13:00:00+01:00,1748.3939264182684
2028-03-04 14:00:00+01:00,1733.1139587522575
2028-03-04 15:00:00+01:00,1760.2253979758566
2028-03-04 16:00:00+01:00,1898.973126150373
2028-03-04 17:00:00+01:00,2121.466104651026
2028-03-04 18:00:00+01:00,2297.4947022947713
2028-03-04 19:00:00+01:00,2293.830164531965
2028-03-04 20:00:00+01:00,2087.5229889172924
2028-03-04 21:00:00+01:00,1784.9591479155652
2028-03-04 22:00:00+01:00,1500.509651713299
2028-03-04 23:00:00+01:00,1296.778613627207
2028-03-05 00:00:00+01:00,1159.1142679830343
2028-03-05 01:00:00+01:00,1119.04614975315
2028-03-05 02:00:00+01:00,1112.8925882450637
2028-03-05 03:00:00+01:00,1144.2820606460893
2028-03-05 04:00:00+01:00,1217.5050308395291
2028-03-05 05:00:00+01:00,1404.2722418543053
2028-03-05 06:00:00+01:00,1635.4293585953528
2028-03-05 07:00:00+01:00,1854.4509360282955
2028-03-05 08:00:00+01:00,1932.7001075476458
2028-03-05 09:00:00+01:00,1915.1874216147216
2028-03-05 10:00:00+01:00,1852.1863934533974
2028-03-05 11:00:00+01:00,1792.6787637755165
2028-03-05 12:00:00+01:00,1754.80925271773
2028-03-05 13:00:00+01:00,1716.085506560371
2028-03-05 14:00:00+01:00,1680.807850482089
2028-03-05 15:00:00+01:00,1671.991131781798
2028-03-05 16:00:00+01:00,1776.0790303555934
2028-03-05 17:00:00+01:00,1980.4237332146233
2028-03-05 18:00:00+01:00,2144.4124807112303
2028-03-05 19:00:00+01:00,2161.242598968142
2028-03-05 20:00:00+01:00,2000.4832081577867
2028-03-05 21:00:00+01:00,1766.4853246481337
2028-03-05 22:00:00+01:00,1531.0293822912568
2028-03-05 23:00:00+01:00,1340.1583036910251
2028-03-06 00:00:00+01:00,1435.0138865290132
2028-03-06 01:00:00+01:00,1350.3132384248886
2028-03-06 02:00:00+01:00,1318.7930277070323
2028-03-06 03:00:00+01:00,1350.8946548911586
2028-03-06 04:00:00+01:00,1448.9771219862926
2028-03-06 05:00:00+01:00,1665.71196720464
2028-03-06 06:00:00+01:00,1923.0516107054686
2028-03-06 07:00:00+01:00,2148.3962302743835
2028-03-06 08:00:00+01:00,2235.9252976406015
2028-03-06 09:00:00+01:00,2209.9290824441423
2028-03-06 10:00:00+01:00,2132.9968495656294
2028-03-06 11:00:00+01:00,2062.659767629899
2028-03-06 12:00:00+01:00,2000.939892202157
2028-03-06 13:00:00+01:00,1946.3309657856892
2028-03-06 14:00:00+01:00,1914.9599551586937
2028-03-06 15:00:00+01:00,1944.3412908340108
2028-03-06 16:00:00+01:00,2088.151566047472
2028-03-06 17:00:00+01:00,2351.0756208073135
2028-03-06 18:00:00+01:00,2579.034643220572
2028-03-06 19:00:00+01:00,2637.191407553381
2028-03-06 20:00:00+01:00,2420.7106471475545
2028-03-06 21:00:00+01:00,2081.5254621942595
2028-03-06 22:00:00+01:00,1746.8620435023417
2028-03-06 23:00:00+01:00,1518.2164575354443
2028-03-07 00:00:00+01:00,1410.5496585296978
2028-03-07 01:00:00+01:00,1380.0233254385316
2028-03-07 02:00:00+01:00,1397.3335237407935
2028-03-07 03:00:00+01:00,1424.6166934929154
2028-03-07 04:00:00+01:00,1490.4299243103587
2028-03-07 05:00:00+01:00,1666.6249100926984
2028-03-07 06:00:00+01:00,1901.0034505087358
2028-03-07 07:00:00+01:00,2119.7244257170382
2028-03-07 08:00:00+01:00,2187.6465303310433
2028-03-07 09:00:00+01:00,2134.837797496117
2028-03-07 10:00:00+01:00,2043.939784727536
2028-03-07 11:00:00+01:00,1968.4615460300276
2028-03-07 12:00:00+01:00,1945.1973252024238
2028-03-07 13:00:00+01:00,1933.7929761355435
2028-03-07 14:00:00+01:00,1954.3730553976452
2028-03-07 15:00:00+01:00,2008.0950159060997
2028-03-07 16:00:00+01:00,2186.242628989468
2028-03-07 17:00:00+01:00,2455.0968478874815
2028-03-07 18:00:00+01:00,2673.672606250659
2028-03-07 19:00:00+01:00,2674.179667094573
2028-03-07 20:00:00+01:00,2462.002955796551
2028-03-07 21:00:00+01:00,2148.829113614573
2028-03-07 22:00:00+01:00,1857.9102470623152
2028-03-07 23:00:00+01:00,1596.9449811813593
2028-03-08 00:00:00+01:00,1449.8890425179536
2028-03-08 01:00:00+01:00,1332.790203432405
2028-03-08 02:00:00+01:00,1304.4098775876685
2028-03-08 03:00:00+01:00,1353.7335168123843
2028-03-08 04:00:00+01:00,1451.46555366028
2028-03-08 05:00:00+01:00,1646.2138232173033
2028-03-08 06:00:00+01:00,1894.4767632010107
2028-03-08 07:00:00+01:00,2133.906859336714
2028-03-08 08:00:00+01:00,2253.4049352199268
2028-03-08 09:00:00+01:00,2259.3913527887726
2028-03-08 10:00:00+01:00,2206.8248953220877
2028-03-08 11:00:00+01:00,2150.745698649
2028-03-08 12:00:00+01:00,2052.338495252809
2028-03-08 13:00:00+01:00,1950.997815674716
2028-03-08 14:00:00+01:00,1884.1532029968298
2028-03-08 15:00:00+01:00,1911.6503784106726
2028-03-08 16:00:00+01:00,2085.5540992395872
2028-03-08 17:00:00+01:00,2372.2499349170475
2028-03-08 18:00:00+01:00,2625.6926316024383
2028-03-08 19:00:00+01:00,2662.2347098437926
2028-03-08 20:00:00+01:00,2447.6521997325735
2028-03-08 21:00:00+01:00,2158.8069622162006
2028-03-08 22:00:00+01:00,1896.290140545523
2028-03-08 23:00:00+01:00,1720.2557960603056
2028-03-09 00:00:00+01:00,1565.7258848218264
2028-03-09 01:00:00+01:00,1502.0293259210428
2028-03-09 02:00:00+01:00,1463.787273870171
2028-03-09 03:00:00+01:00,1483.180308708863
2028-03-09 04:00:00+01:00,1538.1801239404258
2028-03-09 05:00:00+01:00,1682.1188200833224
2028-03-09 06:00:00+01:00,1875.3230185577559
2028-03-09 07:00:00+01:00,2055.706189498201
2028-03-09 08:00:00+01:00,2127.3862967345653
2028-03-09 09:00:00+01:00,2097.707346726018
2028-03-09 10:00:00+01:00,2043.7107246978653
2028-03-09 11:00:00+01:00,2016.9945062359816
2028-03-09 12:00:00+01:00,1997.017385496281
2028-03-09 13:00:00+01:00,1975.573362696063
2028-03-09 14:00:00+01:00,1981.9263664701386
2028-03-09 15:00:00+01:00,2042.2109510198754
2028-03-09 16:00:00+01:00,2191.3195256954104
2028-03-09 17:00:00+01:00,2420.847746735739
2028-03-09 18:00:00+01:00,2607.909266123719
2028-03-09 19:00:00+01:00,2643.325654461077
2028-03-09 20:00:00+01:00,2454.744538988569
2028-03-09 21:00:00+01:00,2141.1970525399524
2028-03-09 22:00:00+01:00,1821.9814380151806
2028-03-09 23:00:00+01:00,1600.1396368816727
2028-03-10 00:00:00+01:00,1483.2533246684557
2028-03-10 01:00:00+01:00,1413.862040803444
2028-03-10 02:00:00+01:00,1347.1643793259223
2028-03-10 03:00:00+01:00,1348.7887032132983
2028-03-10 04:00:00+01:00,1439.7205761615678
2028-03-10 05:00:00+01:00,1681.9802735305377
2028-03-10 06:00:00+01:00,1936.5088642817793
2028-03-10 07:00:00+01:00,2155.377799733113
2028-03-10 08:00:00+01:00,2215.4242262799103
2028-03-10 09:00:00+01:00,2205.4635737796543
2028-03-10 10:00:00+01:00,2150.4419449501997
2028-03-10 11:00:00+01:00,2110.9075360691654
2028-03-10 12:00:00+01:00,2075.5953674202538
2028-03-10 13:00:00+01:00,2065.182965880676
2028-03-10 14:00:00+01:00,2072.937370589851
2028-03-10 15:00:00+01:00,2105.204942454536
2028-03-10 16:00:00+01:00,2214.233053416884
2028-03-10 17:00:00+01:00,2432.7161225231275
2028-03-10 18:00:00+01:00,2608.8919593848477
2028-03-10 19:00:00+01:00,2600.4734777469853
2028-03-10 20:00:00+01:00,2349.061716033135
2028-03-10 21:00:00+01:00,2038.929610416884
2028-03-10 22:00:00+01:00,1762.1953384821757
2028-03-10 23:00:00+01:00,1574.4732807719536
2028-03-11 00:00:00+01:00,1269.3563543541175
2028-03-11 01:00:00+01:00,1223.2124083293515
2028-03-11 02:00:00+01:00,1208.9978721964267
2028-03-11 03:00:00+01:00,1232.1438832161955
2028-03-11 04:00:00+01:00,1300.7553454039958
2028-03-11 05:00:00+01:00,1468.1833623004707
2028-03-11 06:00:00+01:00,1669.9102809992403
2028-03-11 07:00:00+01:00,1849.201865571779
2028-03-11 08:00:00+01:00,1914.6955434673787
2028-03-11 09:00:00+01:00,1904.7681305973506
2028-03-11 10:00:00+01:00,1862.6068179241872
2028-03-11 11:00:00+01:00,1822.6708380585244
2028-03-11 12:00:00+01:00,1800.6331025950515
2028-03-11 13:00:00+01:00,1785.1020063665228
2028-03-11 14:00:00+01:00,1780.2073758905533
2028-03-11 15:00:00+01:00,1797.2977889088122
2028-03-11 16:00:00+01:00,1902.5728460947628
2028-03-11 17:00:00+01:00,2092.5686494388037
2028-03-11 18:00:00+01:00,2257.0935579531783
2028-03-11 19:00:00+01:00,2285.81598011989
2028-03-11 20:00:00+01:00,2123.323408615315
2028-03-11 21:00:00+01:00,1864.0504234692219
2028-03-11 22:00:00+01:00,1598.7549271655537
2028-03-11 23:00:00+01:00,1406.0611996666491
2028-03-12 00:00:00+01:00,1272.326189675106
2028-03-12 01:00:00+01:00,1207.6178254206852
2028-03-12 02:00:00+01:00,1173.7945049518364
2028-03-12 03:00:00+01:00,1185.3209368327848
2028-03-12 04:00:00+01:00,1253.1909801487018
2028-03-12 05:00:00+01:00,1442.9719677099201
2028-03-12 06:00:00+01:00,1647.7551460245204
2028-03-12 07:00:00+01:00,1826.470371066431
2028-03-12 08:00:00+01:00,1870.4242018274933
2028-03-12 09:00:00+01:00,1852.7252345234606
2028-03-12 10:00:00+01:00,1808.7749302936247
2028-03-12 11:00:00+01:00,1773.3351630073705
2028-03-12 12:00:00+01:00,1740.372685418672
2028-03-12 13:00:00+01:00,1714.700823414729
2028-03-12 14:00:00+01:00,1693.8817560168436
2028-03-12 15:00:00+01:00,1715.0778850157824
2028-03-12 16:00:00+01:00,1814.5114623316945
2028-03-12 17:00:00+01:00,2022.2554312382035
2028-03-12 18:00:00+01:00,2201.3061753186716
2028-03-12 19:00:00+01:00,2225.5644331911844
2028-03-12 20:00:00+01:00,2054.5230901379355
2028-03-12 21:00:00+01:00,1783.4022988511788
2028-03-12 22:00:00+01:00,1535.4973793086958
2028-03-12 23:00:00+01:00,1342.1266081878098
2028-03-13 00:00:00+01:00,1433.3040285786951
2028-03-13 01:00:00+01:00,1376.2929576067077
2028-03-13 02:00:00+01:00,1364.9421668046823
2028-03-13 03:00:00+01:00,1411.315425128931
2028-03-13 04:00:00+01:00,1498.2417690846075
2028-03-13 05:00:00+01:00,1703.4712616684876
2028-03-13 06:00:00+01:00,1955.790699407808
2028-03-13 07:00:00+01:00,2202.2879379305887
2028-03-13 08:00:00+01:00,2293.585570321894
2028-03-13 09:00:00+01:00,2267.0241563396285
2028-03-13 10:00:00+01:00,2201.136499087963
2028-03-13 11:00:00+01:00,2152.3707027575974
2028-03-13 12:00:00+01:00,2110.3195738727086
2028-03-13 13:00:00+01:00,2066.629575519928
2028-03-13 14:00:00+01:00,2024.4435799564362
2028-03-13 15:00:00+01:00,2025.109415870102
2028-03-13 16:00:00+01:00,2124.8710979069247
2028-03-13 17:00:00+01:00,2331.2849508809095
2028-03-13 18:00:00+01:00,2505.733031836209
2028-03-13 19:00:00+01:00,2529.3513683864203
2028-03-13 20:00:00+01:00,2371.481602792857
2028-03-13 21:00:00+01:00,2131.361790379761
2028-03-13 22:00:00+01:00,1852.3808840754743
2028-03-13 23:00:00+01:00,1602.8079891814837
2028-03-14 00:00:00+01:00,1442.5480463491533
2028-03-14 01:00:00+01:00,1363.7655361417292
2028-03-14 02:00:00+01:00,1351.1560522198474
2028-03-14 03:00:00+01:00,1394.0637507342465
2028-03-14 04:00:00+01:00,1486.383778247756
2028-03-14 05:00:00+01:00,1699.6886450278728
2028-03-14 06:00:00+01:00,1961.014771239089
2028-03-14 07:00:00+01:00,2185.6624644662425
2028-03-14 08:00:00+01:00,2245.385658891373
2028-03-14 09:00:00+01:00,2203.4478791931483
2028-03-14 10:00:00+01:00,2155.0100531574985
2028-03-14 11:00:00+01:00,2124.516342437867
2028-03-14 12:00:00+01:00,2092.1929634783182
2028-03-14 13:00:00+01:00,2043.0835181555315
2028-03-14 14:00:00+01:00,2016.0946267501504
2028-03-14 15:00:00+01:00,2039.3659460702202
2028-03-14 16:00:00+01:00,2161.326466910134
2028-03-14 17:00:00+01:00,2401.228734662032
2028-03-14 18:00:00+01:00,2614.7732890622847
2028-03-14 19:00:00+01:00,2685.898826590449
2028-03-14 20:00:00+01:00,2517.414929589918
2028-03-14 21:00:00+01:00,2234.5098915254844
2028-03-14 22:00:00+01:00,1920.6853158306812
2028-03-14 23:00:00+01:00,1645.0959745456662
2028-03-15 00:00:00+01:00,1481.273939187552
2028-03-15 01:00:00+01:00,1361.3331907011031
2028-03-15 02:00:00+01:00,1324.9655130339177
2028-03-15 03:00:00+01:00,1351.301106149483
2028-03-15 04:00:00+01:00,1457.5420674506086
2028-03-15 05:00:00+01:00,1679.7653919951827
2028-03-15 06:00:00+01:00,1943.715464966361
2028-03-15 07:00:00+01:00,2158.7399587025825
2028-03-15 08:00:00+01:00,2249.937375379754
2028-03-15 09:00:00+01:00,2234.1289648383163
2028-03-15 10:00:00+01:00,2198.8470160521515
2028-03-15 11:00:00+01:00,2129.962660103622
2028-03-15 12:00:00+01:00,2045.7138526282788
2028-03-15 13:00:00+01:00,1944.9390275335888
2028-03-15 14:00:00+01:00,1904.3992582803667
2028-03-15 15:00:00+01:00,1934.555867021334
2028-03-15 16:00:00+01:00,2108.2127498742457
2028-03-15 17:00:00+01:00,2404.543745971839
2028-03-15 18:00:00+01:00,2676.3051137099856
2028-03-15 19:00:00+01:00,2791.05802310739
2028-03-15 20:00:00+01:00,2636.2266599357404
2028-03-15 21:00:00+01:00,2341.9316115108245
2028-03-15 22:00:00+01:00,1992.4029193277015
2028-03-15 23:00:00+01:00,1711.9827592879371
2028-03-16 00:00:00+01:00,1507.6866721672966
2028-03-16 01:00:00+01:00,1407.5772550549364
2028-03-16 02:00:00+01:00,1358.088900110722
2028-03-16 03:00:00+01:00,1355.2141223051983
2028-03-16 04:00:00+01:00,1420.1970728470642
2028-03-16 05:00:00+01:00,1638.0687532058994
2028-03-16 06:00:00+01:00,1903.1583926721007
2028-03-16 07:00:00+01:00,2127.5307938511837
2028-03-16 08:00:00+01:00,2184.6132257315344
2028-03-16 09:00:00+01:00,2151.5428579813106
2028-03-16 10:00:00+01:00,2102.1542754968164
2028-03-16 11:00:00+01:00,2074.2825723273927
2028-03-16 12:00:00+01:00,2053.3873701242383
2028-03-16 13:00:00+01:00,2027.913057486115
2028-03-16 14:00:00+01:00,2004.0610263570466
2028-03-16 15:00:00+01:00,2043.3624251288556
2028-03-16 16:00:00+01:00,2199.5908730721785
2028-03-16 17:00:00+01:00,2505.9272736001485
2028-03-16 18:00:00+01:00,2766.51641131528
2028-03-16 19:00:00+01:00,2832.7659986830245
2028-03-16 20:00:00+01:00,2639.831020695544
2028-03-16 21:00:00+01:00,2289.8960062534666
2028-03-16 22:00:00+01:00,1921.9777179456703
2028-03-16 23:00:00+01:00,1608.9773615713223
2028-03-17 00:00:00+01:00,1476.7702679023
2028-03-17 01:00:00+01:00,1398.7745290479545
2028-03-17 02:00:00+01:00,1367.258068074877
2028-03-17 03:00:00+01:00,1373.1956230210017
2028-03-17 04:00:00+01:00,1444.4337857789164
2028-03-17 05:00:00+01:00,1657.6372716331823
2028-03-17 06:00:00+01:00,1930.0803597426714
2028-03-17 07:00:00+01:00,2174.9903219780886
2028-03-17 08:00:00+01:00,2243.5340816396833
2028-03-17 09:00:00+01:00,2215.3357645653496
2028-03-17 10:00:00+01:00,2159.0577001936863
2028-03-17 11:00:00+01:00,2114.794630421658
2028-03-17 12:00:00+01:00,2068.3828264296744
2028-03-17 13:00:00+01:00,2015.4035311438756
2028-03-17 14:00:00+01:00,1999.102510008684
2028-03-17 15:00:00+01:00,2023.173239262282
2028-03-17 16:00:00+01:00,2145.905849182687
2028-03-17 17:00:00+01:00,2444.9670347779293
2028-03-17 18:00:00+01:00,2720.6296921640255
2028-03-17 19:00:00+01:00,2804.464611713225
2028-03-17 20:00:00+01:00,2564.6976664372532
2028-03-17 21:00:00+01:00,2203.149176855535
2028-03-17 22:00:00+01:00,1866.0068785760443
2028-03-17 23:00:00+01:00,1619.3101225172015
2028-03-18 00:00:00+01:00,1251.7454643830954
2028-03-18 01:00:00+01:00,1214.3737425895201
2028-03-18 02:00:00+01:00,1235.2108779868713
2028-03-18 03:00:00+01:00,1301.855302897571
2028-03-18 04:00:00+01:00,1394.6611621947015
2028-03-18 05:00:00+01:00,1571.6808674011977
2028-03-18 06:00:00+01:00,1761.8585178095686
2028-03-18 07:00:00+01:00,1929.6674559543526
2028-03-18 08:00:00+01:00,1981.4512074494974
2028-03-18 09:00:00+01:00,1939.9737518057868
2028-03-18 10:00:00+01:00,1854.7271842808307
2028-03-18 11:00:00+01:00,1770.0956679043613
2028-03-18 12:00:00+01:00,1708.928319319454
2028-03-18 13:00:00+01:00,1676.01926689254
2028-03-18 14:00:00+01:00,1674.4233760834584
2028-03-18 15:00:00+01:00,1720.9511490565083
2028-03-18 16:00:00+01:00,1856.0765530194255
2028-03-18 17:00:00+01:00,2076.7823749879653
2028-03-18 18:00:00+01:00,2284.715023919841
2028-03-18 19:00:00+01:00,2350.7076515332174
2028-03-18 20:00:00+01:00,2225.421484760056
2028-03-18 21:00:00+01:00,1992.6899060180106
2028-03-18 22:00:00+01:00,1721.3911167174117
2028-03-18 23:00:00+01:00,1490.608420391418
2028-03-19 00:00:00+01:00,1295.2840609384782
2028-03-19 01:00:00+01:00,1218.749727032768
2028-03-19 02:00:00+01:00,1195.5236835285373
2028-03-19 03:00:00+01:00,1212.5041703487607
2028-03-19 04:00:00+01:00,1270.997695465093
2028-03-19 05:00:00+01:00,1443.0776115430926
2028-03-19 06:00:00+01:00,1683.282173108813
2028-03-19 07:00:00+01:00,1890.9138790087698
2028-03-19 08:00:00+01:00,1962.2869297189363
2028-03-19 09:00:00+01:00,1934.1309544968938
2028-03-19 10:00:00+01:00,1896.0597981488636
2028-03-19 11:00:00+01:00,1845.0068393201636
2028-03-19 12:00:00+01:00,1784.693357833182
2028-03-19 13:00:00+01:00,1707.3919146390626
2028-03-19 14:00:00+01:00,1645.3459129165199
2028-03-19 15:00:00+01:00,1641.0891173775578
2028-03-19 16:00:00+01:00,1734.4364872851454
2028-03-19 17:00:00+01:00,1959.0008286508366
2028-03-19 18:00:00+01:00,2165.714076660608
2028-03-19 19:00:00+01:00,2220.874498765469
2028-03-19 20:00:00+01:00,2082.099773648675
2028-03-19 21:00:00+01:00,1830.8821427096464
2028-03-19 22:00:00+01:00,1617.5747647491708
2028-03-19 23:00:00+01:00,1437.5662389267422
2028-03-20 00:00:00+01:00,1574.901965297184
2028-03-20 01:00:00+01:00,1490.6651631734012
2028-03-20 02:00:00+01:00,1458.0699824431963
2028-03-20 03:00:00+01:00,1470.171032086526
2028-03-20 04:00:00+01:00,1527.3958917003984
2028-03-20 05:00:00+01:00,1708.3816274680476
2028-03-20 06:00:00+01:00,1950.0404790821597
2028-03-20 07:00:00+01:00,2181.5995607609734
2028-03-20 08:00:00+01:00,2250.9930445767977
2028-03-20 09:00:00+01:00,2201.7714177263597
2028-03-20 10:00:00+01:00,2083.882100173096
2028-03-20 11:00:00+01:00,1999.5650485607912
2028-03-20 12:00:00+01:00,1950.3163243677589
2028-03-20 13:00:00+01:00,1941.4538900892164
2028-03-20 14:00:00+01:00,1945.519961723791
2028-03-20 15:00:00+01:00,1997.1425274831743
2028-03-20 16:00:00+01:00,2142.6723620372136
2028-03-20 17:00:00+01:00,2441.012161714088
2028-03-20 18:00:00+01:00,2739.425238303036
2028-03-20 19:00:00+01:00,2842.1449551425226
2028-03-20 20:00:00+01:00,2649.4390759197568
2028-03-20 21:00:00+01:00,2300.6344445848313
2028-03-20 22:00:00+01:00,1981.8542537618491
2028-03-20 23:00:00+01:00,1743.9482036020243
2028-03-21 00:00:00+01:00,1590.841447355937
2028-03-21 01:00:00+01:00,1512.386998019795
2028-03-21 02:00:00+01:00,1473.9976185926273
2028-03-21 03:00:00+01:00,1493.647604274457
2028-03-21 04:00:00+01:00,1554.019890590081
2028-03-21 05:00:00+01:00,1735.838085010786
2028-03-21 06:00:00+01:00,1945.8936243568194
2028-03-21 07:00:00+01:00,2125.741938006651
2028-03-21 08:00:00+01:00,2186.191411502507
2028-03-21 09:00:00+01:00,2159.7508748708087
2028-03-21 10:00:00+01:00,2123.6681767844993
2028-03-21 11:00:00+01:00,2074.2576673365334
2028-03-21 12:00:00+01:00,2032.707677977539
2028-03-21 13:00:00+01:00,1997.7901674273007
2028-03-21 14:00:00+01:00,1988.8497232072555
2028-03-21 15:00:00+01:00,2034.4388676944616
2028-03-21 16:00:00+01:00,2181.292884491929
2028-03-21 17:00:00+01:00,2485.1427945640958
2028-03-21 18:00:00+01:00,2775.193600584311
2028-03-21 19:00:00+01:00,2854.0896715403574
2028-03-21 20:00:00+01:00,2664.8756555778195
2028-03-21 21:00:00+01:00,2315.95389050261
2028-03-21 22:00:00+01:00,1974.5450690573705
2028-03-21 23:00:00+01:00,1662.9894184776142
2028-03-22 00:00:00+01:00,1486.253742113719
2028-03-22 01:00:00+01:00,1374.3259898779254
2028-03-22 02:00:00+01:00,1361.0467010865336
2028-03-22 03:00:00+01:00,1420.7598924964434
2028-03-22 04:00:00+01:00,1528.3466816240038
2028-03-22 05:00:00+01:00,1731.343345701049
2028-03-22 06:00:00+01:00,1961.9657521143458
2028-03-22 07:00:00+01:00,2173.641179257755
2028-03-22 08:00:00+01:00,2239.3103872687952
2028-03-22 09:00:00+01:00,2233.196975438131
2028-03-22 10:00:00+01:00,2174.195734852067
2028-03-22 11:00:00+01:00,2119.4705868803358
2028-03-22 12:00:00+01:00,2044.5622741375903
2028-03-22 13:00:00+01:00,1981.8549560483566
2028-03-22 14:00:00+01:00,1957.5197292381426
2028-03-22 15:00:00+01:00,2003.3580733604429
2028-03-22 16:00:00+01:00,2158.6284148247823
2028-03-22 17:00:00+01:00,2471.593114375958
2028-03-22 18:00:00+01:00,2754.9243282471557
2028-03-22 19:00:00+01:00,2853.544026583723
2028-03-22 20:00:00+01:00,2676.510800092199
2028-03-22 21:00:00+01:00,2376.2249329772767
2028-03-22 22:00:00+01:00,2066.880934982083
2028-03-22 23:00:00+01:00,1817.4961836162322
2028-03-23 00:00:00+01:00,1634.3601342010754
2028-03-23 01:00:00+01:00,1556.4402493056355
2028-03-23 02:00:00+01:00,1525.2262799507284
2028-03-23 03:00:00+01:00,1530.5966702514486
2028-03-23 04:00:00+01:00,1579.9568270815762
2028-03-23 05:00:00+01:00,1741.5066695240819
2028-03-23 06:00:00+01:00,1958.3663875923805
2028-03-23 07:00:00+01:00,2169.7215478397247
2028-03-23 08:00:00+01:00,2246.3633697108316
2028-03-23 09:00:00+01:00,2229.8248414498516
2028-03-23 10:00:00+01:00,2187.5392485145107
2028-03-23 11:00:00+01:00,2137.4191247276185
2028-03-23 12:00:00+01:00,2099.6266397039767
2028-03-23 13:00:00+01:00,2056.7389019657458
2028-03-23 14:00:00+01:00,2035.3259170481335
2028-03-23 15:00:00+01:00,2051.9085106777857
2028-03-23 16:00:00+01:00,2141.7211013718884
2028-03-23 17:00:00+01:00,2362.9203163329166
2028-03-23 18:00:00+01:00,2596.2106961814993
2028-03-23 19:00:00+01:00,2691.563480791592
2028-03-23 20:00:00+01:00,2546.6472848319495
2028-03-23 21:00:00+01:00,2254.3777279889227
2028-03-23 22:00:00+01:00,1954.0313950867721
2028-03-23 23:00:00+01:00,1718.6662089846873
2028-03-24 00:00:00+01:00,1553.5799683148134
2028-03-24 01:00:00+01:00,1458.9540065080275
2028-03-24 02:00:00+01:00,1431.6960182209673
2028-03-24 03:00:00+01:00,1448.1941719804754
2028-03-24 04:00:00+01:00,1533.4367953159342
2028-03-24 05:00:00+01:00,1737.0550018275428
2028-03-24 06:00:00+01:00,1986.1996336073569
2028-03-24 07:00:00+01:00,2217.4580505413765
2028-03-24 08:00:00+01:00,2291.1716887913885
2028-03-24 09:00:00+01:00,2257.559425389079
2028-03-24 10:00:00+01:00,2183.4912814407035
2028-03-24 11:00:00+01:00,2131.8727038646634
2028-03-24 12:00:00+01:00,2094.9725720418137
2028-03-24 13:00:00+01:00,2067.233118735551
2028-03-24 14:00:00+01:00,2025.4995233251475
2028-03-24 15:00:00+01:00,2029.0378784399531
2028-03-24 16:00:00+01:00,2118.555449367697
2028-03-24 17:00:00+01:00,2365.615890464018
2028-03-24 18:00:00+01:00,2594.9012465027117
2028-03-24 19:00:00+01:00,2700.710003287086
2028-03-24 20:00:00+01:00,2554.214812246519
2028-03-24 21:00:00+01:00,2284.7419887518267
2028-03-24 22:00:00+01:00,1991.0348073543591
2028-03-24 23:00:00+01:00,1743.8681766751165
2028-03-25 00:00:00+01:00,1392.9906088107614
2028-03-25 01:00:00+01:00,1301.2114644155736
2028-03-25 02:00:00+01:00,1271.1822572846477
2028-03-25 03:00:00+01:00,1272.637729554338
2028-03-25 04:00:00+01:00,1344.162419682805
2028-03-25 05:00:00+01:00,1509.2807632525116
2028-03-25 06:00:00+01:00,1727.8937582186174
2028-03-25 07:00:00+01:00,1912.5038260594479
2028-03-25 08:00:00+01:00,1982.2340117478925
2028-03-25 09:00:00+01:00,1959.8448705977137
2028-03-25 10:00:00+01:00,1920.0268887541147
2028-03-25 11:00:00+01:00,1883.6440801748086
2028-03-25 12:00:00+01:00,1846.1595930197086
2028-03-25 13:00:00+01:00,1802.966975302609
2028-03-25 14:00:00+01:00,1779.5134858277224
2028-03-25 15:00:00+01:00,1797.988121838347
2028-03-25 16:00:00+01:00,1883.7451344544538
2028-03-25 17:00:00+01:00,2076.1749509677493
2028-03-25 18:00:00+01:00,2303.739639659225
2028-03-25 19:00:00+01:00,2401.1766864972706
2028-03-25 20:00:00+01:00,2262.383931740461
2028-03-25 21:00:00+01:00,1952.2018357363186
2028-03-25 22:00:00+01:00,1654.9498436184406
2028-03-25 23:00:00+01:00,1437.599094977597
2028-03-26 00:00:00+01:00,1313.6901834342991
2028-03-26 01:00:00+01:00,1272.7742482858541
2028-03-26 03:00:00+02:00,1271.4579190755705
2028-03-26 04:00:00+02:00,1281.2915746057092
2028-03-26 05:00:00+02:00,1309.4650011354515
2028-03-26 06:00:00+02:00,1464.827668785768
2028-03-26 07:00:00+02:00,1698.809681717823
2028-03-26 08:00:00+02:00,1928.7176803828743
2028-03-26 09:00:00+02:00,2013.4132011980316
2028-03-26 10:00:00+02:00,1983.6278076144624
2028-03-26 11:00:00+02:00,1938.7367985067388
2028-03-26 12:00:00+02:00,1887.6541248993315
2028-03-26 13:00:00+02:00,1842.2919638076687
2028-03-26 14:00:00+02:00,1783.061579042097
2028-03-26 15:00:00+02:00,1737.060741990736
2028-03-26 16:00:00+02:00,1750.7162836529435
2028-03-26 17:00:00+02:00,1827.638626193432
2028-03-26 18:00:00+02:00,2022.5163635728682
2028-03-26 19:00:00+02:00,2229.8416362346125
2028-03-26 20:00:00+02:00,2322.7312766022233
2028-03-26 21:00:00+02:00,2219.0146778970443
2028-03-26 22:00:00+02:00,1964.7032359517848
2028-03-26 23:00:00+02:00,1709.6741297207047
2028-03-27 00:00:00+02:00,1754.2938240901813
2028-03-27 01:00:00+02:00,1618.7645771487269
2028-03-27 02:00:00+02:00,1544.2780770679465
2028-03-27 03:00:00+02:00,1505.587038604886
2028-03-27 04:00:00+02:00,1501.7399904210013
2028-03-27 05:00:00+02:00,1543.5320639472427
2028-03-27 06:00:00+02:00,1729.1930801928106
2028-03-27 07:00:00+02:00,2021.857339095731
2028-03-27 08:00:00+02:00,2298.0689429571607
2028-03-27 09:00:00+02:00,2422.7161565577812
2028-03-27 10:00:00+02:00,2384.604788004458
2028-03-27 11:00:00+02:00,2293.2907739981206
2028-03-27 12:00:00+02:00,2211.240835366905
2028-03-27 13:00:00+02:00,2152.2965151507983
2028-03-27 14:00:00+02:00,2104.957609454011
2028-03-27 15:00:00+02:00,2072.19709269591
2028-03-27 16:00:00+02:00,2079.809067988057
2028-03-27 17:00:00+02:00,2134.718589807853
2028-03-27 18:00:00+02:00,2292.8241498913862
2028-03-27 19:00:00+02:00,2520.36293824285
2028-03-27 20:00:00+02:00,2685.3164530529475
2028-03-27 21:00:00+02:00,2628.419967024108
2028-03-27 22:00:00+02:00,2357.829171390211
2028-03-27 23:00:00+02:00,2030.9385350137402
2028-03-28 00:00:00+02:00,1799.5548302509799
2028-03-28 01:00:00+02:00,1617.0491810939507
2028-03-28 02:00:00+02:00,1554.892796931197
2028-03-28 03:00:00+02:00,1530.6343113211333
2028-03-28 04:00:00+02:00,1558.7135235508083
2028-03-28 05:00:00+02:00,1626.340702531686
2028-03-28 06:00:00+02:00,1786.4050522501525
2028-03-28 07:00:00+02:00,1991.5567178030021
2028-03-28 08:00:00+02:00,2195.480193737989
2028-03-28 09:00:00+02:00,2264.2178716367007
2028-03-28 10:00:00+02:00,2237.6621978134176
2028-03-28 11:00:00+02:00,2166.3033088519323
2028-03-28 12:00:00+02:00,2118.8698164145967
2028-03-28 13:00:00+02:00,2084.989082019295
2028-03-28 14:00:00+02:00,2053.759822801852
2028-03-28 15:00:00+02:00,2040.1315833756496
2028-03-28 16:00:00+02:00,2086.991608909207
2028-03-28 17:00:00+02:00,2208.9763868772443
2028-03-28 18:00:00+02:00,2416.810310403906
2028-03-28 19:00:00+02:00,2712.433622010472
2028-03-28 20:00:00+02:00,2902.1976950138883
2028-03-28 21:00:00+02:00,2849.9789161840426
2028-03-28 22:00:00+02:00,2517.590426215486
2028-03-28 23:00:00+02:00,2124.575742159999
2028-03-29 00:00:00+02:00,1795.1897900726797
2028-03-29 01:00:00+02:00,1658.3847685448532
2028-03-29 02:00:00+02:00,1545.59622967692
2028-03-29 03:00:00+02:00,1483.7167982916912
2028-03-29 04:00:00+02:00,1486.254775171382
2028-03-29 05:00:00+02:00,1529.382247879952
2028-03-29 06:00:00+02:00,1701.5889743961686
2028-03-29 07:00:00+02:00,1935.0675211168025
2028-03-29 08:00:00+02:00,2147.2671123629866
2028-03-29 09:00:00+02:00,2246.028148068108
2028-03-29 10:00:00+02:00,2249.894073920973
2028-03-29 11:00:00+02:00,2210.790520741837
2028-03-29 12:00:00+02:00,2161.6876683894525
2028-03-29 13:00:00+02:00,2127.693016435493
2028-03-29 14:00:00+02:00,2086.1320096403347
2028-03-29 15:00:00+02:00,2068.4120600647984
2028-03-29 16:00:00+02:00,2088.664466729864
2028-03-29 17:00:00+02:00,2174.831146824309
2028-03-29 18:00:00+02:00,2372.42817630942
2028-03-29 19:00:00+02:00,2713.572670199942
2028-03-29 20:00:00+02:00,2954.092427609735
2028-03-29 21:00:00+02:00,2931.174030087242
2028-03-29 22:00:00+02:00,2600.695044980533
2028-03-29 23:00:00+02:00,2228.246163230636
2028-03-30 00:00:00+02:00,1915.4594578452782
2028-03-30 01:00:00+02:00,1731.1500738206944
2028-03-30 02:00:00+02:00,1617.8571614513287
2028-03-30 03:00:00+02:00,1556.7364335884672
2028-03-30 04:00:00+02:00,1536.5150495986898
2028-03-30 05:00:00+02:00,1581.6001953128307
2028-03-30 06:00:00+02:00,1747.3865497008223
2028-03-30 07:00:00+02:00,1975.2156032413416
2028-03-30 08:00:00+02:00,2202.244089999947
2028-03-30 09:00:00+02:00,2308.8425235134328
2028-03-30 10:00:00+02:00,2325.7290233026615
2028-03-30 11:00:00+02:00,2295.235297278379
2028-03-30 12:00:00+02:00,2255.6342087687
2028-03-30 13:00:00+02:00,2214.044540699912
2028-03-30 14:00:00+02:00,2181.436203741958
2028-03-30 15:00:00+02:00,2163.4283753563377
2028-03-30 16:00:00+02:00,2178.8203996291413
2028-03-30 17:00:00+02:00,2216.461112393873
2028-03-30 18:00:00+02:00,2298.189571121894
2028-03-30 19:00:00+02:00,2518.7274236400867
2028-03-30 20:00:00+02:00,2680.537952311924
2028-03-30 21:00:00+02:00,2663.5507953993742
2028-03-30 22:00:00+02:00,2340.3784881126644
2028-03-30 23:00:00+02:00,1988.5121158870147
2028-03-31 00:00:00+02:00,1662.3188130001752
2028-03-31 01:00:00+02:00,1586.9523392810668
2028-03-31 02:00:00+02:00,1544.9195036615388
2028-03-31 03:00:00+02:00,1554.1521662464208
2028-03-31 04:00:00+02:00,1637.5441093519985
2028-03-31 05:00:00+02:00,1846.2730709387456
2028-03-31 06:00:00+02:00,2129.6634865535434
2028-03-31 07:00:00+02:00,2357.9185694070816
2028-03-31 08:00:00+02:00,2451.798350551643
2028-03-31 09:00:00+02:00,2419.67711448051
2028-03-31 10:00:00+02:00,2338.9639832390394
2028-03-31 11:00:00+02:00,2250.0629756980134
2028-03-31 12:00:00+02:00,2177.944750008327
2028-03-31 13:00:00+02:00,2133.2161395035864
2028-03-31 14:00:00+02:00,2108.3968706710466
2028-03-31 15:00:00+02:00,2118.5236377164174
2028-03-31 16:00:00+02:00,2151.7190156290417
2028-03-31 17:00:00+02:00,2226.9600004463823
2028-03-31 18:00:00+02:00,2410.5311165151993
2028-03-31 19:00:00+02:00,2579.4449661065573
2028-03-31 20:00:00+02:00,2582.592858369784
2028-03-31 21:00:00+02:00,2332.229911165351
2028-03-31 22:00:00+02:00,2012.4789512972804
2028-03-31 23:00:00+02:00,1784.7147308124443
2028-04-01 00:00:00+02:00,1448.0124345487445
2028-04-01 01:00:00+02:00,1395.5065677110392
2028-04-01 02:00:00+02:00,1367.2448254084034
2028-04-01 03:00:00+02:00,1363.5252181489045
2028-04-01 04:00:00+02:00,1423.3093370771194
2028-04-01 05:00:00+02:00,1605.687608553308
2028-04-01 06:00:00+02:00,1840.5104889157637
2028-04-01 07:00:00+02:00,2048.6535913495118
2028-04-01 08:00:00+02:00,2102.3864953390575
2028-04-01 09:00:00+02:00,2039.6100597660661
2028-04-01 10:00:00+02:00,1934.5754173465245
2028-04-01 11:00:00+02:00,1865.0545537211372
2028-04-01 12:00:00+02:00,1835.2320515398392
2028-04-01 13:00:00+02:00,1814.3067409477997
2028-04-01 14:00:00+02:00,1797.6653377072153
2028-04-01 15:00:00+02:00,1808.5986591337912
2028-04-01 16:00:00+02:00,1846.5368238275676
2028-04-01 17:00:00+02:00,1938.5529485690165
2028-04-01 18:00:00+02:00,2150.055401165668
2028-04-01 19:00:00+02:00,2359.0155306563634
2028-04-01 20:00:00+02:00,2417.34031811065
2028-04-01 21:00:00+02:00,2216.7335793394027
2028-04-01 22:00:00+02:00,1912.3089881835892
2028-04-01 23:00:00+02:00,1647.9821353792818
2028-04-02 00:00:00+02:00,1464.7038023249477
2028-04-02 01:00:00+02:00,1394.1468499998591
2028-04-02 02:00:00+02:00,1367.9204846679474
2028-04-02 03:00:00+02:00,1370.4527358141595
2028-04-02 04:00:00+02:00,1409.2909339296816
2028-04-02 05:00:00+02:00,1555.6115735252733
2028-04-02 06:00:00+02:00,1784.0067292814042
2028-04-02 07:00:00+02:00,1991.0837020456818
2028-04-02 08:00:00+02:00,2073.0782652404973
2028-04-02 09:00:00+02:00,2017.6247272063704
2028-04-02 10:00:00+02:00,1935.7011213767278
2028-04-02 11:00:00+02:00,1862.4142783321208
2028-04-02 12:00:00+02:00,1806.4061225000805
2028-04-02 13:00:00+02:00,1751.7278499179672
2028-04-02 14:00:00+02:00,1711.0056010478786
2028-04-02 15:00:00+02:00,1705.6036806317688
2028-04-02 16:00:00+02:00,1731.691680115
2028-04-02 17:00:00+02:00,1815.2880154413253
2028-04-02 18:00:00+02:00,2036.5949343788764
2028-04-02 19:00:00+02:00,2255.6756375773534
2028-04-02 20:00:00+02:00,2307.4518498282546
2028-04-02 21:00:00+02:00,2103.1348648725466
2028-04-02 22:00:00+02:00,1804.755801375972
2028-04-02 23:00:00+02:00,1581.9351610171436
2028-04-03 00:00:00+02:00,1717.9420695369988
2028-04-03 01:00:00+02:00,1661.6474805796836
2028-04-03 02:00:00+02:00,1654.0069095246579
2028-04-03 03:00:00+02:00,1675.6541381908157
2028-04-03 04:00:00+02:00,1745.2981577499831
2028-04-03 05:00:00+02:00,1917.5816571509156
2028-04-03 06:00:00+02:00,2161.9217510261624
2028-04-03 07:00:00+02:00,2381.199546413886
2028-04-03 08:00:00+02:00,2454.3591083281713
2028-04-03 09:00:00+02:00,2392.9458726301636
2028-04-03 10:00:00+02:00,2292.1255493626622
2028-04-03 11:00:00+02:00,2212.5976375180126
2028-04-03 12:00:00+02:00,2152.2989581397405
2028-04-03 13:00:00+02:00,2098.202923470448
2028-04-03 14:00:00+02:00,2062.549665469415
2028-04-03 15:00:00+02:00,2048.3309434428825
2028-04-03 16:00:00+02:00,2065.814015939004
2028-04-03 17:00:00+02:00,2129.7282979738834
2028-04-03 18:00:00+02:00,2366.472266535755
2028-04-03 19:00:00+02:00,2621.2325658230957
2028-04-03 20:00:00+02:00,2707.659294969834
2028-04-03 21:00:00+02:00,2508.3468076907043
2028-04-03 22:00:00+02:00,2202.918459885909
2028-04-03 23:00:00+02:00,1967.9897362184392
2028-04-04 00:00:00+02:00,1816.9953553536277
2028-04-04 01:00:00+02:00,1730.0763618327403
2028-04-04 02:00:00+02:00,1692.073434810307
2028-04-04 03:00:00+02:00,1688.9491390462767
2028-04-04 04:00:00+02:00,1744.906966669424
2028-04-04 05:00:00+02:00,1863.1885573183022
2028-04-04 06:00:00+02:00,2058.781557307609
2028-04-04 07:00:00+02:00,2241.8738272486603
2028-04-04 08:00:00+02:00,2344.418243692962
2028-04-04 09:00:00+02:00,2333.0704680429785
2028-04-04 10:00:00+02:00,2267.5455449804303
2028-04-04 11:00:00+02:00,2212.5444122332656
2028-04-04 12:00:00+02:00,2168.740526149847
2028-04-04 13:00:00+02:00,2126.4442190033496
2028-04-04 14:00:00+02:00,2103.020394408292
2028-04-04 15:00:00+02:00,2108.637476873512
2028-04-04 16:00:00+02:00,2166.8062310530327
2028-04-04 17:00:00+02:00,2267.3472413106037
2028-04-04 18:00:00+02:00,2511.905471526771
2028-04-04 19:00:00+02:00,2728.809074911803
2028-04-04 20:00:00+02:00,2766.9046315339
2028-04-04 21:00:00+02:00,2528.295173269936
2028-04-04 22:00:00+02:00,2179.565740288884
2028-04-04 23:00:00+02:00,1917.6944927934146
2028-04-05 00:00:00+02:00,1768.3696587305542
2028-04-05 01:00:00+02:00,1698.0455166005254
2028-04-05 02:00:00+02:00,1669.4327365930512
2028-04-05 03:00:00+02:00,1672.1341422424125
2028-04-05 04:00:00+02:00,1727.2969660415883
2028-04-05 05:00:00+02:00,1867.0274090981918
2028-04-05 06:00:00+02:00,2068.055687739478
2028-04-05 07:00:00+02:00,2257.4661689825066
2028-04-05 08:00:00+02:00,2326.6866666386554
2028-04-05 09:00:00+02:00,2294.7081355378464
2028-04-05 10:00:00+02:00,2234.123064451431
2028-04-05 11:00:00+02:00,2190.647438564071
2028-04-05 12:00:00+02:00,2148.5073337134536
2028-04-05 13:00:00+02:00,2103.622402630659
2028-04-05 14:00:00+02:00,2067.9346807756483
2028-04-05 15:00:00+02:00,2078.6536198235094
2028-04-05 16:00:00+02:00,2135.902412124242
2028-04-05 17:00:00+02:00,2289.264751367092
2028-04-05 18:00:00+02:00,2555.360713248649
2028-04-05 19:00:00+02:00,2793.951658502424
2028-04-05 20:00:00+02:00,2841.498408298956
2028-04-05 21:00:00+02:00,2621.9774573750215
2028-04-05 22:00:00+02:00,2274.005802648356
2028-04-05 23:00:00+02:00,1970.739412053977
2028-04-06 00:00:00+02:00,1766.4530217934696
2028-04-06 01:00:00+02:00,1655.0090851824582
2028-04-06 02:00:00+02:00,1588.6757079993333
2028-04-06 03:00:00+02:00,1564.251954034629
2028-04-06 04:00:00+02:00,1608.9046437985808
2028-04-06 05:00:00+02:00,1785.3681263236435
2028-04-06 06:00:00+02:00,2041.8046079098524
2028-04-06 07:00:00+02:00,2279.296479780107
2028-04-06 08:00:00+02:00,2367.243953001379
2028-04-06 09:00:00+02:00,2343.849174409939
2028-04-06 10:00:00+02:00,2299.4691290029596
2028-04-06 11:00:00+02:00,2278.777502492761
2028-04-06 12:00:00+02:00,2261.3544040946836
2028-04-06 13:00:00+02:00,2218.301360534469
2028-04-06 14:00:00+02:00,2179.1423502379516
2028-04-06 15:00:00+02:00,2173.8095999467637
2028-04-06 16:00:00+02:00,2229.430334855356
2028-04-06 17:00:00+02:00,2350.5629042858627
2028-04-06 18:00:00+02:00,2591.9860828998376
2028-04-06 19:00:00+02:00,2788.646893117389
2028-04-06 20:00:00+02:00,2796.534975273552
2028-04-06 21:00:00+02:00,2530.773477472399
2028-04-06 22:00:00+02:00,2165.039698587426
2028-04-06 23:00:00+02:00,1874.4652883985743
2028-04-07 00:00:00+02:00,1661.2044222990992
2028-04-07 01:00:00+02:00,1576.6027026196448
2028-04-07 02:00:00+02:00,1549.7521262433686
2028-04-07 03:00:00+02:00,1575.5987521514407
2028-04-07 04:00:00+02:00,1639.5019854299358
2028-04-07 05:00:00+02:00,1823.3104392750395
2028-04-07 06:00:00+02:00,2079.1255465107697
2028-04-07 07:00:00+02:00,2321.2261033085497
2028-04-07 08:00:00+02:00,2420.991549306166
2028-04-07 09:00:00+02:00,2380.4784105088615
2028-04-07 10:00:00+02:00,2306.863612302197
2028-04-07 11:00:00+02:00,2240.6713302474495
2028-04-07 12:00:00+02:00,2207.0594159019834
2028-04-07 13:00:00+02:00,2167.9089222070493
2028-04-07 14:00:00+02:00,2138.7933909631365
2028-04-07 15:00:00+02:00,2145.6415521209838
2028-04-07 16:00:00+02:00,2206.4184836433396
2028-04-07 17:00:00+02:00,2335.373146601181
2028-04-07 18:00:00+02:00,2571.9263062579807
2028-04-07 19:00:00+02:00,2783.791677563615
2028-04-07 20:00:00+02:00,2803.79249026405
2028-04-07 21:00:00+02:00,2564.7865095176317
2028-04-07 22:00:00+02:00,2214.172530134653
2028-04-07 23:00:00+02:00,1911.679692440776
2028-04-08 00:00:00+02:00,1555.992080519825
2028-04-08 01:00:00+02:00,1471.768253028605
2028-04-08 02:00:00+02:00,1455.7054282357958
2028-04-08 03:00:00+02:00,1466.7074889211633
2028-04-08 04:00:00+02:00,1512.825112415599
2028-04-08 05:00:00+02:00,1637.573183981875
2028-04-08 06:00:00+02:00,1820.3688734976147
2028-04-08 07:00:00+02:00,2017.7573657986202
2028-04-08 08:00:00+02:00,2115.354304764476
2028-04-08 09:00:00+02:00,2096.914476324512
2028-04-08 10:00:00+02:00,2017.36830717116
2028-04-08 11:00:00+02:00,1943.1984164902676
2028-04-08 12:00:00+02:00,1891.6702733250263
2028-04-08 13:00:00+02:00,1849.043993290714
2028-04-08 14:00:00+02:00,1829.3196284421365
2028-04-08 15:00:00+02:00,1855.7540135549996
2028-04-08 16:00:00+02:00,1921.0994760719784
2028-04-08 17:00:00+02:00,2024.4239291425147
2028-04-08 18:00:00+02:00,2222.171924926448
2028-04-08 19:00:00+02:00,2402.495915474736
2028-04-08 20:00:00+02:00,2458.614126274028
2028-04-08 21:00:00+02:00,2280.3596053699334
2028-04-08 22:00:00+02:00,1995.1644817072747
2028-04-08 23:00:00+02:00,1724.3523810052611
2028-04-09 00:00:00+02:00,1470.1731195457262
2028-04-09 01:00:00+02:00,1383.2235277470731
2028-04-09 02:00:00+02:00,1357.0013647709584
2028-04-09 03:00:00+02:00,1376.1413461798923
2028-04-09 04:00:00+02:00,1436.2248775917083
2028-04-09 05:00:00+02:00,1595.6549922338074
2028-04-09 06:00:00+02:00,1797.1606315183578
2028-04-09 07:00:00+02:00,2001.6635352661594
2028-04-09 08:00:00+02:00,2093.8535398630524
2028-04-09 09:00:00+02:00,2095.5872585282914
2028-04-09 10:00:00+02:00,2051.7029817525404
2028-04-09 11:00:00+02:00,1998.842729952315
2028-04-09 12:00:00+02:00,1941.6338346294294
2028-04-09 13:00:00+02:00,1884.5980625804552
2028-04-09 14:00:00+02:00,1844.3011549244038
2028-04-09 15:00:00+02:00,1832.4123842596327
2028-04-09 16:00:00+02:00,1865.7377773329056
2028-04-09 17:00:00+02:00,1934.3164158335996
2028-04-09 18:00:00+02:00,2121.7072525424883
2028-04-09 19:00:00+02:00,2292.4965428742107
2028-04-09 20:00:00+02:00,2331.895522314498
2028-04-09 21:00:00+02:00,2124.7518691288897
2028-04-09 22:00:00+02:00,1839.3871725756203
2028-04-09 23:00:00+02:00,1608.880320106201
2028-04-10 00:00:00+02:00,1782.9532924442124
2028-04-10 01:00:00+02:00,1688.6201362890317
2028-04-10 02:00:00+02:00,1653.5197101248052
2028-04-10 03:00:00+02:00,1659.7892095254153
2028-04-10 04:00:00+02:00,1721.2809979824665
2028-04-10 05:00:00+02:00,1890.0889296385872
2028-04-10 06:00:00+02:00,2131.726124698352
2028-04-10 07:00:00+02:00,2369.4315598130925
2028-04-10 08:00:00+02:00,2478.8644564130786
2028-04-10 09:00:00+02:00,2476.5955703079217
2028-04-10 10:00:00+02:00,2414.8389465278146
2028-04-10 11:00:00+02:00,2371.255546163183
2028-04-10 12:00:00+02:00,2333.7148280666984
2028-04-10 13:00:00+02:00,2296.998732781323
2028-04-10 14:00:00+02:00,2253.8135384502366
2028-04-10 15:00:00+02:00,2240.95589554791
2028-04-10 16:00:00+02:00,2267.5317473532637
2028-04-10 17:00:00+02:00,2361.3458268041704
2028-04-10 18:00:00+02:00,2553.0573951798383
2028-04-10 19:00:00+02:00,2764.7817617489795
2028-04-10 20:00:00+02:00,2800.093891912203
2028-04-10 21:00:00+02:00,2594.5321136255425
2028-04-10 22:00:00+02:00,2262.802536584466
2028-04-10 23:00:00+02:00,1977.008075921301
2028-04-11 00:00:00+02:00,1792.9969452976466
2028-04-11 01:00:00+02:00,1694.0989851102997
2028-04-11 02:00:00+02:00,1648.814934598136
2028-04-11 03:00:00+02:00,1627.5909227746008
2028-04-11 04:00:00+02:00,1658.1273099542052
2028-04-11 05:00:00+02:00,1836.262614365734
2028-04-11 06:00:00+02:00,2114.4317037084807
2028-04-11 07:00:00+02:00,2375.781996106121
2028-04-11 08:00:00+02:00,2503.442480144619
2028-04-11 09:00:00+02:00,2515.825278901058
2028-04-11 10:00:00+02:00,2492.526462977465
2028-04-11 11:00:00+02:00,2446.314736563577
2028-04-11 12:00:00+02:00,2389.507802266747
2028-04-11 13:00:00+02:00,2313.209130539024
2028-04-11 14:00:00+02:00,2258.288445171882
2028-04-11 15:00:00+02:00,2239.9522373129157
2028-04-11 16:00:00+02:00,2273.610734240368
2028-04-11 17:00:00+02:00,2354.3679922922697
2028-04-11 18:00:00+02:00,2569.148916662959
2028-04-11 19:00:00+02:00,2805.3804585066764
2028-04-11 20:00:00+02:00,2866.4208576011815
2028-04-11 21:00:00+02:00,2649.2645864153474
2028-04-11 22:00:00+02:00,2288.637833139403
2028-04-11 23:00:00+02:00,1990.2449074134493
2028-04-12 00:00:00+02:00,1789.597121993101
2028-04-12 01:00:00+02:00,1644.2264423960817
2028-04-12 02:00:00+02:00,1567.0260572783482
2028-04-12 03:00:00+02:00,1569.0829107611794
2028-04-12 04:00:00+02:00,1657.6417191692744
2028-04-12 05:00:00+02:00,1847.6729561299303
2028-04-12 06:00:00+02:00,2094.0204306864616
2028-04-12 07:00:00+02:00,2327.336978743774
2028-04-12 08:00:00+02:00,2460.6198447465495
2028-04-12 09:00:00+02:00,2493.7405618224057
2028-04-12 10:00:00+02:00,2466.8605826534945
2028-04-12 11:00:00+02:00,2427.432410785815
2028-04-12 12:00:00+02:00,2374.9717138267565
2028-04-12 13:00:00+02:00,2309.020140716741
2028-04-12 14:00:00+02:00,2244.622713801561
2028-04-12 15:00:00+02:00,2223.4275824901238
2028-04-12 16:00:00+02:00,2285.5173934740988
2028-04-12 17:00:00+02:00,2419.1274753753955
2028-04-12 18:00:00+02:00,2649.7009800964447
2028-04-12 19:00:00+02:00,2872.2004193872026
2028-04-12 20:00:00+02:00,2919.940467273653
2028-04-12 21:00:00+02:00,2691.321804153395
2028-04-12 22:00:00+02:00,2327.9942681352586
2028-04-12 23:00:00+02:00,2011.6368631248752
2028-04-13 00:00:00+02:00,1836.3106495753532
2028-04-13 01:00:00+02:00,1699.396775535608
2028-04-13 02:00:00+02:00,1615.6111497961792
2028-04-13 03:00:00+02:00,1594.1161471671833
2028-04-13 04:00:00+02:00,1622.7305681762869
2028-04-13 05:00:00+02:00,1775.137332973831
2028-04-13 06:00:00+02:00,2033.9710175634727
2028-04-13 07:00:00+02:00,2313.1794795140095
2028-04-13 08:00:00+02:00,2485.60712886626
2028-04-13 09:00:00+02:00,2496.9676445816235
2028-04-13 10:00:00+02:00,2450.8325363881436
2028-04-13 11:00:00+02:00,2384.291669758062
2028-04-13 12:00:00+02:00,2317.793523930024
2028-04-13 13:00:00+02:00,2262.5486843211
2028-04-13 14:00:00+02:00,2219.1984078169276
2028-04-13 15:00:00+02:00,2217.749663036523
2028-04-13 16:00:00+02:00,2258.4136453741194
2028-04-13 17:00:00+02:00,2347.3391115563777
2028-04-13 18:00:00+02:00,2571.941247977186
2028-04-13 19:00:00+02:00,2811.0846946778042
2028-04-13 20:00:00+02:00,2889.0019979207914
2028-04-13 21:00:00+02:00,2690.826651845185
2028-04-13 22:00:00+02:00,2332.787834671478
2028-04-13 23:00:00+02:00,2023.7959924259524
2028-04-14 00:00:00+02:00,1723.1629141346766
2028-04-14 01:00:00+02:00,1625.7321175979212
2028-04-14 02:00:00+02:00,1585.4630116480635
2028-04-14 03:00:00+02:00,1585.4900320646436
2028-04-14 04:00:00+02:00,1644.9357199023877
2028-04-14 05:00:00+02:00,1835.0624652565
2028-04-14 06:00:00+02:00,2138.62326941132
2028-04-14 07:00:00+02:00,2437.6558806967673
2028-04-14 08:00:00+02:00,2588.3983863083554
2028-04-14 09:00:00+02:00,2581.9942367872773
2028-04-14 10:00:00+02:00,2508.431714193889
2028-04-14 11:00:00+02:00,2433.430712752343
2028-04-14 12:00:00+02:00,2366.193680274533
2028-04-14 13:00:00+02:00,2277.3607196064972
2028-04-14 14:00:00+02:00,2189.3497816066056
2028-04-14 15:00:00+02:00,2109.674159364344
2028-04-14 16:00:00+02:00,2086.7971757652845
2028-04-14 17:00:00+02:00,2175.38801668653
2028-04-14 18:00:00+02:00,2395.849706611113
2028-04-14 19:00:00+02:00,2585.5188273685358
2028-04-14 20:00:00+02:00,2585.5356379844616
2028-04-14 21:00:00+02:00,2346.3546479478987
2028-04-14 22:00:00+02:00,2050.867181062845
2028-04-14 23:00:00+02:00,1844.0521233809507
2028-04-15 00:00:00+02:00,1524.670929069345
2028-04-15 01:00:00+02:00,1488.2858441828585
2028-04-15 02:00:00+02:00,1467.3545152756008
2028-04-15 03:00:00+02:00,1452.0500411177625
2028-04-15 04:00:00+02:00,1482.4205919276708
2028-04-15 05:00:00+02:00,1619.2526992385633
2028-04-15 06:00:00+02:00,1836.7448523303497
2028-04-15 07:00:00+02:00,2059.3927517052107
2028-04-15 08:00:00+02:00,2160.2122118070542
2028-04-15 09:00:00+02:00,2151.1981891853484
2028-04-15 10:00:00+02:00,2080.730502248434
2028-04-15 11:00:00+02:00,2000.8182131415983
2028-04-15 12:00:00+02:00,1930.1401090344389
2028-04-15 13:00:00+02:00,1860.4446509579122
2028-04-15 14:00:00+02:00,1812.9568086080073
2028-04-15 15:00:00+02:00,1822.1091606204907
2028-04-15 16:00:00+02:00,1890.9704395002414
2028-04-15 17:00:00+02:00,2000.700660917812
2028-04-15 18:00:00+02:00,2180.5073471214855
2028-04-15 19:00:00+02:00,2351.8046365660166
2028-04-15 20:00:00+02:00,2402.6990256965178
2028-04-15 21:00:00+02:00,2243.23838715038
2028-04-15 22:00:00+02:00,1983.7160115560673
2028-04-15 23:00:00+02:00,1761.1689857111573
2028-04-16 00:00:00+02:00,1586.7944227929422
2028-04-16 01:00:00+02:00,1485.0406679132825
2028-04-16 02:00:00+02:00,1424.9569043328318
2028-04-16 03:00:00+02:00,1425.6187656792583
2028-04-16 04:00:00+02:00,1453.9766511279859
2028-04-16 05:00:00+02:00,1573.7689443504419
2028-04-16 06:00:00+02:00,1762.3797153771268
2028-04-16 07:00:00+02:00,1964.4994926430295
2028-04-16 08:00:00+02:00,2049.240374864653
2028-04-16 09:00:00+02:00,2023.4451053312353
2028-04-16 10:00:00+02:00,1970.7616839292798
2028-04-16 11:00:00+02:00,1915.8810769397019
2028-04-16 12:00:00+02:00,1875.5232965524888
2028-04-16 13:00:00+02:00,1823.3880775384946
2028-04-16 14:00:00+02:00,1804.8458598043
2028-04-16 15:00:00+02:00,1829.2397490476972
2028-04-16 16:00:00+02:00,1899.6331230917006
2028-04-16 17:00:00+02:00,2001.6480752188918
2028-04-16 18:00:00+02:00,2167.1425199641467
2028-04-16 19:00:00+02:00,2343.958443261579
2028-04-16 20:00:00+02:00,2418.142617770519
2028-04-16 21:00:00+02:00,2274.5871654488187
2028-04-16 22:00:00+02:00,2006.377814106253
2028-04-16 23:00:00+02:00,1741.0461389185655
2028-04-17 00:00:00+02:00,1790.0611082258401
2028-04-17 01:00:00+02:00,1689.3066301994559
2028-04-17 02:00:00+02:00,1653.7155459586388
2028-04-17 03:00:00+02:00,1651.143532680747
2028-04-17 04:00:00+02:00,1679.26528214173
2028-04-17 05:00:00+02:00,1808.639739206856
2028-04-17 06:00:00+02:00,2012.9673869253545
2028-04-17 07:00:00+02:00,2212.1435947148984
2028-04-17 08:00:00+02:00,2308.2498206151836
2028-04-17 09:00:00+02:00,2296.668328187
2028-04-17 10:00:00+02:00,2251.7486610700566
2028-04-17 11:00:00+02:00,2206.5825224818377
2028-04-17 12:00:00+02:00,2178.3125240174795
2028-04-17 13:00:00+02:00,2162.1307297512694
2028-04-17 14:00:00+02:00,2157.4259634557875
2028-04-17 15:00:00+02:00,2170.214468709925
2028-04-17 16:00:00+02:00,2187.8135973130097
2028-04-17 17:00:00+02:00,2211.6486246215018
2028-04-17 18:00:00+02:00,2344.203441143703
2028-04-17 19:00:00+02:00,2548.8534953934736
2028-04-17 20:00:00+02:00,2651.0088757908175
2028-04-17 21:00:00+02:00,2516.2063919714215
2028-04-17 22:00:00+02:00,2227.176908464868
2028-04-17 23:00:00+02:00,1981.745726620357
2028-04-18 00:00:00+02:00,1889.2198668066915
2028-04-18 01:00:00+02:00,1754.481237423846
2028-04-18 02:00:00+02:00,1665.1188482635996
2028-04-18 03:00:00+02:00,1659.9301933800548
2028-04-18 04:00:00+02:00,1714.4548946441175
2028-04-18 05:00:00+02:00,1891.4680249878547
2028-04-18 06:00:00+02:00,2130.1775235286214
2028-04-18 07:00:00+02:00,2358.1724616976367
2028-04-18 08:00:00+02:00,2460.8079152963314
2028-04-18 09:00:00+02:00,2473.68858324331
2028-04-18 10:00:00+02:00,2451.555258150745
2028-04-18 11:00:00+02:00,2419.8451380802467
2028-04-18 12:00:00+02:00,2362.641324445252
2028-04-18 13:00:00+02:00,2290.38046328155
2028-04-18 14:00:00+02:00,2223.1699547334247
2028-04-18 15:00:00+02:00,2201.8498236267033
2028-04-18 16:00:00+02:00,2249.254217146734
2028-04-18 17:00:00+02:00,2358.099241687499
2028-04-18 18:00:00+02:00,2549.138016608424
2028-04-18 19:00:00+02:00,2761.2745470949226
2028-04-18 20:00:00+02:00,2812.289285067332
2028-04-18 21:00:00+02:00,2638.9955713072545
2028-04-18 22:00:00+02:00,2318.5834920891207
2028-04-18 23:00:00+02:00,2068.602315148866
2028-04-19 00:00:00+02:00,1939.1721590902177
2028-04-19 01:00:00+02:00,1857.4609151483353
2028-04-19 02:00:00+02:00,1808.6215049901298
2028-04-19 03:00:00+02:00,1796.636659997779
2028-04-19 04:00:00+02:00,1794.2512355147735
2028-04-19 05:00:00+02:00,1894.5555342833152
2028-04-19 06:00:00+02:00,2066.041174499936
2028-04-19 07:00:00+02:00,2274.011936024498
2028-04-19 08:00:00+02:00,2385.836541852667
2028-04-19 09:00:00+02:00,2407.8348909746364
2028-04-19 10:00:00+02:00,2378.0122246959404
2028-04-19 11:00:00+02:00,2351.339499663044
2028-04-19 12:00:00+02:00,2318.5136484558593
2028-04-19 13:00:00+02:00,2277.2004720822247
2028-04-19 14:00:00+02:00,2263.344831873449
2028-04-19 15:00:00+02:00,2288.849069671167
2028-04-19 16:00:00+02:00,2372.694791979061
2028-04-19 17:00:00+02:00,2466.216071122601
2028-04-19 18:00:00+02:00,2636.812580577988
2028-04-19 19:00:00+02:00,2822.6084657696492
2028-04-19 20:00:00+02:00,2835.8091372997114
2028-04-19 21:00:00+02:00,2656.5799181181374
2028-04-19 22:00:00+02:00,2326.071753981901
2028-04-19 23:00:00+02:00,2039.3448264311216
2028-04-20 00:00:00+02:00,1843.816554596673
2028-04-20 01:00:00+02:00,1705.5315627959708
2028-04-20 02:00:00+02:00,1673.9662177700895
2028-04-20 03:00:00+02:00,1714.960773348446
2028-04-20 04:00:00+02:00,1818.262354823857
2028-04-20 05:00:00+02:00,2022.1435832629834
2028-04-20 06:00:00+02:00,2215.803272581763
2028-04-20 07:00:00+02:00,2395.1692937676157
2028-04-20 08:00:00+02:00,2441.599417932613
2028-04-20 09:00:00+02:00,2405.278694678756
2028-04-20 10:00:00+02:00,2325.5196855315844
2028-04-20 11:00:00+02:00,2282.611682972757
2028-04-20 12:00:00+02:00,2268.1513188425874
2028-04-20 13:00:00+02:00,2250.3202630908845
2028-04-20 14:00:00+02:00,2194.08447774284
2028-04-20 15:00:00+02:00,2174.0869808197217
2028-04-20 16:00:00+02:00,2221.3901298710293
2028-04-20 17:00:00+02:00,2391.0745530008194
2028-04-20 18:00:00+02:00,2636.9102568289727
2028-04-20 19:00:00+02:00,2901.2697873800957
2028-04-20 20:00:00+02:00,2959.5618849223433
2028-04-20 21:00:00+02:00,2773.29247682732
2028-04-20 22:00:00+02:00,2416.8924103428344
2028-04-20 23:00:00+02:00,2097.7806160098307
2028-04-21 00:00:00+02:00,1836.798502420696
2028-04-21 01:00:00+02:00,1721.8543922606636
2028-04-21 02:00:00+02:00,1671.9993716107833
2028-04-21 03:00:00+02:00,1675.9729911283684
2028-04-21 04:00:00+02:00,1705.0714424558382
2028-04-21 05:00:00+02:00,1874.8298470745617
2028-04-21 06:00:00+02:00,2159.319615774601
2028-04-21 07:00:00+02:00,2458.096777921447
2028-04-21 08:00:00+02:00,2587.060393168952
2028-04-21 09:00:00+02:00,2541.184757791053
2028-04-21 10:00:00+02:00,2453.8935713630854
2028-04-21 11:00:00+02:00,2397.1611909795256
2028-04-21 12:00:00+02:00,2360.574751489361
2028-04-21 13:00:00+02:00,2326.1253734846364
2028-04-21 14:00:00+02:00,2285.0606410529563
2028-04-21 15:00:00+02:00,2266.96835247935
2028-04-21 16:00:00+02:00,2283.1252131376054
2028-04-21 17:00:00+02:00,2330.8289251866668
2028-04-21 18:00:00+02:00,2482.161849618032
2028-04-21 19:00:00+02:00,2711.6824687910716
2028-04-21 20:00:00+02:00,2794.590332630097
2028-04-21 21:00:00+02:00,2645.070901045586
2028-04-21 22:00:00+02:00,2303.2541299676877
2028-04-21 23:00:00+02:00,2015.623386378448
2028-04-22 00:00:00+02:00,1652.6812080185532
2028-04-22 01:00:00+02:00,1555.342048389798
2028-04-22 02:00:00+02:00,1517.4016376325192
2028-04-22 03:00:00+02:00,1514.457360983615
2028-04-22 04:00:00+02:00,1558.8427161805412
2028-04-22 05:00:00+02:00,1699.9040189182715
2028-04-22 06:00:00+02:00,1910.8220935337429
2028-04-22 07:00:00+02:00,2121.876793961922
2028-04-22 08:00:00+02:00,2216.900934845045
2028-04-22 09:00:00+02:00,2227.0535323905356
2028-04-22 10:00:00+02:00,2202.623239538284
2028-04-22 11:00:00+02:00,2182.0022525126265
2028-04-22 12:00:00+02:00,2131.0060221311282
2028-04-22 13:00:00+02:00,2059.801906773874
2028-04-22 14:00:00+02:00,1981.9198286285296
2028-04-22 15:00:00+02:00,1934.810321816008
2028-04-22 16:00:00+02:00,1924.6673010589361
2028-04-22 17:00:00+02:00,1993.9756512322479
2028-04-22 18:00:00+02:00,2177.0274048282577
2028-04-22 19:00:00+02:00,2418.053459442787
2028-04-22 20:00:00+02:00,2517.368820848007
2028-04-22 21:00:00+02:00,2384.890472852109
2028-04-22 22:00:00+02:00,2080.9885850683245
2028-04-22 23:00:00+02:00,1815.4404746442933
2028-04-23 00:00:00+02:00,1588.8776640856206
2028-04-23 01:00:00+02:00,1514.5299034802779
2028-04-23 02:00:00+02:00,1484.3605198145272
2028-04-23 03:00:00+02:00,1487.4037014696369
2028-04-23 04:00:00+02:00,1538.6196021882506
2028-04-23 05:00:00+02:00,1686.5992079385628
2028-04-23 06:00:00+02:00,1894.125427587059
2028-04-23 07:00:00+02:00,2094.911191490359
2028-04-23 08:00:00+02:00,2186.655827433489
2028-04-23 09:00:00+02:00,2186.3736605317827
2028-04-23 10:00:00+02:00,2151.5537649950215
2028-04-23 11:00:00+02:00,2116.6591305345846
2028-04-23 12:00:00+02:00,2077.477917778646
2028-04-23 13:00:00+02:00,2016.5574507276556
2028-04-23 14:00:00+02:00,1967.4305803156267
2028-04-23 15:00:00+02:00,1935.2337155577882
2028-04-23 16:00:00+02:00,1933.1030898677186
2028-04-23 17:00:00+02:00,1969.7186148574117
2028-04-23 18:00:00+02:00,2091.869200328691
2028-04-23 19:00:00+02:00,2281.7627160481047
2028-04-23 20:00:00+02:00,2340.0141595763134
2028-04-23 21:00:00+02:00,2198.8474222979066
2028-04-23 22:00:00+02:00,1912.0046291965084
2028-04-23 23:00:00+02:00,1700.261422594673
2028-04-24 00:00:00+02:00,1860.2581376534094
2028-04-24 01:00:00+02:00,1830.4782877382886
2028-04-24 02:00:00+02:00,1825.052050152993
2028-04-24 03:00:00+02:00,1856.8988383898566
2028-04-24 04:00:00+02:00,1890.2166087827688
2028-04-24 05:00:00+02:00,2013.6017841576013
2028-04-24 06:00:00+02:00,2177.746563613355
2028-04-24 07:00:00+02:00,2363.2592679639943
2028-04-24 08:00:00+02:00,2466.2789919862257
2028-04-24 09:00:00+02:00,2482.4973671813905
2028-04-24 10:00:00+02:00,2457.430868370802
2028-04-24 11:00:00+02:00,2407.478364896986
2028-04-24 12:00:00+02:00,2348.35987209443
2028-04-24 13:00:00+02:00,2274.8419634791194
2028-04-24 14:00:00+02:00,2206.473263944867
2028-04-24 15:00:00+02:00,2190.510224634697
2028-04-24 16:00:00+02:00,2224.2481925546454
2028-04-24 17:00:00+02:00,2310.9055569972093
2028-04-24 18:00:00+02:00,2465.3638999832924
2028-04-24 19:00:00+02:00,2670.2059871724036
2028-04-24 20:00:00+02:00,2743.9445858463823
2028-04-24 21:00:00+02:00,2597.242709967454
2028-04-24 22:00:00+02:00,2281.924034348723
2028-04-24 23:00:00+02:00,2004.459812661932
2028-04-25 00:00:00+02:00,1829.337568510039
2028-04-25 01:00:00+02:00,1749.5181214812933
2028-04-25 02:00:00+02:00,1723.316363121388
2028-04-25 03:00:00+02:00,1732.2181651207732
2028-04-25 04:00:00+02:00,1776.8938305995716
2028-04-25 05:00:00+02:00,1942.8572313228187
2028-04-25 06:00:00+02:00,2174.0575350399527
2028-04-25 07:00:00+02:00,2421.9338268721967
2028-04-25 08:00:00+02:00,2539.8272035454806
2028-04-25 09:00:00+02:00,2543.7425985676286
2028-04-25 10:00:00+02:00,2496.499928387134
2028-04-25 11:00:00+02:00,2431.5114447628057
2028-04-25 12:00:00+02:00,2376.9786232849215
2028-04-25 13:00:00+02:00,2319.210278645301
2028-04-25 14:00:00+02:00,2283.6230961362194
2028-04-25 15:00:00+02:00,2289.2736495776603
2028-04-25 16:00:00+02:00,2332.5927567653857
2028-04-25 17:00:00+02:00,2402.641542484348
2028-04-25 18:00:00+02:00,2512.9901000862556
2028-04-25 19:00:00+02:00,2700.836954609316
2028-04-25 20:00:00+02:00,2760.4691008344325
2028-04-25 21:00:00+02:00,2611.365216730861
2028-04-25 22:00:00+02:00,2273.651921024128
2028-04-25 23:00:00+02:00,1979.784243263963
2028-04-26 00:00:00+02:00,1838.2281973154086
2028-04-26 01:00:00+02:00,1751.3549598272998
2028-04-26 02:00:00+02:00,1700.3946976635746
2028-04-26 03:00:00+02:00,1686.736215020476
2028-04-26 04:00:00+02:00,1722.4505712127032
2028-04-26 05:00:00+02:00,1903.1159520582605
2028-04-26 06:00:00+02:00,2123.9443020662334
2028-04-26 07:00:00+02:00,2321.4929667534993
2028-04-26 08:00:00+02:00,2399.357864930648
2028-04-26 09:00:00+02:00,2426.8665913796913
2028-04-26 10:00:00+02:00,2435.4523076232545
2028-04-26 11:00:00+02:00,2451.1699462788756
2028-04-26 12:00:00+02:00,2436.6498455292135
2028-04-26 13:00:00+02:00,2405.259877611229
2028-04-26 14:00:00+02:00,2353.3407464773372
2028-04-26 15:00:00+02:00,2339.3386924984857
2028-04-26 16:00:00+02:00,2349.3538512424657
2028-04-26 17:00:00+02:00,2399.3452673444913
2028-04-26 18:00:00+02:00,2519.5094671624524
2028-04-26 19:00:00+02:00,2719.1508905831074
2028-04-26 20:00:00+02:00,2789.2966464407878
2028-04-26 21:00:00+02:00,2650.7264524610127
2028-04-26 22:00:00+02:00,2322.5621094142857
2028-04-26 23:00:00+02:00,2045.2629725400175
2028-04-27 00:00:00+02:00,1877.508148673376
2028-04-27 01:00:00+02:00,1820.2344970721454
2028-04-27 02:00:00+02:00,1819.482046233479
2028-04-27 03:00:00+02:00,1815.8094354474954
2028-04-27 04:00:00+02:00,1840.3135127499186
2028-04-27 05:00:00+02:00,1960.914975961418
2028-04-27 06:00:00+02:00,2167.511138318047
2028-04-27 07:00:00+02:00,2388.430215149406
2028-04-27 08:00:00+02:00,2504.8861883610966
2028-04-27 09:00:00+02:00,2521.239256028265
2028-04-27 10:00:00+02:00,2491.565330029651
2028-04-27 11:00:00+02:00,2449.5920094859266
2028-04-27 12:00:00+02:00,2405.4590211003497
2028-04-27 13:00:00+02:00,2342.803179883863
2028-04-27 14:00:00+02:00,2272.673016419505
2028-04-27 15:00:00+02:00,2226.7591868891436
2028-04-27 16:00:00+02:00,2227.5735894702257
2028-04-27 17:00:00+02:00,2288.3162696294935
2028-04-27 18:00:00+02:00,2436.224182498979
2028-04-27 19:00:00+02:00,2669.8476780743063
2028-04-27 20:00:00+02:00,2742.133482800781
2028-04-27 21:00:00+02:00,2584.6772874197673
2028-04-27 22:00:00+02:00,2236.6532139121555
2028-04-27 23:00:00+02:00,1979.917405050093
2028-04-28 00:00:00+02:00,1819.5479356166327
2028-04-28 01:00:00+02:00,1773.683624861583
2028-04-28 02:00:00+02:00,1763.5338319587404
2028-04-28 03:00:00+02:00,1788.5885434794836
2028-04-28 04:00:00+02:00,1816.4797514667132
2028-04-28 05:00:00+02:00,1953.0986974489956
2028-04-28 06:00:00+02:00,2157.5674017557344
2028-04-28 07:00:00+02:00,2383.950206507415
2028-04-28 08:00:00+02:00,2476.7853641676547
2028-04-28 09:00:00+02:00,2459.5466795868356
2028-04-28 10:00:00+02:00,2395.284998941493
2028-04-28 11:00:00+02:00,2351.8405134252002
2028-04-28 12:00:00+02:00,2317.14676286398
2028-04-28 13:00:00+02:00,2294.8828508343336
2028-04-28 14:00:00+02:00,2275.7040548896825
2028-04-28 15:00:00+02:00,2281.920479288954
2028-04-28 16:00:00+02:00,2324.9103688142472
2028-04-28 17:00:00+02:00,2390.129228600148
2028-04-28 18:00:00+02:00,2520.0976385389954
2028-04-28 19:00:00+02:00,2709.5462033191725
2028-04-28 20:00:00+02:00,2776.7203559526474
2028-04-28 21:00:00+02:00,2610.214702983049
2028-04-28 22:00:00+02:00,2273.149958662786
2028-04-28 23:00:00+02:00,1973.900279332363
2028-04-29 00:00:00+02:00,1605.9841803000686
2028-04-29 01:00:00+02:00,1538.0072300292875
2028-04-29 02:00:00+02:00,1518.0358439849133
2028-04-29 03:00:00+02:00,1521.3713511075227
2028-04-29 04:00:00+02:00,1534.3501478711953
2028-04-29 05:00:00+02:00,1666.8350195039898
2028-04-29 06:00:00+02:00,1857.5914893484726
2028-04-29 07:00:00+02:00,2079.4675411070366
2028-04-29 08:00:00+02:00,2180.194548148607
2028-04-29 09:00:00+02:00,2201.6415364177064
2028-04-29 10:00:00+02:00,2173.8168432358734
2028-04-29 11:00:00+02:00,2153.146172841196
2028-04-29 12:00:00+02:00,2130.7803347992685
2028-04-29 13:00:00+02:00,2105.114188718577
2028-04-29 14:00:00+02:00,2072.712449112214
2028-04-29 15:00:00+02:00,2046.3400394701152
2028-04-29 16:00:00+02:00,2030.9644565071585
2028-04-29 17:00:00+02:00,2042.614560223745
2028-04-29 18:00:00+02:00,2158.4491216186016
2028-04-29 19:00:00+02:00,2364.1651821378173
2028-04-29 20:00:00+02:00,2495.5274971553645
2028-04-29 21:00:00+02:00,2386.846938724443
2028-04-29 22:00:00+02:00,2101.0450264650913
2028-04-29 23:00:00+02:00,1800.2036681903792
2028-04-30 00:00:00+02:00,1605.9969917182743
2028-04-30 01:00:00+02:00,1514.6205737382818
2028-04-30 02:00:00+02:00,1477.7776876160062
2028-04-30 03:00:00+02:00,1461.5258186736264
2028-04-30 04:00:00+02:00,1461.6051157896343
2028-04-30 05:00:00+02:00,1565.1381910492576
2028-04-30 06:00:00+02:00,1752.7072301049413
2028-04-30 07:00:00+02:00,1968.3315178511857
2028-04-30 08:00:00+02:00,2087.388210335619
2028-04-30 09:00:00+02:00,2111.7352784170407
2028-04-30 10:00:00+02:00,2091.702591488175
2028-04-30 11:00:00+02:00,2061.739016484397
2028-04-30 12:00:00+02:00,2016.4253282900058
2028-04-30 13:00:00+02:00,1968.806704407386
2028-04-30 14:00:00+02:00,1928.9766408997061
2028-04-30 15:00:00+02:00,1934.8042440351
2028-04-30 16:00:00+02:00,1969.8488602374816
2028-04-30 17:00:00+02:00,2051.7470227333715
2028-04-30 18:00:00+02:00,2172.5417531724684
2028-04-30 19:00:00+02:00,2373.2496859038256
2028-04-30 20:00:00+02:00,2457.900293089974
2028-04-30 21:00:00+02:00,2335.3847756860537
2028-04-30 22:00:00+02:00,2052.8348766319996
2028-04-30 23:00:00+02:00,1799.4110243770465
2028-05-01 00:00:00+02:00,1855.979310287227
2028-05-01 01:00:00+02:00,1762.069302648302
2028-05-01 02:00:00+02:00,1707.2751042893606
2028-05-01 03:00:00+02:00,1680.0654971531221
2028-05-01 04:00:00+02:00,1666.0904002189093
2028-05-01 05:00:00+02:00,1765.5266426361284
2028-05-01 06:00:00+02:00,1957.1138956146922
2028-05-01 07:00:00+02:00,2200.4318743872564
2028-05-01 08:00:00+02:00,2346.1631801931867
2028-05-01 09:00:00+02:00,2400.2697069602937
2028-05-01 10:00:00+02:00,2400.1726378305384
2028-05-01 11:00:00+02:00,2390.607949879201
2028-05-01 12:00:00+02:00,2369.149380411369
2028-05-01 13:00:00+02:00,2320.8570778158964
2028-05-01 14:00:00+02:00,2268.3109693973993
2028-05-01 15:00:00+02:00,2239.1004844164277
2028-05-01 16:00:00+02:00,2247.7487391886048
2028-05-01 17:00:00+02:00,2311.3839003171456
2028-05-01 18:00:00+02:00,2452.7438664091464
2028-05-01 19:00:00+02:00,2689.2736153299375
2028-05-01 20:00:00+02:00,2794.2970522163764
2028-05-01 21:00:00+02:00,2650.7783982905567
2028-05-01 22:00:00+02:00,2291.0155431823405
2028-05-01 23:00:00+02:00,1941.9273345304593
2028-05-02 00:00:00+02:00,1829.4304855455675
2028-05-02 01:00:00+02:00,1735.5819633865513
2028-05-02 02:00:00+02:00,1713.9578723241345
2028-05-02 03:00:00+02:00,1731.9061463825387
2028-05-02 04:00:00+02:00,1764.5243509233756
2028-05-02 05:00:00+02:00,1935.5462992170912
2028-05-02 06:00:00+02:00,2159.455430595373
2028-05-02 07:00:00+02:00,2386.8475977795806
2028-05-02 08:00:00+02:00,2476.3286412020207
2028-05-02 09:00:00+02:00,2478.686972332819
2028-05-02 10:00:00+02:00,2446.861822922298
2028-05-02 11:00:00+02:00,2426.479317172555
2028-05-02 12:00:00+02:00,2400.675764274575
2028-05-02 13:00:00+02:00,2352.2146949218695
2028-05-02 14:00:00+02:00,2296.8304154111006
2028-05-02 15:00:00+02:00,2301.0898896263147
2028-05-02 16:00:00+02:00,2376.773094479424
2028-05-02 17:00:00+02:00,2486.029087195902
2028-05-02 18:00:00+02:00,2624.364365639899
2028-05-02 19:00:00+02:00,2814.4485941010125
2028-05-02 20:00:00+02:00,2867.838017484535
2028-05-02 21:00:00+02:00,2702.5852508575404
2028-05-02 22:00:00+02:00,2356.730128647662
2028-05-02 23:00:00+02:00,2056.7182014501104
2028-05-03 00:00:00+02:00,1865.9744909848428
2028-05-03 01:00:00+02:00,1783.4840097497936
2028-05-03 02:00:00+02:00,1752.3744536409947
2028-05-03 03:00:00+02:00,1730.0306613431171
2028-05-03 04:00:00+02:00,1723.1356248609118
2028-05-03 05:00:00+02:00,1857.9090525343902
2028-05-03 06:00:00+02:00,2099.8025621741126
2028-05-03 07:00:00+02:00,2377.379157840137
2028-05-03 08:00:00+02:00,2521.9198906012816
2028-05-03 09:00:00+02:00,2553.285049351256
2028-05-03 10:00:00+02:00,2536.375374128142
2028-05-03 11:00:00+02:00,2493.636376951768
2028-05-03 12:00:00+02:00,2433.519484785536
2028-05-03 13:00:00+02:00,2377.585840455829
2028-05-03 14:00:00+02:00,2351.1549384846608
2028-05-03 15:00:00+02:00,2383.4470885578817
2028-05-03 16:00:00+02:00,2450.1862378723167
2028-05-03 17:00:00+02:00,2531.215615707165
2028-05-03 18:00:00+02:00,2654.3438382522404
2028-05-03 19:00:00+02:00,2810.0532975672286
2028-05-03 20:00:00+02:00,2844.8643592306184
2028-05-03 21:00:00+02:00,2660.983584610389
2028-05-03 22:00:00+02:00,2318.514035831433
2028-05-03 23:00:00+02:00,2030.648549577661
2028-05-04 00:00:00+02:00,1896.244187113655
2028-05-04 01:00:00+02:00,1802.9981840423636
2028-05-04 02:00:00+02:00,1753.5878264180587
2028-05-04 03:00:00+02:00,1736.866307706987
2028-05-04 04:00:00+02:00,1762.0485122477166
2028-05-04 05:00:00+02:00,1899.750868534405
2028-05-04 06:00:00+02:00,2124.7221980846925
2028-05-04 07:00:00+02:00,2358.8195867724676
2028-05-04 08:00:00+02:00,2483.397541502097
2028-05-04 09:00:00+02:00,2498.4150662303086
2028-05-04 10:00:00+02:00,2489.5071942769455
2028-05-04 11:00:00+02:00,2486.748044070689
2028-05-04 12:00:00+02:00,2476.426622500255
2028-05-04 13:00:00+02:00,2421.9209784844743
2028-05-04 14:00:00+02:00,2368.0632786696524
2028-05-04 15:00:00+02:00,2361.4334740554045
2028-05-04 16:00:00+02:00,2426.0871701228834
2028-05-04 17:00:00+02:00,2508.220437125458
2028-05-04 18:00:00+02:00,2631.242273729757
2028-05-04 19:00:00+02:00,2804.495430046034
2028-05-04 20:00:00+02:00,2859.116970367881
2028-05-04 21:00:00+02:00,2686.652307638666
2028-05-04 22:00:00+02:00,2323.8661848669412
2028-05-04 23:00:00+02:00,1977.4217180240896
2028-05-05 00:00:00+02:00,1759.4601291033791
2028-05-05 01:00:00+02:00,1675.2577852495592
2028-05-05 02:00:00+02:00,1668.0283091649474
2028-05-05 03:00:00+02:00,1680.2115140495805
2028-05-05 04:00:00+02:00,1722.9323867443738
2028-05-05 05:00:00+02:00,1920.0781451635776
2028-05-05 06:00:00+02:00,2196.570495003798
2028-05-05 07:00:00+02:00,2457.035331295148
2028-05-05 08:00:00+02:00,2562.0402509388164
2028-05-05 09:00:00+02:00,2568.730272410561
2028-05-05 10:00:00+02:00,2537.5783205185808
2028-05-05 11:00:00+02:00,2499.7147850151628
2028-05-05 12:00:00+02:00,2451.043061180392
2028-05-05 13:00:00+02:00,2410.9479052785223
2028-05-05 14:00:00+02:00,2388.1507034756223
2028-05-05 15:00:00+02:00,2395.3139932756685
2028-05-05 16:00:00+02:00,2419.78482656651
2028-05-05 17:00:00+02:00,2450.1345891730675
2028-05-05 18:00:00+02:00,2539.187558980777
2028-05-05 19:00:00+02:00,2717.95814185638
2028-05-05 20:00:00+02:00,2807.335621182539
2028-05-05 21:00:00+02:00,2693.8022807358648
2028-05-05 22:00:00+02:00,2384.8769441849913
2028-05-05 23:00:00+02:00,2094.510827796306
2028-05-06 00:00:00+02:00,1688.622824087208
2028-05-06 01:00:00+02:00,1594.9251206228355
2028-05-06 02:00:00+02:00,1545.1568569056828
2028-05-06 03:00:00+02:00,1525.0308331459833
2028-05-06 04:00:00+02:00,1536.1346336851284
2028-05-06 05:00:00+02:00,1666.5281384951804
2028-05-06 06:00:00+02:00,1864.2148045052377
2028-05-06 07:00:00+02:00,2085.719377715153
2028-05-06 08:00:00+02:00,2216.3988163554754
2028-05-06 09:00:00+02:00,2260.7160867852576
2028-05-06 10:00:00+02:00,2255.100423305262
2028-05-06 11:00:00+02:00,2244.877278231513
2028-05-06 12:00:00+02:00,2242.7122947391626
2028-05-06 13:00:00+02:00,2232.7907964328597
2028-05-06 14:00:00+02:00,2197.853672731199
2028-05-06 15:00:00+02:00,2168.056546822396
2028-05-06 16:00:00+02:00,2167.206778081039
2028-05-06 17:00:00+02:00,2198.1228484150706
2028-05-06 18:00:00+02:00,2283.086315553325
2028-05-06 19:00:00+02:00,2418.3204069552444
2028-05-06 20:00:00+02:00,2448.553150500217
2028-05-06 21:00:00+02:00,2300.5509730495405
2028-05-06 22:00:00+02:00,2025.0395613016588
2028-05-06 23:00:00+02:00,1770.928010948368
2028-05-07 00:00:00+02:00,1575.3053120401007
2028-05-07 01:00:00+02:00,1496.0718341601473
2028-05-07 02:00:00+02:00,1471.9044845057797
2028-05-07 03:00:00+02:00,1477.2304640914792
2028-05-07 04:00:00+02:00,1514.043965450926
2028-05-07 05:00:00+02:00,1677.6302171847217
2028-05-07 06:00:00+02:00,1900.324597370968
2028-05-07 07:00:00+02:00,2109.304349224976
2028-05-07 08:00:00+02:00,2183.6981426538377
2028-05-07 09:00:00+02:00,2182.5707172626076
2028-05-07 10:00:00+02:00,2155.6909938780436
2028-05-07 11:00:00+02:00,2123.8625182370943
2028-05-07 12:00:00+02:00,2097.0335488775986
2028-05-07 13:00:00+02:00,2067.7477748824062
2028-05-07 14:00:00+02:00,2045.8244012335995
2028-05-07 15:00:00+02:00,2042.7611694159066
2028-05-07 16:00:00+02:00,2069.1196544245227
2028-05-07 17:00:00+02:00,2125.3391957945623
2028-05-07 18:00:00+02:00,2214.2960478203995
2028-05-07 19:00:00+02:00,2359.793164260375
2028-05-07 20:00:00+02:00,2434.6191481143424
2028-05-07 21:00:00+02:00,2330.2939522792394
2028-05-07 22:00:00+02:00,2079.026873637851
2028-05-07 23:00:00+02:00,1820.1512309774737
2028-05-08 00:00:00+02:00,1937.9343890311732
2028-05-08 01:00:00+02:00,1830.8234010118338
2028-05-08 02:00:00+02:00,1775.7310856373226
2028-05-08 03:00:00+02:00,1740.3146332216586
2028-05-08 04:00:00+02:00,1732.709037153178
2028-05-08 05:00:00+02:00,1869.2483973607352
2028-05-08 06:00:00+02:00,2076.944942018059
2028-05-08 07:00:00+02:00,2311.2754382045714
2028-05-08 08:00:00+02:00,2422.4146099863733
2028-05-08 09:00:00+02:00,2467.9205334899907
2028-05-08 10:00:00+02:00,2469.7975708041504
2028-05-08 11:00:00+02:00,2457.9851564498526
2028-05-08 12:00:00+02:00,2445.1522160609575
2028-05-08 13:00:00+02:00,2417.705124024054
2028-05-08 14:00:00+02:00,2400.652526812508
2028-05-08 15:00:00+02:00,2412.593617118322
2028-05-08 16:00:00+02:00,2454.753494996947
2028-05-08 17:00:00+02:00,2536.491303295455
2028-05-08 18:00:00+02:00,2636.163438742762
2028-05-08 19:00:00+02:00,2801.391633566872
2028-05-08 20:00:00+02:00,2845.2292275573523
2028-05-08 21:00:00+02:00,2691.17575854854
2028-05-08 22:00:00+02:00,2362.272555521156
2028-05-08 23:00:00+02:00,2033.883503184533
2028-05-09 00:00:00+02:00,1850.3012422378263
2028-05-09 01:00:00+02:00,1744.2080936919967
2028-05-09 02:00:00+02:00,1712.197045163093
2028-05-09 03:00:00+02:00,1703.5318425146036
2028-05-09 04:00:00+02:00,1734.488710600708
2028-05-09 05:00:00+02:00,1899.518883207506
2028-05-09 06:00:00+02:00,2146.168828852849
2028-05-09 07:00:00+02:00,2396.543281526945
2028-05-09 08:00:00+02:00,2511.2363591256526
2028-05-09 09:00:00+02:00,2545.1107676264096
2028-05-09 10:00:00+02:00,2544.086390778077
2028-05-09 11:00:00+02:00,2539.525316366942
2028-05-09 12:00:00+02:00,2518.0130806370107
2028-05-09 13:00:00+02:00,2474.0747858254676
2028-05-09 14:00:00+02:00,2431.2050772505986
2028-05-09 15:00:00+02:00,2394.4759694825475
2028-05-09 16:00:00+02:00,2404.606989426239
2028-05-09 17:00:00+02:00,2459.471154797936
2028-05-09 18:00:00+02:00,2577.1496624038004
2028-05-09 19:00:00+02:00,2787.7734425440844
2028-05-09 20:00:00+02:00,2866.674771485327
2028-05-09 21:00:00+02:00,2742.7664245978144
2028-05-09 22:00:00+02:00,2410.504077336417
2028-05-09 23:00:00+02:00,2094.85445677985
2028-05-10 00:00:00+02:00,1897.1246400297152
2028-05-10 01:00:00+02:00,1782.755002403996
2028-05-10 02:00:00+02:00,1749.015458164029
2028-05-10 03:00:00+02:00,1742.1218839399776
2028-05-10 04:00:00+02:00,1783.7133874036645
2028-05-10 05:00:00+02:00,1945.9769148703567
2028-05-10 06:00:00+02:00,2171.6196254128768
2028-05-10 07:00:00+02:00,2402.768679985806
2028-05-10 08:00:00+02:00,2498.7291873334357
2028-05-10 09:00:00+02:00,2527.9059678223784
2028-05-10 10:00:00+02:00,2513.9836675854663
2028-05-10 11:00:00+02:00,2502.381821482322
2028-05-10 12:00:00+02:00,2466.947504262485
2028-05-10 13:00:00+02:00,2421.5526262378635
2028-05-10 14:00:00+02:00,2374.4181847475274
2028-05-10 15:00:00+02:00,2358.658917794342
2028-05-10 16:00:00+02:00,2391.1374471271697
2028-05-10 17:00:00+02:00,2467.295074163778
2028-05-10 18:00:00+02:00,2596.7620433700695
2028-05-10 19:00:00+02:00,2793.3550588202684
2028-05-10 20:00:00+02:00,2872.218218344625
2028-05-10 21:00:00+02:00,2730.072073571301
2028-05-10 22:00:00+02:00,2383.9234325833277
2028-05-10 23:00:00+02:00,2071.717806939425
2028-05-11 00:00:00+02:00,1893.0718944887162
2028-05-11 01:00:00+02:00,1793.1020719971475
2028-05-11 02:00:00+02:00,1741.8091182303663
2028-05-11 03:00:00+02:00,1726.1406195762231
2028-05-11 04:00:00+02:00,1751.4678883418928
2028-05-11 05:00:00+02:00,1929.3127941707853
2028-05-11 06:00:00+02:00,2183.195516520113
2028-05-11 07:00:00+02:00,2447.113581289449
2028-05-11 08:00:00+02:00,2549.35817090495
2028-05-11 09:00:00+02:00,2550.815504291297
2028-05-11 10:00:00+02:00,2506.9640514518387
2028-05-11 11:00:00+02:00,2469.7779795331876
2028-05-11 12:00:00+02:00,2453.1671550640995
2028-05-11 13:00:00+02:00,2453.6535267855716
2028-05-11 14:00:00+02:00,2452.2720284874026
2028-05-11 15:00:00+02:00,2457.633474430695
2028-05-11 16:00:00+02:00,2477.343161167403
2028-05-11 17:00:00+02:00,2508.0251118349447
2028-05-11 18:00:00+02:00,2586.7543939742914
2028-05-11 19:00:00+02:00,2745.4445196316483
2028-05-11 20:00:00+02:00,2803.7370416321423
2028-05-11 21:00:00+02:00,2674.895978324907
2028-05-11 22:00:00+02:00,2332.1898414072507
2028-05-11 23:00:00+02:00,2035.6197991422653
2028-05-12 00:00:00+02:00,1856.0724672424572
2028-05-12 01:00:00+02:00,1781.8106003918285
2028-05-12 02:00:00+02:00,1762.2392769038784
2028-05-12 03:00:00+02:00,1751.3777225675444
2028-05-12 04:00:00+02:00,1797.2229334295296
2028-05-12 05:00:00+02:00,1963.993109860394
2028-05-12 06:00:00+02:00,2211.4791474704234
2028-05-12 07:00:00+02:00,2462.6108343689602
2028-05-12 08:00:00+02:00,2591.684181058576
2028-05-12 09:00:00+02:00,2621.1889459905237
2028-05-12 10:00:00+02:00,2606.4611240892787
2028-05-12 11:00:00+02:00,2581.9385115887576
2028-05-12 12:00:00+02:00,2546.5069943986055
2028-05-12 13:00:00+02:00,2506.7679411142876
2028-05-12 14:00:00+02:00,2454.898136553123
2028-05-12 15:00:00+02:00,2424.242611556809
2028-05-12 16:00:00+02:00,2414.5151571564115
2028-05-12 17:00:00+02:00,2428.114260282245
2028-05-12 18:00:00+02:00,2477.1586242827207
2028-05-12 19:00:00+02:00,2595.7098208207717
2028-05-12 20:00:00+02:00,2650.4388435235214
2028-05-12 21:00:00+02:00,2544.463356301863
2028-05-12 22:00:00+02:00,2287.7610859663228
2028-05-12 23:00:00+02:00,2058.9507590380194
2028-05-13 00:00:00+02:00,1714.0666241289407
2028-05-13 01:00:00+02:00,1655.8249617164847
2028-05-13 02:00:00+02:00,1622.4647931989796
2028-05-13 03:00:00+02:00,1612.4950786150077
2028-05-13 04:00:00+02:00,1610.1556201644805
2028-05-13 05:00:00+02:00,1719.5114048050477
2028-05-13 06:00:00+02:00,1886.8173536007546
2028-05-13 07:00:00+02:00,2089.865857573678
2028-05-13 08:00:00+02:00,2198.100118897539
2028-05-13 09:00:00+02:00,2244.833307292595
2028-05-13 10:00:00+02:00,2252.3528535772757
2028-05-13 11:00:00+02:00,2248.5998861063385
2028-05-13 12:00:00+02:00,2251.771768482232
2028-05-13 13:00:00+02:00,2235.7839136726566
2028-05-13 14:00:00+02:00,2215.9060941932553
2028-05-13 15:00:00+02:00,2196.5993160420708
2028-05-13 16:00:00+02:00,2200.6369939155898
2028-05-13 17:00:00+02:00,2212.034120716646
2028-05-13 18:00:00+02:00,2258.306389485829
2028-05-13 19:00:00+02:00,2373.5932708694972
2028-05-13 20:00:00+02:00,2417.2893658512617
2028-05-13 21:00:00+02:00,2290.976943101112
2028-05-13 22:00:00+02:00,1999.1787151912558
2028-05-13 23:00:00+02:00,1737.3772082519015
2028-05-14 00:00:00+02:00,1540.3317675455444
2028-05-14 01:00:00+02:00,1496.8213753114298
2028-05-14 02:00:00+02:00,1490.0832671659214
2028-05-14 03:00:00+02:00,1488.2440108284031
2028-05-14 04:00:00+02:00,1511.9967327950922
2028-05-14 05:00:00+02:00,1667.9397702387555
2028-05-14 06:00:00+02:00,1898.459122240532
2028-05-14 07:00:00+02:00,2133.8512252657524
2028-05-14 08:00:00+02:00,2230.871100142284
2028-05-14 09:00:00+02:00,2247.805068615203
2028-05-14 10:00:00+02:00,2233.590137303559
2028-05-14 11:00:00+02:00,2212.6827072359
2028-05-14 12:00:00+02:00,2190.3064913041176
2028-05-14 13:00:00+02:00,2153.723856464266
2028-05-14 14:00:00+02:00,2126.182226511318
2028-05-14 15:00:00+02:00,2123.7428223609118
2028-05-14 16:00:00+02:00,2125.3825982305257
2028-05-14 17:00:00+02:00,2139.1618831294495
2028-05-14 18:00:00+02:00,2174.855648492225
2028-05-14 19:00:00+02:00,2291.1074238555225
2028-05-14 20:00:00+02:00,2344.4167163853676
2028-05-14 21:00:00+02:00,2245.110952798456
2028-05-14 22:00:00+02:00,2008.1526850002367
2028-05-14 23:00:00+02:00,1773.9160780866168
2028-05-15 00:00:00+02:00,1874.6542927036442
2028-05-15 01:00:00+02:00,1755.5227282136282
2028-05-15 02:00:00+02:00,1668.7440481306196
2028-05-15 03:00:00+02:00,1622.927749843212
2028-05-15 04:00:00+02:00,1626.9536842166035
2028-05-15 05:00:00+02:00,1794.2826458417628
2028-05-15 06:00:00+02:00,2040.9190260995506
2028-05-15 07:00:00+02:00,2305.4334489949415
2028-05-15 08:00:00+02:00,2445.6329900718083
2028-05-15 09:00:00+02:00,2516.7314024504562
2028-05-15 10:00:00+02:00,2563.7557154287324
2028-05-15 11:00:00+02:00,2592.9789286907585
2028-05-15 12:00:00+02:00,2578.0156681636213
2028-05-15 13:00:00+02:00,2522.0744122921647
2028-05-15 14:00:00+02:00,2472.368859137326
2028-05-15 15:00:00+02:00,2457.0176657887623
2028-05-15 16:00:00+02:00,2471.0560370126177
2028-05-15 17:00:00+02:00,2507.9024122423684
2028-05-15 18:00:00+02:00,2599.8355356650513
2028-05-15 19:00:00+02:00,2758.8976780673656
2028-05-15 20:00:00+02:00,2830.4919351328767
2028-05-15 21:00:00+02:00,2689.6299046927356
2028-05-15 22:00:00+02:00,2365.2175075190303
2028-05-15 23:00:00+02:00,2046.1013771069038
2028-05-16 00:00:00+02:00,1869.429745047243
2028-05-16 01:00:00+02:00,1736.079855859882
2028-05-16 02:00:00+02:00,1673.2764903235013
2028-05-16 03:00:00+02:00,1678.427694241944
2028-05-16 04:00:00+02:00,1734.8513275435282
2028-05-16 05:00:00+02:00,1900.0039204459626
2028-05-16 06:00:00+02:00,2134.47935517929
2028-05-16 07:00:00+02:00,2390.508183785473
2028-05-16 08:00:00+02:00,2532.950131201447
2028-05-16 09:00:00+02:00,2593.743706767815
2028-05-16 10:00:00+02:00,2605.940271216218
2028-05-16 11:00:00+02:00,2604.214450736786
2028-05-16 12:00:00+02:00,2583.68814775992
2028-05-16 13:00:00+02:00,2546.9995042914525
2028-05-16 14:00:00+02:00,2498.3726844050925
2028-05-16 15:00:00+02:00,2458.139881841842
2028-05-16 16:00:00+02:00,2451.3530251238985
2028-05-16 17:00:00+02:00,2483.0997859931754
2028-05-16 18:00:00+02:00,2563.3409263059816
2028-05-16 19:00:00+02:00,2699.3125321986104
2028-05-16 20:00:00+02:00,2740.929105510402
2028-05-16 21:00:00+02:00,2600.298295318215
2028-05-16 22:00:00+02:00,2322.2772749242595
2028-05-16 23:00:00+02:00,2040.4056758063255
2028-05-17 00:00:00+02:00,1866.96257718884
2028-05-17 01:00:00+02:00,1773.4694252661752
2028-05-17 02:00:00+02:00,1767.5837121357051
2028-05-17 03:00:00+02:00,1787.2039702925158
2028-05-17 04:00:00+02:00,1835.106640570241
2028-05-17 05:00:00+02:00,2010.0987171778906
2028-05-17 06:00:00+02:00,2242.615714830117
2028-05-17 07:00:00+02:00,2468.9425783271404
2028-05-17 08:00:00+02:00,2536.305505167196
2028-05-17 09:00:00+02:00,2512.750116932861
2028-05-17 10:00:00+02:00,2460.9697642524893
2028-05-17 11:00:00+02:00,2440.8463501670994
2028-05-17 12:00:00+02:00,2414.4770863059193
2028-05-17 13:00:00+02:00,2380.9466313772123
2028-05-17 14:00:00+02:00,2346.105184305664
2028-05-17 15:00:00+02:00,2370.646814927936
2028-05-17 16:00:00+02:00,2425.5043759078535
2028-05-17 17:00:00+02:00,2496.5469831525534
2028-05-17 18:00:00+02:00,2583.2908823924345
2028-05-17 19:00:00+02:00,2721.781071843424
2028-05-17 20:00:00+02:00,2786.8429058414113
2028-05-17 21:00:00+02:00,2682.658683437503
2028-05-17 22:00:00+02:00,2428.2327767015036
2028-05-17 23:00:00+02:00,2149.837809290621
2028-05-18 00:00:00+02:00,1956.6775843098221
2028-05-18 01:00:00+02:00,1825.8322050427855
2028-05-18 02:00:00+02:00,1756.0276704668374
2028-05-18 03:00:00+02:00,1739.773568816223
2028-05-18 04:00:00+02:00,1761.3867990829665
2028-05-18 05:00:00+02:00,1907.377819474853
2028-05-18 06:00:00+02:00,2137.5665491712894
2028-05-18 07:00:00+02:00,2395.8683361414332
2028-05-18 08:00:00+02:00,2540.4544270877955
2028-05-18 09:00:00+02:00,2568.824653797764
2028-05-18 10:00:00+02:00,2551.5060697817685
2028-05-18 11:00:00+02:00,2525.409420390077
2028-05-18 12:00:00+02:00,2490.050954886006
2028-05-18 13:00:00+02:00,2451.889011517424
2028-05-18 14:00:00+02:00,2424.441736022254
2028-05-18 15:00:00+02:00,2426.8924859993294
2028-05-18 16:00:00+02:00,2455.546294732587
2028-05-18 17:00:00+02:00,2488.945770048168
2028-05-18 18:00:00+02:00,2552.017846961367
2028-05-18 19:00:00+02:00,2691.381358416146
2028-05-18 20:00:00+02:00,2777.8212234589173
2028-05-18 21:00:00+02:00,2678.9291455740654
2028-05-18 22:00:00+02:00,2384.6745963653048
2028-05-18 23:00:00+02:00,2090.136972617079
2028-05-19 00:00:00+02:00,1917.3714285207411
2028-05-19 01:00:00+02:00,1810.0603604551497
2028-05-19 02:00:00+02:00,1741.0056266143972
2028-05-19 03:00:00+02:00,1707.060542308131
2028-05-19 04:00:00+02:00,1746.5154906865976
2028-05-19 05:00:00+02:00,1927.2895221506478
2028-05-19 06:00:00+02:00,2194.2672814144453
2028-05-19 07:00:00+02:00,2440.2567967424925
2028-05-19 08:00:00+02:00,2546.848720955754
2028-05-19 09:00:00+02:00,2542.239330774779
2028-05-19 10:00:00+02:00,2499.9131384766665
2028-05-19 11:00:00+02:00,2471.6006286257684
2028-05-19 12:00:00+02:00,2459.2022921446073
2028-05-19 13:00:00+02:00,2449.5320651692787
2028-05-19 14:00:00+02:00,2439.540186660147
2028-05-19 15:00:00+02:00,2448.5537241749903
2028-05-19 16:00:00+02:00,2471.200692552672
2028-05-19 17:00:00+02:00,2505.105191826203
2028-05-19 18:00:00+02:00,2562.0737216774505
2028-05-19 19:00:00+02:00,2698.797583695651
2028-05-19 20:00:00+02:00,2767.274617983382
2028-05-19 21:00:00+02:00,2667.751802519214
2028-05-19 22:00:00+02:00,2354.2731912202435
2028-05-19 23:00:00+02:00,2037.3017805975944
2028-05-20 00:00:00+02:00,1652.712383722479
2028-05-20 01:00:00+02:00,1593.7769189974395
2028-05-20 02:00:00+02:00,1582.130370343937
2028-05-20 03:00:00+02:00,1567.5942762761654
2028-05-20 04:00:00+02:00,1571.6751134513709
2028-05-20 05:00:00+02:00,1705.2866304876504
2028-05-20 06:00:00+02:00,1938.6087755577748
2028-05-20 07:00:00+02:00,2191.48557900661
2028-05-20 08:00:00+02:00,2318.6253276901207
2028-05-20 09:00:00+02:00,2346.6536087188674
2028-05-20 10:00:00+02:00,2342.9799606989686
2028-05-20 11:00:00+02:00,2299.2927680320695
2028-05-20 12:00:00+02:00,2214.2188569882046
2028-05-20 13:00:00+02:00,2137.0672731201435
2028-05-20 14:00:00+02:00,2096.3770035612965
2028-05-20 15:00:00+02:00,2130.577627510293
2028-05-20 16:00:00+02:00,2171.4486128129147
2028-05-20 17:00:00+02:00,2220.726977396653
2028-05-20 18:00:00+02:00,2262.494807696765
2028-05-20 19:00:00+02:00,2377.800836488079
2028-05-20 20:00:00+02:00,2417.4438102338645
2028-05-20 21:00:00+02:00,2306.6353781879
2028-05-20 22:00:00+02:00,2045.9250699422043
2028-05-20 23:00:00+02:00,1812.2265874735353
2028-05-21 00:00:00+02:00,1620.3358985777686
2028-05-21 01:00:00+02:00,1559.8455103203962
2028-05-21 02:00:00+02:00,1526.4839244314985
2028-05-21 03:00:00+02:00,1509.1001046719089
2028-05-21 04:00:00+02:00,1503.0333548554418
2028-05-21 05:00:00+02:00,1635.2436184076062
2028-05-21 06:00:00+02:00,1861.303523661812
2028-05-21 07:00:00+02:00,2115.3971611870916
2028-05-21 08:00:00+02:00,2241.4154146666774
2028-05-21 09:00:00+02:00,2274.702461158092
2028-05-21 10:00:00+02:00,2264.7079102696334
2028-05-21 11:00:00+02:00,2250.8194009733184
2028-05-21 12:00:00+02:00,2220.201402775613
2028-05-21 13:00:00+02:00,2173.608551643107
2028-05-21 14:00:00+02:00,2121.981388183848
2028-05-21 15:00:00+02:00,2088.3958834608025
2028-05-21 16:00:00+02:00,2067.7481033013623
2028-05-21 17:00:00+02:00,2069.0222844496743
2028-05-21 18:00:00+02:00,2111.092277985469
2028-05-21 19:00:00+02:00,2242.0615827655743
2028-05-21 20:00:00+02:00,2325.4144118956237
2028-05-21 21:00:00+02:00,2269.6511973771458
2028-05-21 22:00:00+02:00,2043.3262840465854
2028-05-21 23:00:00+02:00,1818.9468881263028
2028-05-22 00:00:00+02:00,1919.8427560483467
2028-05-22 01:00:00+02:00,1838.5596216401611
2028-05-22 02:00:00+02:00,1787.633781459993
2028-05-22 03:00:00+02:00,1756.5740188320462
2028-05-22 04:00:00+02:00,1761.0824658319593
2028-05-22 05:00:00+02:00,1896.1547465412652
2028-05-22 06:00:00+02:00,2119.411795970636
2028-05-22 07:00:00+02:00,2360.1384179912834
2028-05-22 08:00:00+02:00,2471.3767572073784
2028-05-22 09:00:00+02:00,2489.5892481896135
2028-05-22 10:00:00+02:00,2467.6162936444475
2028-05-22 11:00:00+02:00,2446.857456019957
2028-05-22 12:00:00+02:00,2418.572297501796
2028-05-22 13:00:00+02:00,2384.9709794590594
2028-05-22 14:00:00+02:00,2337.7303632244493
2028-05-22 15:00:00+02:00,2323.708251243086
2028-05-22 16:00:00+02:00,2359.5124150354527
2028-05-22 17:00:00+02:00,2436.31881399699
2028-05-22 18:00:00+02:00,2538.8897831483914
2028-05-22 19:00:00+02:00,2687.2466314897656
2028-05-22 20:00:00+02:00,2774.6412729925783
2028-05-22 21:00:00+02:00,2668.478761644006
2028-05-22 22:00:00+02:00,2394.569906786083
2028-05-22 23:00:00+02:00,2102.4064653992737
2028-05-23 00:00:00+02:00,1942.9958384149184
2028-05-23 01:00:00+02:00,1819.2556364784707
2028-05-23 02:00:00+02:00,1754.876470790622
2028-05-23 03:00:00+02:00,1735.8346837812974
2028-05-23 04:00:00+02:00,1756.4631995436807
2028-05-23 05:00:00+02:00,1901.0135505485284
2028-05-23 06:00:00+02:00,2128.6970531476577
2028-05-23 07:00:00+02:00,2377.894590979105
2028-05-23 08:00:00+02:00,2503.1844350837246
2028-05-23 09:00:00+02:00,2526.209824183275
2028-05-23 10:00:00+02:00,2505.323500845074
2028-05-23 11:00:00+02:00,2481.5629527835413
2028-05-23 12:00:00+02:00,2452.9626721237523
2028-05-23 13:00:00+02:00,2408.2141765518245
2028-05-23 14:00:00+02:00,2373.0828750274777
2028-05-23 15:00:00+02:00,2370.00082844869
2028-05-23 16:00:00+02:00,2405.551096646782
2028-05-23 17:00:00+02:00,2456.2061455001754
2028-05-23 18:00:00+02:00,2537.0179230669
2028-05-23 19:00:00+02:00,2687.8598064973544
2028-05-23 20:00:00+02:00,2765.1562843729816
2028-05-23 21:00:00+02:00,2678.7986463191164
2028-05-23 22:00:00+02:00,2415.7228072311495
2028-05-23 23:00:00+02:00,2145.110109762029
2028-05-24 00:00:00+02:00,1947.3344706714643
2028-05-24 01:00:00+02:00,1818.9715217177816
2028-05-24 02:00:00+02:00,1744.5111487699082
2028-05-24 03:00:00+02:00,1701.9457693219895
2028-05-24 04:00:00+02:00,1708.7969638116135
2028-05-24 05:00:00+02:00,1846.3839135747394
2028-05-24 06:00:00+02:00,2081.4765766593523
2028-05-24 07:00:00+02:00,2340.3096647974075
2028-05-24 08:00:00+02:00,2477.3801447387723
2028-05-24 09:00:00+02:00,2520.5327753720644
2028-05-24 10:00:00+02:00,2515.1277094586885
2028-05-24 11:00:00+02:00,2496.4471544549965
2028-05-24 12:00:00+02:00,2457.0374127440928
2028-05-24 13:00:00+02:00,2402.8250815502897
2028-05-24 14:00:00+02:00,2347.095211219
2028-05-24 15:00:00+02:00,2339.273288533722
2028-05-24 16:00:00+02:00,2384.041042825407
2028-05-24 17:00:00+02:00,2485.9085423731894
2028-05-24 18:00:00+02:00,2596.039987327798
2028-05-24 19:00:00+02:00,2775.9018149214658
2028-05-24 20:00:00+02:00,2860.482584136439
2028-05-24 21:00:00+02:00,2762.229951740049
2028-05-24 22:00:00+02:00,2441.4175040371642
2028-05-24 23:00:00+02:00,2094.08732071675
2028-05-25 00:00:00+02:00,1900.2711341615109
2028-05-25 01:00:00+02:00,1777.216211509408
2028-05-25 02:00:00+02:00,1723.6995475629178
2028-05-25 03:00:00+02:00,1693.7626402855499
2028-05-25 04:00:00+02:00,1700.0560877117357
2028-05-25 05:00:00+02:00,1846.6603648418668
2028-05-25 06:00:00+02:00,2083.4457685094003
2028-05-25 07:00:00+02:00,2342.6944746937247
2028-05-25 08:00:00+02:00,2458.4356913135784
2028-05-25 09:00:00+02:00,2500.890090483422
2028-05-25 10:00:00+02:00,2500.348310835493
2028-05-25 11:00:00+02:00,2509.957254095788
2028-05-25 12:00:00+02:00,2501.9721044012945
2028-05-25 13:00:00+02:00,2498.2682596413392
2028-05-25 14:00:00+02:00,2495.8391459470604
2028-05-25 15:00:00+02:00,2514.890035127819
2028-05-25 16:00:00+02:00,2533.664601304704
2028-05-25 17:00:00+02:00,2555.9843253487197
2028-05-25 18:00:00+02:00,2589.7156924873757
2028-05-25 19:00:00+02:00,2684.893254796831
2028-05-25 20:00:00+02:00,2732.9667493370007
2028-05-25 21:00:00+02:00,2621.3374311295233
2028-05-25 22:00:00+02:00,2344.069574072264
2028-05-25 23:00:00+02:00,2050.6135961348236
2028-05-26 00:00:00+02:00,1858.8281175087643
2028-05-26 01:00:00+02:00,1769.5123653482422
2028-05-26 02:00:00+02:00,1732.8721712017207
2028-05-26 03:00:00+02:00,1724.0043793457548
2028-05-26 04:00:00+02:00,1768.835625066292
2028-05-26 05:00:00+02:00,1940.8880002103024
2028-05-26 06:00:00+02:00,2184.0086682261517
2028-05-26 07:00:00+02:00,2406.1456059769657
2028-05-26 08:00:00+02:00,2500.3119528369066
2028-05-26 09:00:00+02:00,2501.5856178210443
2028-05-26 10:00:00+02:00,2481.264980520348
2028-05-26 11:00:00+02:00,2474.478512539239
2028-05-26 12:00:00+02:00,2469.7210835834976
2028-05-26 13:00:00+02:00,2471.9496252539316
2028-05-26 14:00:00+02:00,2466.662971152795
2028-05-26 15:00:00+02:00,2479.4063602631836
2028-05-26 16:00:00+02:00,2490.0969996944937
2028-05-26 17:00:00+02:00,2500.2749221533363
2028-05-26 18:00:00+02:00,2528.011261995766
2028-05-26 19:00:00+02:00,2632.179599201428
2028-05-26 20:00:00+02:00,2683.034335877359
2028-05-26 21:00:00+02:00,2572.200168520696
2028-05-26 22:00:00+02:00,2318.7433564973703
2028-05-26 23:00:00+02:00,2068.3233060804027
2028-05-27 00:00:00+02:00,1700.226817773205
2028-05-27 01:00:00+02:00,1610.4291938201086
2028-05-27 02:00:00+02:00,1547.2339906777634
2028-05-27 03:00:00+02:00,1500.244561336887
2028-05-27 04:00:00+02:00,1520.1848077506374
2028-05-27 05:00:00+02:00,1685.609951441015
2028-05-27 06:00:00+02:00,1929.5916699562488
2028-05-27 07:00:00+02:00,2153.8264796905514
2028-05-27 08:00:00+02:00,2251.2321866003044
2028-05-27 09:00:00+02:00,2266.542390480314
2028-05-27 10:00:00+02:00,2246.004537960328
2028-05-27 11:00:00+02:00,2227.631557086687
2028-05-27 12:00:00+02:00,2201.674151822062
2028-05-27 13:00:00+02:00,2165.8127232846196
2028-05-27 14:00:00+02:00,2131.434719013355
2028-05-27 15:00:00+02:00,2122.903821813454
2028-05-27 16:00:00+02:00,2147.2664266487186
2028-05-27 17:00:00+02:00,2195.903416824501
2028-05-27 18:00:00+02:00,2267.006406029011
2028-05-27 19:00:00+02:00,2386.2248316264327
2028-05-27 20:00:00+02:00,2441.7038819586105
2028-05-27 21:00:00+02:00,2345.7797928443906
2028-05-27 22:00:00+02:00,2089.951863584302
2028-05-27 23:00:00+02:00,1801.090195153782
2028-05-28 00:00:00+02:00,1570.3634249859151
2028-05-28 01:00:00+02:00,1472.142290936096
2028-05-28 02:00:00+02:00,1454.3883334082627
2028-05-28 03:00:00+02:00,1472.9976032283096
2028-05-28 04:00:00+02:00,1531.8946532148714
2028-05-28 05:00:00+02:00,1683.648310925267
2028-05-28 06:00:00+02:00,1889.5474765615766
2028-05-28 07:00:00+02:00,2073.617010754577
2028-05-28 08:00:00+02:00,2154.1581282031016
2028-05-28 09:00:00+02:00,2164.750243540117
2028-05-28 10:00:00+02:00,2154.5054007718823
2028-05-28 11:00:00+02:00,2138.1774375308596
2028-05-28 12:00:00+02:00,2121.2623753102694
2028-05-28 13:00:00+02:00,2089.38678404934
2028-05-28 14:00:00+02:00,2065.4319716463897
2028-05-28 15:00:00+02:00,2075.5520064015195
2028-05-28 16:00:00+02:00,2110.607927094632
2028-05-28 17:00:00+02:00,2164.6070955286873
2028-05-28 18:00:00+02:00,2234.959665953139
2028-05-28 19:00:00+02:00,2347.8788937505415
2028-05-28 20:00:00+02:00,2403.0477056353952
2028-05-28 21:00:00+02:00,2300.297946273153
2028-05-28 22:00:00+02:00,2077.5658934531443
2028-05-28 23:00:00+02:00,1834.2768684557375
2028-05-29 00:00:00+02:00,1957.545777847706
2028-05-29 01:00:00+02:00,1837.9493285687372
2028-05-29 02:00:00+02:00,1772.4578453883219
2028-05-29 03:00:00+02:00,1740.1549647983745
2028-05-29 04:00:00+02:00,1750.3255934842966
2028-05-29 05:00:00+02:00,1905.0352750001844
2028-05-29 06:00:00+02:00,2142.6863506694517
2028-05-29 07:00:00+02:00,2356.3869477750645
2028-05-29 08:00:00+02:00,2435.4967147708267
2028-05-29 09:00:00+02:00,2435.0255570599516
2028-05-29 10:00:00+02:00,2429.552650792315
2028-05-29 11:00:00+02:00,2439.0903280759944
2028-05-29 12:00:00+02:00,2453.7384760972413
2028-05-29 13:00:00+02:00,2469.987145047179
2028-05-29 14:00:00+02:00,2493.968857892204
2028-05-29 15:00:00+02:00,2520.9319716382906
2028-05-29 16:00:00+02:00,2518.567194114444
2028-05-29 17:00:00+02:00,2527.839341944899
2028-05-29 18:00:00+02:00,2552.889113591785
2028-05-29 19:00:00+02:00,2668.407940898441
2028-05-29 20:00:00+02:00,2721.3847271721033
2028-05-29 21:00:00+02:00,2618.322520716989
2028-05-29 22:00:00+02:00,2380.2273018540654
2028-05-29 23:00:00+02:00,2107.4214352873396
2028-05-30 00:00:00+02:00,1931.1573614758122
2028-05-30 01:00:00+02:00,1827.7807701176864
2028-05-30 02:00:00+02:00,1760.3884610615803
2028-05-30 03:00:00+02:00,1719.9849004624366
2028-05-30 04:00:00+02:00,1737.5236282189614
2028-05-30 05:00:00+02:00,1901.114225859457
2028-05-30 06:00:00+02:00,2137.951525455224
2028-05-30 07:00:00+02:00,2376.37110065699
2028-05-30 08:00:00+02:00,2512.2010591203384
2028-05-30 09:00:00+02:00,2571.4360651234283
2028-05-30 10:00:00+02:00,2589.2512790854234
2028-05-30 11:00:00+02:00,2578.57122420466
2028-05-30 12:00:00+02:00,2555.586256390372
2028-05-30 13:00:00+02:00,2523.630425632117
2028-05-30 14:00:00+02:00,2507.2770640022086
2028-05-30 15:00:00+02:00,2502.108971006562
2028-05-30 16:00:00+02:00,2497.9734133017555
2028-05-30 17:00:00+02:00,2501.900012819626
2028-05-30 18:00:00+02:00,2528.081767408198
2028-05-30 19:00:00+02:00,2623.5878137760556
2028-05-30 20:00:00+02:00,2675.4543435906357
2028-05-30 21:00:00+02:00,2586.5708262896264
2028-05-30 22:00:00+02:00,2348.8282452834865
2028-05-30 23:00:00+02:00,2066.25816657323
2028-05-31 00:00:00+02:00,1895.5653069477328
2028-05-31 01:00:00+02:00,1760.144638050605
2028-05-31 02:00:00+02:00,1691.8163696544968
2028-05-31 03:00:00+02:00,1652.6272474866623
2028-05-31 04:00:00+02:00,1668.5781000975892
2028-05-31 05:00:00+02:00,1809.4553275926553
2028-05-31 06:00:00+02:00,2066.4641332687293
2028-05-31 07:00:00+02:00,2357.2257559160867
2028-05-31 08:00:00+02:00,2546.0399953891024
2028-05-31 09:00:00+02:00,2604.3752595170063
2028-05-31 10:00:00+02:00,2586.986719932127
2028-05-31 11:00:00+02:00,2554.0155246224867
2028-05-31 12:00:00+02:00,2523.451594580888
2028-05-31 13:00:00+02:00,2494.9716775824268
2028-05-31 14:00:00+02:00,2460.5154346043514
2028-05-31 15:00:00+02:00,2458.564024486489
2028-05-31 16:00:00+02:00,2479.042614844367
2028-05-31 17:00:00+02:00,2527.6475575353948
2028-05-31 18:00:00+02:00,2584.9958147064713
2028-05-31 19:00:00+02:00,2688.1455957055205
2028-05-31 20:00:00+02:00,2709.475853233239
2028-05-31 21:00:00+02:00,2577.4258701235262
2028-05-31 22:00:00+02:00,2292.0905582305036
2028-05-31 23:00:00+02:00,2028.8841673798709
2028-06-01 00:00:00+02:00,1804.3616920305487
2028-06-01 01:00:00+02:00,1752.4625111750345
2028-06-01 02:00:00+02:00,1733.4449182377668
2028-06-01 03:00:00+02:00,1707.7682696384165
2028-06-01 04:00:00+02:00,1702.8104289271703
2028-06-01 05:00:00+02:00,1824.50018032649
2028-06-01 06:00:00+02:00,2031.1711714965265
2028-06-01 07:00:00+02:00,2258.5872580909895
2028-06-01 08:00:00+02:00,2368.865920119781
2028-06-01 09:00:00+02:00,2417.7112113289354
2028-06-01 10:00:00+02:00,2434.120011219085
2028-06-01 11:00:00+02:00,2442.0231713974554
2028-06-01 12:00:00+02:00,2430.6417010918244
2028-06-01 13:00:00+02:00,2412.4068030240164
2028-06-01 14:00:00+02:00,2389.2922397362586
2028-06-01 15:00:00+02:00,2372.216223351925
2028-06-01 16:00:00+02:00,2365.740242708646
2028-06-01 17:00:00+02:00,2403.38093140443
2028-06-01 18:00:00+02:00,2481.638877967008
2028-06-01 19:00:00+02:00,2592.3369951450845
2028-06-01 20:00:00+02:00,2633.1915778938264
2028-06-01 21:00:00+02:00,2484.5380195457155
2028-06-01 22:00:00+02:00,2206.984794027923
2028-06-01 23:00:00+02:00,1923.6091420816906
2028-06-02 00:00:00+02:00,1759.0889683774767
2028-06-02 01:00:00+02:00,1672.3894519146284
2028-06-02 02:00:00+02:00,1614.428884915709
2028-06-02 03:00:00+02:00,1557.1913065584056
2028-06-02 04:00:00+02:00,1555.2772342767532
2028-06-02 05:00:00+02:00,1705.643851709853
2028-06-02 06:00:00+02:00,2008.51612884081
2028-06-02 07:00:00+02:00,2325.1367039200486
2028-06-02 08:00:00+02:00,2500.7700369526824
2028-06-02 09:00:00+02:00,2543.537552246181
2028-06-02 10:00:00+02:00,2538.313310585141
2028-06-02 11:00:00+02:00,2533.274510202346
2028-06-02 12:00:00+02:00,2517.4400968317414
2028-06-02 13:00:00+02:00,2479.538362418185
2028-06-02 14:00:00+02:00,2426.5896632979648
2028-06-02 15:00:00+02:00,2380.542744919681
2028-06-02 16:00:00+02:00,2349.4989030537877
2028-06-02 17:00:00+02:00,2346.6205620849564
2028-06-02 18:00:00+02:00,2379.727074441483
2028-06-02 19:00:00+02:00,2500.6850798936102
2028-06-02 20:00:00+02:00,2588.3795454287692
2028-06-02 21:00:00+02:00,2513.724746247889
2028-06-02 22:00:00+02:00,2273.0582128531364
2028-06-02 23:00:00+02:00,2008.084331015813
2028-06-03 00:00:00+02:00,1736.443525392557
2028-06-03 01:00:00+02:00,1654.49893667393
2028-06-03 02:00:00+02:00,1601.2451615367636
2028-06-03 03:00:00+02:00,1546.6405307405664
2028-06-03 04:00:00+02:00,1523.0879974796856
2028-06-03 05:00:00+02:00,1639.4235996611394
2028-06-03 06:00:00+02:00,1856.4488549674156
2028-06-03 07:00:00+02:00,2097.4169445414077
2028-06-03 08:00:00+02:00,2221.3254921132534
2028-06-03 09:00:00+02:00,2268.5555803139673
2028-06-03 10:00:00+02:00,2286.694190360432
2028-06-03 11:00:00+02:00,2304.724124607773
2028-06-03 12:00:00+02:00,2321.6560383931405
2028-06-03 13:00:00+02:00,2317.0735559932946
2028-06-03 14:00:00+02:00,2295.5699806343923
2028-06-03 15:00:00+02:00,2246.5116052231406
2028-06-03 16:00:00+02:00,2208.263188898519
2028-06-03 17:00:00+02:00,2178.709670858628
2028-06-03 18:00:00+02:00,2200.6141520865226
2028-06-03 19:00:00+02:00,2278.1128233398044
2028-06-03 20:00:00+02:00,2316.1829247655583
2028-06-03 21:00:00+02:00,2233.166272802226
2028-06-03 22:00:00+02:00,2035.51422513544
2028-06-03 23:00:00+02:00,1825.1160896862712
2028-06-04 00:00:00+02:00,1615.8937732071872
2028-06-04 01:00:00+02:00,1527.6122928852071
2028-06-04 02:00:00+02:00,1485.1716930659247
2028-06-04 03:00:00+02:00,1457.9097875817552
2028-06-04 04:00:00+02:00,1473.0255841621117
2028-06-04 05:00:00+02:00,1607.4661725983715
2028-06-04 06:00:00+02:00,1821.6758045362071
2028-06-04 07:00:00+02:00,2050.63465224314
2028-06-04 08:00:00+02:00,2162.304753623519
2028-06-04 09:00:00+02:00,2196.4242363099033
2028-06-04 10:00:00+02:00,2185.772591244097
2028-06-04 11:00:00+02:00,2187.1816115371416
2028-06-04 12:00:00+02:00,2187.93627701674
2028-06-04 13:00:00+02:00,2173.867663524682
2028-06-04 14:00:00+02:00,2138.508220718038
2028-06-04 15:00:00+02:00,2111.4876561001042
2028-06-04 16:00:00+02:00,2113.3367836806433
2028-06-04 17:00:00+02:00,2148.385362971684
2028-06-04 18:00:00+02:00,2200.5284340751346
2028-06-04 19:00:00+02:00,2294.6013784094075
2028-06-04 20:00:00+02:00,2348.8622222046997
2028-06-04 21:00:00+02:00,2261.5442633297566
2028-06-04 22:00:00+02:00,2018.7414134028786
2028-06-04 23:00:00+02:00,1747.3976428952958
2028-06-05 00:00:00+02:00,1729.464882036612
2028-06-05 01:00:00+02:00,1626.3572848991435
2028-06-05 02:00:00+02:00,1564.1322029100932
2028-06-05 03:00:00+02:00,1529.0849305698164
2028-06-05 04:00:00+02:00,1562.5173501898041
2028-06-05 05:00:00+02:00,1740.2496296790694
2028-06-05 06:00:00+02:00,2011.5198834761431
2028-06-05 07:00:00+02:00,2281.757824213572
2028-06-05 08:00:00+02:00,2419.7191072615083
2028-06-05 09:00:00+02:00,2461.4929169918382
2028-06-05 10:00:00+02:00,2455.611705641546
2028-06-05 11:00:00+02:00,2446.7816934270386
2028-06-05 12:00:00+02:00,2433.4779390872563
2028-06-05 13:00:00+02:00,2407.2949721582345
2028-06-05 14:00:00+02:00,2361.507011229517
2028-06-05 15:00:00+02:00,2324.5060340677956
2028-06-05 16:00:00+02:00,2317.791476602793
2028-06-05 17:00:00+02:00,2349.887113976859
2028-06-05 18:00:00+02:00,2393.630666729493
2028-06-05 19:00:00+02:00,2484.301496940034
2028-06-05 20:00:00+02:00,2526.5666322876673
2028-06-05 21:00:00+02:00,2420.275562747792
2028-06-05 22:00:00+02:00,2163.215609313812
2028-06-05 23:00:00+02:00,1880.0453629828473
2028-06-06 00:00:00+02:00,1780.1680791494568
2028-06-06 01:00:00+02:00,1680.3753401376407
2028-06-06 02:00:00+02:00,1635.3520297580596
2028-06-06 03:00:00+02:00,1606.0180183416214
2028-06-06 04:00:00+02:00,1658.9363524592575
2028-06-06 05:00:00+02:00,1843.0212423650353
2028-06-06 06:00:00+02:00,2117.2539770627827
2028-06-06 07:00:00+02:00,2365.9404129591476
2028-06-06 08:00:00+02:00,2486.784924217994
2028-06-06 09:00:00+02:00,2519.106326046824
2028-06-06 10:00:00+02:00,2510.370121621124
2028-06-06 11:00:00+02:00,2508.108139413926
2028-06-06 12:00:00+02:00,2499.9075249012753
2028-06-06 13:00:00+02:00,2468.816913981968
2028-06-06 14:00:00+02:00,2414.599927846467
2028-06-06 15:00:00+02:00,2385.456989652663
2028-06-06 16:00:00+02:00,2393.500262439206
2028-06-06 17:00:00+02:00,2455.1581137335493
2028-06-06 18:00:00+02:00,2542.948771653066
2028-06-06 19:00:00+02:00,2653.3185362031286
2028-06-06 20:00:00+02:00,2713.2835247296434
2028-06-06 21:00:00+02:00,2600.0309607369836
2028-06-06 22:00:00+02:00,2335.782802508328
2028-06-06 23:00:00+02:00,2022.2558605403185
2028-06-07 00:00:00+02:00,1861.4173257150724
2028-06-07 01:00:00+02:00,1747.9672482174415
2028-06-07 02:00:00+02:00,1685.9977958263266
2028-06-07 03:00:00+02:00,1635.7363751013008
2028-06-07 04:00:00+02:00,1644.0418737110165
2028-06-07 05:00:00+02:00,1817.6532065833978
2028-06-07 06:00:00+02:00,2099.4825751469466
2028-06-07 07:00:00+02:00,2380.884149115149
2028-06-07 08:00:00+02:00,2505.238398427573
2028-06-07 09:00:00+02:00,2517.431686969638
2028-06-07 10:00:00+02:00,2487.7979531241726
2028-06-07 11:00:00+02:00,2452.025935646068
2028-06-07 12:00:00+02:00,2435.654765423922
2028-06-07 13:00:00+02:00,2437.8089127079356
2028-06-07 14:00:00+02:00,2458.22226580206
2028-06-07 15:00:00+02:00,2501.0822537445733
2028-06-07 16:00:00+02:00,2534.835585278588
2028-06-07 17:00:00+02:00,2567.2554240676227
2028-06-07 18:00:00+02:00,2578.2289051009034
2028-06-07 19:00:00+02:00,2645.917587910001
2028-06-07 20:00:00+02:00,2682.220751260411
2028-06-07 21:00:00+02:00,2551.6008932371456
2028-06-07 22:00:00+02:00,2280.3594102653956
2028-06-07 23:00:00+02:00,1991.9141553654817
2028-06-08 00:00:00+02:00,1828.0027607164166
2028-06-08 01:00:00+02:00,1750.0725190122412
2028-06-08 02:00:00+02:00,1698.3020098030806
2028-06-08 03:00:00+02:00,1650.5447998514003
2028-06-08 04:00:00+02:00,1664.5830492392884
2028-06-08 05:00:00+02:00,1823.1203424493954
2028-06-08 06:00:00+02:00,2095.9580243375026
2028-06-08 07:00:00+02:00,2363.1482239667894
2028-06-08 08:00:00+02:00,2504.70520840415
2028-06-08 09:00:00+02:00,2540.121566433796
2028-06-08 10:00:00+02:00,2553.7353185411375
2028-06-08 11:00:00+02:00,2560.2327319686824
2028-06-08 12:00:00+02:00,2569.846921894912
2028-06-08 13:00:00+02:00,2534.8354355124898
2028-06-08 14:00:00+02:00,2494.07526121155
2028-06-08 15:00:00+02:00,2461.5540858267345
2028-06-08 16:00:00+02:00,2445.4322402613548
2028-06-08 17:00:00+02:00,2448.476228677375
2028-06-08 18:00:00+02:00,2477.04306564651
2028-06-08 19:00:00+02:00,2577.2397445840134
2028-06-08 20:00:00+02:00,2655.0476861197676
2028-06-08 21:00:00+02:00,2552.7840391042205
2028-06-08 22:00:00+02:00,2271.4976504875676
2028-06-08 23:00:00+02:00,1947.3014465027566
2028-06-09 00:00:00+02:00,1764.7597292987477
2028-06-09 01:00:00+02:00,1699.6772106515687
2028-06-09 02:00:00+02:00,1681.3295446471434
2028-06-09 03:00:00+02:00,1649.35484403483
2028-06-09 04:00:00+02:00,1669.6033011509508
2028-06-09 05:00:00+02:00,1847.387651455796
2028-06-09 06:00:00+02:00,2130.38372916093
2028-06-09 07:00:00+02:00,2411.778131338187
2028-06-09 08:00:00+02:00,2538.3386404700914
2028-06-09 09:00:00+02:00,2571.244251295588
2028-06-09 10:00:00+02:00,2554.72230526365
2028-06-09 11:00:00+02:00,2548.510719439992
2028-06-09 12:00:00+02:00,2533.6448587669106
2028-06-09 13:00:00+02:00,2508.8017038156027
2028-06-09 14:00:00+02:00,2480.3733076051626
2028-06-09 15:00:00+02:00,2461.1708367127276
2028-06-09 16:00:00+02:00,2454.6673253945432
2028-06-09 17:00:00+02:00,2457.1280110067414
2028-06-09 18:00:00+02:00,2484.156535566728
2028-06-09 19:00:00+02:00,2562.8333953146584
2028-06-09 20:00:00+02:00,2616.9583878089757
2028-06-09 21:00:00+02:00,2519.968761147112
2028-06-09 22:00:00+02:00,2269.0516749929648
2028-06-09 23:00:00+02:00,1972.6260485710545
2028-06-10 00:00:00+02:00,1593.1912087646497
2028-06-10 01:00:00+02:00,1516.217383677478
2028-06-10 02:00:00+02:00,1482.2687583372146
2028-06-10 03:00:00+02:00,1458.5809640680236
2028-06-10 04:00:00+02:00,1465.972196777367
2028-06-10 05:00:00+02:00,1619.0771542377506
2028-06-10 06:00:00+02:00,1865.1377195801
2028-06-10 07:00:00+02:00,2118.697055234378
2028-06-10 08:00:00+02:00,2238.09463978725
2028-06-10 09:00:00+02:00,2265.0074929486404
2028-06-10 10:00:00+02:00,2253.6065874525607
2028-06-10 11:00:00+02:00,2243.5546921999976
2028-06-10 12:00:00+02:00,2242.351259969312
2028-06-10 13:00:00+02:00,2233.538084693189
2028-06-10 14:00:00+02:00,2203.1788993384284
2028-06-10 15:00:00+02:00,2177.3267153837137
2028-06-10 16:00:00+02:00,2171.0155782394195
2028-06-10 17:00:00+02:00,2201.6943886880927
2028-06-10 18:00:00+02:00,2243.1370643294094
2028-06-10 19:00:00+02:00,2307.6738540788233
2028-06-10 20:00:00+02:00,2338.573727559908
2028-06-10 21:00:00+02:00,2244.2035918198862
2028-06-10 22:00:00+02:00,2022.2071657376998
2028-06-10 23:00:00+02:00,1759.406682103334
2028-06-11 00:00:00+02:00,1536.1824275051679
2028-06-11 01:00:00+02:00,1451.1599720070853
2028-06-11 02:00:00+02:00,1414.4626686888296
2028-06-11 03:00:00+02:00,1383.8114685691016
2028-06-11 04:00:00+02:00,1404.9007373468564
2028-06-11 05:00:00+02:00,1575.7701421336951
2028-06-11 06:00:00+02:00,1827.0378641991838
2028-06-11 07:00:00+02:00,2071.9881347966416
2028-06-11 08:00:00+02:00,2184.5167885901215
2028-06-11 09:00:00+02:00,2222.1743788622643
2028-06-11 10:00:00+02:00,2233.65220288232
2028-06-11 11:00:00+02:00,2245.192900059578
2028-06-11 12:00:00+02:00,2244.0898999731558
2028-06-11 13:00:00+02:00,2214.924921983322
2028-06-11 14:00:00+02:00,2155.268866071602
2028-06-11 15:00:00+02:00,2117.5272795649
2028-06-11 16:00:00+02:00,2100.2213161143195
2028-06-11 17:00:00+02:00,2086.293093346724
2028-06-11 18:00:00+02:00,2116.26448856442
2028-06-11 19:00:00+02:00,2203.432373659437
2028-06-11 20:00:00+02:00,2286.674010705649
2028-06-11 21:00:00+02:00,2193.6176421165583
2028-06-11 22:00:00+02:00,1943.3636127358081
2028-06-11 23:00:00+02:00,1669.4730673272136
2028-06-12 00:00:00+02:00,1727.5421144129016
2028-06-12 01:00:00+02:00,1637.6965456466555
2028-06-12 02:00:00+02:00,1588.8480005126378
2028-06-12 03:00:00+02:00,1560.3385357465797
2028-06-12 04:00:00+02:00,1580.669539752572
2028-06-12 05:00:00+02:00,1746.8101813055312
2028-06-12 06:00:00+02:00,1997.0630636254516
2028-06-12 07:00:00+02:00,2264.2718281432985
2028-06-12 08:00:00+02:00,2423.490710271482
2028-06-12 09:00:00+02:00,2497.0372282259273
2028-06-12 10:00:00+02:00,2540.3203141843965
2028-06-12 11:00:00+02:00,2549.390238343277
2028-06-12 12:00:00+02:00,2540.384911241248
2028-06-12 13:00:00+02:00,2501.453303944888
2028-06-12 14:00:00+02:00,2457.6872889258066
2028-06-12 15:00:00+02:00,2440.783631386952
2028-06-12 16:00:00+02:00,2424.243062375073
2028-06-12 17:00:00+02:00,2434.2598524743057
2028-06-12 18:00:00+02:00,2468.526872726993
2028-06-12 19:00:00+02:00,2556.9703482687933
2028-06-12 20:00:00+02:00,2607.9359847882624
2028-06-12 21:00:00+02:00,2502.5464532821784
2028-06-12 22:00:00+02:00,2244.938754544348
2028-06-12 23:00:00+02:00,1943.395063225944
2028-06-13 00:00:00+02:00,1761.731759989709
2028-06-13 01:00:00+02:00,1657.7897099235058
2028-06-13 02:00:00+02:00,1612.2709698506667
2028-06-13 03:00:00+02:00,1574.1512305767028
2028-06-13 04:00:00+02:00,1575.0161124952187
2028-06-13 05:00:00+02:00,1730.4490107166002
2028-06-13 06:00:00+02:00,2006.1585652388133
2028-06-13 07:00:00+02:00,2311.833329641792
2028-06-13 08:00:00+02:00,2472.420151933452
2028-06-13 09:00:00+02:00,2526.089888156053
2028-06-13 10:00:00+02:00,2535.4432834408403
2028-06-13 11:00:00+02:00,2541.871183546174
2028-06-13 12:00:00+02:00,2541.3314748033467
2028-06-13 13:00:00+02:00,2524.158798547761
2028-06-13 14:00:00+02:00,2492.915068470532
2028-06-13 15:00:00+02:00,2449.949689261261
2028-06-13 16:00:00+02:00,2428.651902032131
2028-06-13 17:00:00+02:00,2423.0248326420988
2028-06-13 18:00:00+02:00,2456.5571172642053
2028-06-13 19:00:00+02:00,2525.436928409446
2028-06-13 20:00:00+02:00,2596.055018391165
2028-06-13 21:00:00+02:00,2509.970964752251
2028-06-13 22:00:00+02:00,2288.5404720872284
2028-06-13 23:00:00+02:00,2000.611537740718
2028-06-14 00:00:00+02:00,1800.9805591942677
2028-06-14 01:00:00+02:00,1676.8918932265947
2028-06-14 02:00:00+02:00,1599.948747893357
2028-06-14 03:00:00+02:00,1549.8328573633094
2028-06-14 04:00:00+02:00,1572.6541944742187
2028-06-14 05:00:00+02:00,1738.7622637135844
2028-06-14 06:00:00+02:00,1991.6155771350136
2028-06-14 07:00:00+02:00,2255.3485385291733
2028-06-14 08:00:00+02:00,2407.2338913339468
2028-06-14 09:00:00+02:00,2476.47279555108
2028-06-14 10:00:00+02:00,2504.325353865628
2028-06-14 11:00:00+02:00,2524.9390386173977
2028-06-14 12:00:00+02:00,2528.413138581709
2028-06-14 13:00:00+02:00,2506.9933698562477
2028-06-14 14:00:00+02:00,2464.2391299713513
2028-06-14 15:00:00+02:00,2448.1101585037295
2028-06-14 16:00:00+02:00,2454.4902752523444
2028-06-14 17:00:00+02:00,2485.0751715664924
2028-06-14 18:00:00+02:00,2519.59314561639
2028-06-14 19:00:00+02:00,2598.9969400249997
2028-06-14 20:00:00+02:00,2656.777333333908
2028-06-14 21:00:00+02:00,2542.846103377182
2028-06-14 22:00:00+02:00,2252.1936719618657
2028-06-14 23:00:00+02:00,1910.5619515756805
2028-06-15 00:00:00+02:00,1719.350394863274
2028-06-15 01:00:00+02:00,1590.9093326698483
2028-06-15 02:00:00+02:00,1510.249881392095
2028-06-15 03:00:00+02:00,1458.4763576347175
2028-06-15 04:00:00+02:00,1495.6399513426866
2028-06-15 05:00:00+02:00,1694.8658665185344
2028-06-15 06:00:00+02:00,2004.3217932723157
2028-06-15 07:00:00+02:00,2310.346243733681
2028-06-15 08:00:00+02:00,2481.7514073052494
2028-06-15 09:00:00+02:00,2543.215342427895
2028-06-15 10:00:00+02:00,2542.0568272940977
2028-06-15 11:00:00+02:00,2521.9876289239182
2028-06-15 12:00:00+02:00,2520.1799587179307
2028-06-15 13:00:00+02:00,2511.5026997921605
2028-06-15 14:00:00+02:00,2488.5211492747057
2028-06-15 15:00:00+02:00,2459.201816330255
2028-06-15 16:00:00+02:00,2446.6914813303797
2028-06-15 17:00:00+02:00,2471.2193138091166
2028-06-15 18:00:00+02:00,2519.9203320024676
2028-06-15 19:00:00+02:00,2625.615867062058
2028-06-15 20:00:00+02:00,2691.557909862265
2028-06-15 21:00:00+02:00,2582.1060963586897
2028-06-15 22:00:00+02:00,2275.8638079949524
2028-06-15 23:00:00+02:00,1908.1965616195846
2028-06-16 00:00:00+02:00,1658.0123717846486
2028-06-16 01:00:00+02:00,1546.6934216005438
2028-06-16 02:00:00+02:00,1513.2871374592332
2028-06-16 03:00:00+02:00,1483.7347774115349
2028-06-16 04:00:00+02:00,1510.8920833730765
2028-06-16 05:00:00+02:00,1719.017181277978
2028-06-16 06:00:00+02:00,2037.6708547417313
2028-06-16 07:00:00+02:00,2363.88921385722
2028-06-16 08:00:00+02:00,2512.2405396567883
2028-06-16 09:00:00+02:00,2563.009672113099
2028-06-16 10:00:00+02:00,2561.8705406578024
2028-06-16 11:00:00+02:00,2551.1309584977766
2028-06-16 12:00:00+02:00,2526.1231044127035
2028-06-16 13:00:00+02:00,2480.241137239615
2028-06-16 14:00:00+02:00,2435.043502554405
2028-06-16 15:00:00+02:00,2391.552590343248
2028-06-16 16:00:00+02:00,2382.839596739615
2028-06-16 17:00:00+02:00,2397.931557012267
2028-06-16 18:00:00+02:00,2456.591624967821
2028-06-16 19:00:00+02:00,2563.880083657572
2028-06-16 20:00:00+02:00,2657.335490120674
2028-06-16 21:00:00+02:00,2568.4724705701424
2028-06-16 22:00:00+02:00,2302.5260218200547
2028-06-16 23:00:00+02:00,1965.0843796530612
2028-06-17 00:00:00+02:00,1551.899781042658
2028-06-17 01:00:00+02:00,1451.2742535318307
2028-06-17 02:00:00+02:00,1402.7259574441969
2028-06-17 03:00:00+02:00,1362.769160805444
2028-06-17 04:00:00+02:00,1352.0986008740658
2028-06-17 05:00:00+02:00,1481.0073226897302
2028-06-17 06:00:00+02:00,1723.0048841285875
2028-06-17 07:00:00+02:00,1989.3881667768965
2028-06-17 08:00:00+02:00,2134.9870945331672
2028-06-17 09:00:00+02:00,2192.705349826377
2028-06-17 10:00:00+02:00,2218.027108409385
2028-06-17 11:00:00+02:00,2238.1645727864657
2028-06-17 12:00:00+02:00,2234.032806805618
2028-06-17 13:00:00+02:00,2213.4525355850897
2028-06-17 14:00:00+02:00,2188.1078821560163
2028-06-17 15:00:00+02:00,2171.8994715379904
2028-06-17 16:00:00+02:00,2161.3832182094366
2028-06-17 17:00:00+02:00,2164.290685191785
2028-06-17 18:00:00+02:00,2184.6525472722733
2028-06-17 19:00:00+02:00,2246.230898058519
2028-06-17 20:00:00+02:00,2307.2803797110914
2028-06-17 21:00:00+02:00,2216.674123664692
2028-06-17 22:00:00+02:00,1986.4493518825636
2028-06-17 23:00:00+02:00,1685.6755867816678
2028-06-18 00:00:00+02:00,1461.3328437703108
2028-06-18 01:00:00+02:00,1390.3997797579364
2028-06-18 02:00:00+02:00,1365.8138239508048
2028-06-18 03:00:00+02:00,1325.8977242023382
2028-06-18 04:00:00+02:00,1316.438098086461
2028-06-18 05:00:00+02:00,1434.0613994725422
2028-06-18 06:00:00+02:00,1675.501701273659
2028-06-18 07:00:00+02:00,1937.6965194821719
2028-06-18 08:00:00+02:00,2092.2475124153543
2028-06-18 09:00:00+02:00,2151.6992232231946
2028-06-18 10:00:00+02:00,2155.3323490156413
2028-06-18 11:00:00+02:00,2156.0587552101842
2028-06-18 12:00:00+02:00,2144.6982904959873
2028-06-18 13:00:00+02:00,2124.9698255575126
2028-06-18 14:00:00+02:00,2101.175059271362
2028-06-18 15:00:00+02:00,2074.950013009827
2028-06-18 16:00:00+02:00,2073.790103978587
2028-06-18 17:00:00+02:00,2086.4786560077005
2028-06-18 18:00:00+02:00,2130.5894148110638
2028-06-18 19:00:00+02:00,2211.819711741344
2028-06-18 20:00:00+02:00,2280.0974056091736
2028-06-18 21:00:00+02:00,2174.073296083821
2028-06-18 22:00:00+02:00,1937.5508467390332
2028-06-18 23:00:00+02:00,1639.0157957605693
2028-06-19 00:00:00+02:00,1713.3727081697996
2028-06-19 01:00:00+02:00,1601.8282803428142
2028-06-19 02:00:00+02:00,1552.4517037813841
2028-06-19 03:00:00+02:00,1519.9671133089437
2028-06-19 04:00:00+02:00,1529.767425639161
2028-06-19 05:00:00+02:00,1667.829238344134
2028-06-19 06:00:00+02:00,1910.5925099661179
2028-06-19 07:00:00+02:00,2178.603863450429
2028-06-19 08:00:00+02:00,2340.928242035335
2028-06-19 09:00:00+02:00,2409.983184686147
2028-06-19 10:00:00+02:00,2430.1417581650517
2028-06-19 11:00:00+02:00,2447.9487364054685
2028-06-19 12:00:00+02:00,2461.245795383607
2028-06-19 13:00:00+02:00,2449.8415201588427
2028-06-19 14:00:00+02:00,2415.254553827992
2028-06-19 15:00:00+02:00,2394.072552611251
2028-06-19 16:00:00+02:00,2399.9005901809874
2028-06-19 17:00:00+02:00,2423.399764887723
2028-06-19 18:00:00+02:00,2451.798955513572
2028-06-19 19:00:00+02:00,2518.5079500973457
2028-06-19 20:00:00+02:00,2583.0257861183163
2028-06-19 21:00:00+02:00,2525.9433900543354
2028-06-19 22:00:00+02:00,2317.506775639061
2028-06-19 23:00:00+02:00,2027.0564332211184
2028-06-20 00:00:00+02:00,1808.5925303430156
2028-06-20 01:00:00+02:00,1674.7811585396312
2028-06-20 02:00:00+02:00,1601.5167802419005
2028-06-20 03:00:00+02:00,1549.6210442554589
2028-06-20 04:00:00+02:00,1534.1507046257964
2028-06-20 05:00:00+02:00,1669.7461102367174
2028-06-20 06:00:00+02:00,1925.6871570544354
2028-06-20 07:00:00+02:00,2215.0071078790143
2028-06-20 08:00:00+02:00,2376.6986281395307
2028-06-20 09:00:00+02:00,2446.499882978104
2028-06-20 10:00:00+02:00,2462.942036965541
2028-06-20 11:00:00+02:00,2478.3801213215997
2028-06-20 12:00:00+02:00,2473.9339045546953
2028-06-20 13:00:00+02:00,2457.3296417065058
2028-06-20 14:00:00+02:00,2441.674846603601
2028-06-20 15:00:00+02:00,2442.953085118211
2028-06-20 16:00:00+02:00,2442.803519843068
2028-06-20 17:00:00+02:00,2439.0524585291446
2028-06-20 18:00:00+02:00,2445.2977538268055
2028-06-20 19:00:00+02:00,2506.643100617705
2028-06-20 20:00:00+02:00,2564.5728379632233
2028-06-20 21:00:00+02:00,2468.4575242974825
2028-06-20 22:00:00+02:00,2222.064831178493
2028-06-20 23:00:00+02:00,1911.3161235449663
2028-06-21 00:00:00+02:00,1699.810179919394
2028-06-21 01:00:00+02:00,1568.221973924944
2028-06-21 02:00:00+02:00,1493.4527918881276
2028-06-21 03:00:00+02:00,1445.6478735824924
2028-06-21 04:00:00+02:00,1472.2423898987372
2028-06-21 05:00:00+02:00,1659.7728443282256
2028-06-21 06:00:00+02:00,1962.1825573745039
2028-06-21 07:00:00+02:00,2265.6488350016903
2028-06-21 08:00:00+02:00,2431.8185914001033
2028-06-21 09:00:00+02:00,2489.6593652066467
2028-06-21 10:00:00+02:00,2508.4343277707244
2028-06-21 11:00:00+02:00,2515.8115997439563
2028-06-21 12:00:00+02:00,2495.7528095778
2028-06-21 13:00:00+02:00,2468.376214234481
2028-06-21 14:00:00+02:00,2424.4135063158847
2028-06-21 15:00:00+02:00,2412.894253999921
2028-06-21 16:00:00+02:00,2414.33268736311
2028-06-21 17:00:00+02:00,2441.8147852155025
2028-06-21 18:00:00+02:00,2480.253180538557
2028-06-21 19:00:00+02:00,2554.665388735463
2028-06-21 20:00:00+02:00,2605.053125087742
2028-06-21 21:00:00+02:00,2505.471086371103
2028-06-21 22:00:00+02:00,2239.2294909880916
2028-06-21 23:00:00+02:00,1922.419317053422
2028-06-22 00:00:00+02:00,1729.4466255917457
2028-06-22 01:00:00+02:00,1613.1759874343404
2028-06-22 02:00:00+02:00,1553.6533886798445
2028-06-22 03:00:00+02:00,1504.2795050241473
2028-06-22 04:00:00+02:00,1532.8481711214633
2028-06-22 05:00:00+02:00,1696.624854245551
2028-06-22 06:00:00+02:00,1956.0784494085135
2028-06-22 07:00:00+02:00,2227.802878096973
2028-06-22 08:00:00+02:00,2399.86523314799
2028-06-22 09:00:00+02:00,2484.738753322129
2028-06-22 10:00:00+02:00,2512.1136900829138
2028-06-22 11:00:00+02:00,2506.84489666303
2028-06-22 12:00:00+02:00,2474.0138965827914
2028-06-22 13:00:00+02:00,2425.1154576572894
2028-06-22 14:00:00+02:00,2378.141887099986
2028-06-22 15:00:00+02:00,2367.688452110495
2028-06-22 16:00:00+02:00,2388.8648962891903
2028-06-22 17:00:00+02:00,2414.8591081313307
2028-06-22 18:00:00+02:00,2448.918143198286
2028-06-22 19:00:00+02:00,2518.605354754597
2028-06-22 20:00:00+02:00,2589.7726885163097
2028-06-22 21:00:00+02:00,2508.0083112646084
2028-06-22 22:00:00+02:00,2266.5631881722234
2028-06-22 23:00:00+02:00,1947.9526542926776
2028-06-23 00:00:00+02:00,1713.664519779567
2028-06-23 01:00:00+02:00,1577.1136730205842
2028-06-23 02:00:00+02:00,1512.9042172303964
2028-06-23 03:00:00+02:00,1496.7590481547827
2028-06-23 04:00:00+02:00,1518.1222012582064
2028-06-23 05:00:00+02:00,1686.8149823918704
2028-06-23 06:00:00+02:00,1958.117936299804
2028-06-23 07:00:00+02:00,2247.1768727847193
2028-06-23 08:00:00+02:00,2405.447291586502
2028-06-23 09:00:00+02:00,2466.002269519958
2028-06-23 10:00:00+02:00,2469.343511935352
2028-06-23 11:00:00+02:00,2457.2554088585152
2028-06-23 12:00:00+02:00,2425.5502478077046
2028-06-23 13:00:00+02:00,2398.5209384635514
2028-06-23 14:00:00+02:00,2377.4302173035408
2028-06-23 15:00:00+02:00,2391.08958889395
2028-06-23 16:00:00+02:00,2420.821238983395
2028-06-23 17:00:00+02:00,2454.2974529825124
2028-06-23 18:00:00+02:00,2498.2670425831475
2028-06-23 19:00:00+02:00,2565.0623195764806
2028-06-23 20:00:00+02:00,2606.3125505420285
2028-06-23 21:00:00+02:00,2495.8971186343047
2028-06-23 22:00:00+02:00,2244.2562795579584
2028-06-23 23:00:00+02:00,1923.6440051101158
2028-06-24 00:00:00+02:00,1493.9736859702248
2028-06-24 01:00:00+02:00,1375.7425023860708
2028-06-24 02:00:00+02:00,1331.761836420765
2028-06-24 03:00:00+02:00,1308.5425449889728
2028-06-24 04:00:00+02:00,1316.304138790681
2028-06-24 05:00:00+02:00,1431.5554015642872
2028-06-24 06:00:00+02:00,1642.7348032315078
2028-06-24 07:00:00+02:00,1893.2530044593677
2028-06-24 08:00:00+02:00,2079.0073753231377
2028-06-24 09:00:00+02:00,2194.043616010815
2028-06-24 10:00:00+02:00,2263.6640151605366
2028-06-24 11:00:00+02:00,2285.9768738109005
2028-06-24 12:00:00+02:00,2278.850954727164
2028-06-24 13:00:00+02:00,2231.2085147067796
2028-06-24 14:00:00+02:00,2164.921107940499
2028-06-24 15:00:00+02:00,2109.3393635368634
2028-06-24 16:00:00+02:00,2098.6484326210966
2028-06-24 17:00:00+02:00,2134.179605839713
2028-06-24 18:00:00+02:00,2186.1649081877176
2028-06-24 19:00:00+02:00,2242.2181134352454
2028-06-24 20:00:00+02:00,2245.9856661271488
2028-06-24 21:00:00+02:00,2121.560162570488
2028-06-24 22:00:00+02:00,1901.7688286858956
2028-06-24 23:00:00+02:00,1647.0075475187102
2028-06-25 00:00:00+02:00,1454.3439674031692
2028-06-25 01:00:00+02:00,1362.9246544152786
2028-06-25 02:00:00+02:00,1320.0404576620774
2028-06-25 03:00:00+02:00,1275.909080740796
2028-06-25 04:00:00+02:00,1278.062896209677
2028-06-25 05:00:00+02:00,1434.3913789553535
2028-06-25 06:00:00+02:00,1691.9726403062414
2028-06-25 07:00:00+02:00,1962.3255108511519
2028-06-25 08:00:00+02:00,2090.92783181848
2028-06-25 09:00:00+02:00,2121.3165561298756
2028-06-25 10:00:00+02:00,2104.4466897892166
2028-06-25 11:00:00+02:00,2086.6430211699007
2028-06-25 12:00:00+02:00,2073.6572291313882
2028-06-25 13:00:00+02:00,2038.7134511264326
2028-06-25 14:00:00+02:00,2004.0994998049807
2028-06-25 15:00:00+02:00,1990.69746693671
2028-06-25 16:00:00+02:00,2012.2277365215139
2028-06-25 17:00:00+02:00,2038.5527286187782
2028-06-25 18:00:00+02:00,2074.077864822467
2028-06-25 19:00:00+02:00,2136.7336574760775
2028-06-25 20:00:00+02:00,2179.1696610606905
2028-06-25 21:00:00+02:00,2088.138033106652
2028-06-25 22:00:00+02:00,1888.2948542534234
2028-06-25 23:00:00+02:00,1651.837389449271
2028-06-26 00:00:00+02:00,1717.9223567093627
2028-06-26 01:00:00+02:00,1609.4302974136704
2028-06-26 02:00:00+02:00,1550.4988648904293
2028-06-26 03:00:00+02:00,1513.6063708920703
2028-06-26 04:00:00+02:00,1534.8776982659574
2028-06-26 05:00:00+02:00,1710.8816745669558
2028-06-26 06:00:00+02:00,1984.1180080138313
2028-06-26 07:00:00+02:00,2242.032074510577
2028-06-26 08:00:00+02:00,2353.7513823249087
2028-06-26 09:00:00+02:00,2371.4916537953636
2028-06-26 10:00:00+02:00,2366.4054061071515
2028-06-26 11:00:00+02:00,2372.0389892068806
2028-06-26 12:00:00+02:00,2373.128425340727
2028-06-26 13:00:00+02:00,2370.8337292467622
2028-06-26 14:00:00+02:00,2347.273057703879
2028-06-26 15:00:00+02:00,2344.108947174919
2028-06-26 16:00:00+02:00,2333.484246714371
2028-06-26 17:00:00+02:00,2347.9421921679605
2028-06-26 18:00:00+02:00,2373.3696367033604
2028-06-26 19:00:00+02:00,2451.1431078510604
2028-06-26 20:00:00+02:00,2500.630060062079
2028-06-26 21:00:00+02:00,2405.7531502995466
2028-06-26 22:00:00+02:00,2166.2500349668176
2028-06-26 23:00:00+02:00,1895.057140363644
2028-06-27 00:00:00+02:00,1727.9563630894881
2028-06-27 01:00:00+02:00,1622.1331458143513
2028-06-27 02:00:00+02:00,1556.1074744813334
2028-06-27 03:00:00+02:00,1507.8635931708086
2028-06-27 04:00:00+02:00,1516.1000440877997
2028-06-27 05:00:00+02:00,1641.3802809835238
2028-06-27 06:00:00+02:00,1876.851373036808
2028-06-27 07:00:00+02:00,2134.923788257081
2028-06-27 08:00:00+02:00,2299.8094643192717
2028-06-27 09:00:00+02:00,2381.2045354349084
2028-06-27 10:00:00+02:00,2427.5457026344743
2028-06-27 11:00:00+02:00,2473.3267870765035
2028-06-27 12:00:00+02:00,2498.502837185607
2028-06-27 13:00:00+02:00,2482.8780863151655
2028-06-27 14:00:00+02:00,2428.438789188407
2028-06-27 15:00:00+02:00,2383.1831217105323
2028-06-27 16:00:00+02:00,2364.3240321959174
2028-06-27 17:00:00+02:00,2367.735010966885
2028-06-27 18:00:00+02:00,2373.582222212633
2028-06-27 19:00:00+02:00,2411.8512609450436
2028-06-27 20:00:00+02:00,2455.793872777762
2028-06-27 21:00:00+02:00,2390.291511601278
2028-06-27 22:00:00+02:00,2201.8296940554283
2028-06-27 23:00:00+02:00,1924.254229518993
2028-06-28 00:00:00+02:00,1742.8651735897024
2028-06-28 01:00:00+02:00,1616.253739961237
2028-06-28 02:00:00+02:00,1576.27193154537
2028-06-28 03:00:00+02:00,1554.233132840818
2028-06-28 04:00:00+02:00,1572.7733213851682
2028-06-28 05:00:00+02:00,1709.693620251046
2028-06-28 06:00:00+02:00,1949.120491808809
2028-06-28 07:00:00+02:00,2176.5573126877184
2028-06-28 08:00:00+02:00,2286.635580082589
2028-06-28 09:00:00+02:00,2317.884846920407
2028-06-28 10:00:00+02:00,2347.530420062622
2028-06-28 11:00:00+02:00,2386.31026984887
2028-06-28 12:00:00+02:00,2395.7031161154396
2028-06-28 13:00:00+02:00,2365.210859012395
2028-06-28 14:00:00+02:00,2311.2846815311577
2028-06-28 15:00:00+02:00,2280.2805160562125
2028-06-28 16:00:00+02:00,2296.733875004239
2028-06-28 17:00:00+02:00,2354.9345306839627
2028-06-28 18:00:00+02:00,2425.9568408029318
2028-06-28 19:00:00+02:00,2505.408578824963
2028-06-28 20:00:00+02:00,2548.072172394097
2028-06-28 21:00:00+02:00,2449.0006109468327
2028-06-28 22:00:00+02:00,2234.3684229826063
2028-06-28 23:00:00+02:00,1980.0850669311355
2028-06-29 00:00:00+02:00,1802.8053684831666
2028-06-29 01:00:00+02:00,1701.0470097453458
2028-06-29 02:00:00+02:00,1637.7068444378222
2028-06-29 03:00:00+02:00,1590.4033737321936
2028-06-29 04:00:00+02:00,1597.0482661038095
2028-06-29 05:00:00+02:00,1713.9652062280709
2028-06-29 06:00:00+02:00,1915.903073360555
2028-06-29 07:00:00+02:00,2113.135516000943
2028-06-29 08:00:00+02:00,2227.2843324773894
2028-06-29 09:00:00+02:00,2273.2459339828224
2028-06-29 10:00:00+02:00,2309.120650727032
2028-06-29 11:00:00+02:00,2344.174009901795
2028-06-29 12:00:00+02:00,2367.1509277104137
2028-06-29 13:00:00+02:00,2361.1645130269767
2028-06-29 14:00:00+02:00,2344.6961685589495
2028-06-29 15:00:00+02:00,2347.5391481478555
2028-06-29 16:00:00+02:00,2369.5307906309326
2028-06-29 17:00:00+02:00,2387.815730364193
2028-06-29 18:00:00+02:00,2417.3284315140504
2028-06-29 19:00:00+02:00,2478.6914951791673
2028-06-29 20:00:00+02:00,2527.8352886881944
2028-06-29 21:00:00+02:00,2430.23255217303
2028-06-29 22:00:00+02:00,2157.2935522206285
2028-06-29 23:00:00+02:00,1849.8085396267916
2028-06-30 00:00:00+02:00,1637.8044648060695
2028-06-30 01:00:00+02:00,1549.7320979679967
2028-06-30 02:00:00+02:00,1488.8638949006854
2028-06-30 03:00:00+02:00,1454.9175979566162
2028-06-30 04:00:00+02:00,1460.8909308538682
2028-06-30 05:00:00+02:00,1619.0683501607862
2028-06-30 06:00:00+02:00,1889.4205902771234
2028-06-30 07:00:00+02:00,2179.117420351504
2028-06-30 08:00:00+02:00,2350.5750781897127
2028-06-30 09:00:00+02:00,2413.2789676362863
2028-06-30 10:00:00+02:00,2427.2431154672154
2028-06-30 11:00:00+02:00,2432.0733642437594
2028-06-30 12:00:00+02:00,2423.0819243847313
2028-06-30 13:00:00+02:00,2391.91267070395
2028-06-30 14:00:00+02:00,2352.3506985699955
2028-06-30 15:00:00+02:00,2350.3433192512707
2028-06-30 16:00:00+02:00,2370.3119062318615
2028-06-30 17:00:00+02:00,2397.2933251264185
2028-06-30 18:00:00+02:00,2432.896696331062
2028-06-30 19:00:00+02:00,2497.1208431664027
2028-06-30 20:00:00+02:00,2547.542950544109
2028-06-30 21:00:00+02:00,2433.4815588919582
2028-06-30 22:00:00+02:00,2177.5204047045686
2028-06-30 23:00:00+02:00,1854.241249109396
2028-07-01 00:00:00+02:00,1454.817923503064
2028-07-01 01:00:00+02:00,1350.3397193213934
2028-07-01 02:00:00+02:00,1307.2647413983098
2028-07-01 03:00:00+02:00,1284.419844526525
2028-07-01 04:00:00+02:00,1305.891700123137
2028-07-01 05:00:00+02:00,1450.390786428005
2028-07-01 06:00:00+02:00,1673.8399391291184
2028-07-01 07:00:00+02:00,1903.8173812819741
2028-07-01 08:00:00+02:00,2031.070201521547
2028-07-01 09:00:00+02:00,2086.367596897576
2028-07-01 10:00:00+02:00,2124.5550412807397
2028-07-01 11:00:00+02:00,2141.0623544614873
2028-07-01 12:00:00+02:00,2132.905116623482
2028-07-01 13:00:00+02:00,2101.631565496657
2028-07-01 14:00:00+02:00,2070.1628957230796
2028-07-01 15:00:00+02:00,2053.230108026353
2028-07-01 16:00:00+02:00,2048.6694221586667
2028-07-01 17:00:00+02:00,2061.911495249962
2028-07-01 18:00:00+02:00,2104.1545325733364
2028-07-01 19:00:00+02:00,2181.4022167543712
2028-07-01 20:00:00+02:00,2250.2262866725905
2028-07-01 21:00:00+02:00,2167.112890635199
2028-07-01 22:00:00+02:00,1949.2271937081734
2028-07-01 23:00:00+02:00,1655.355543575974
2028-07-02 00:00:00+02:00,1416.290618847766
2028-07-02 01:00:00+02:00,1316.0222977527876
2028-07-02 02:00:00+02:00,1278.7739102802673
2028-07-02 03:00:00+02:00,1264.9648925257193
2028-07-02 04:00:00+02:00,1268.315142966342
2028-07-02 05:00:00+02:00,1396.9172000707078
2028-07-02 06:00:00+02:00,1609.764622724414
2028-07-02 07:00:00+02:00,1848.5448656399665
2028-07-02 08:00:00+02:00,1992.322325332556
2028-07-02 09:00:00+02:00,2052.3611334863276
2028-07-02 10:00:00+02:00,2079.955023155279
2028-07-02 11:00:00+02:00,2078.8881480585164
2028-07-02 12:00:00+02:00,2064.024353076958
2028-07-02 13:00:00+02:00,2041.8623258605248
2028-07-02 14:00:00+02:00,2014.600594718955
2028-07-02 15:00:00+02:00,2002.77210287521
2028-07-02 16:00:00+02:00,1992.8247210270986
2028-07-02 17:00:00+02:00,1990.0439727766263
2028-07-02 18:00:00+02:00,2015.8641638607041
2028-07-02 19:00:00+02:00,2078.1298795566463
2028-07-02 20:00:00+02:00,2138.7813470903757
2028-07-02 21:00:00+02:00,2055.188846640507
2028-07-02 22:00:00+02:00,1840.9861316111146
2028-07-02 23:00:00+02:00,1587.4249120703103
2028-07-03 00:00:00+02:00,1658.0953992782518
2028-07-03 01:00:00+02:00,1555.7131425216724
2028-07-03 02:00:00+02:00,1479.3080063946722
2028-07-03 03:00:00+02:00,1416.5989543235187
2028-07-03 04:00:00+02:00,1416.5406358131236
2028-07-03 05:00:00+02:00,1575.9602029820053
2028-07-03 06:00:00+02:00,1839.863815664572
2028-07-03 07:00:00+02:00,2112.0494957277247
2028-07-03 08:00:00+02:00,2270.276742272795
2028-07-03 09:00:00+02:00,2333.812088272478
2028-07-03 10:00:00+02:00,2353.2424713631503
2028-07-03 11:00:00+02:00,2349.764801347038
2028-07-03 12:00:00+02:00,2331.6202552621694
2028-07-03 13:00:00+02:00,2313.554153166233
2028-07-03 14:00:00+02:00,2299.8794127170468
2028-07-03 15:00:00+02:00,2311.591302562022
2028-07-03 16:00:00+02:00,2332.5215255425655
2028-07-03 17:00:00+02:00,2366.4706567339585
2028-07-03 18:00:00+02:00,2401.631916198401
2028-07-03 19:00:00+02:00,2461.3980400114806
2028-07-03 20:00:00+02:00,2492.2684480308912
2028-07-03 21:00:00+02:00,2376.912984565785
2028-07-03 22:00:00+02:00,2142.69256090793
2028-07-03 23:00:00+02:00,1857.246852706517
2028-07-04 00:00:00+02:00,1698.060281701371
2028-07-04 01:00:00+02:00,1587.870252559246
2028-07-04 02:00:00+02:00,1538.4898407460032
2028-07-04 03:00:00+02:00,1499.6952371036355
2028-07-04 04:00:00+02:00,1498.248111552552
2028-07-04 05:00:00+02:00,1627.8079757421335
2028-07-04 06:00:00+02:00,1865.0615018991564
2028-07-04 07:00:00+02:00,2141.6320422589683
2028-07-04 08:00:00+02:00,2318.589317871562
2028-07-04 09:00:00+02:00,2403.4171770584903
2028-07-04 10:00:00+02:00,2427.3336556411296
2028-07-04 11:00:00+02:00,2422.1898797054764
2028-07-04 12:00:00+02:00,2388.2482241132193
2028-07-04 13:00:00+02:00,2346.262223120568
2028-07-04 14:00:00+02:00,2298.640531617708
2028-07-04 15:00:00+02:00,2282.4654847128827
2028-07-04 16:00:00+02:00,2262.1375951430055
2028-07-04 17:00:00+02:00,2263.8253229795437
2028-07-04 18:00:00+02:00,2284.102202349319
2028-07-04 19:00:00+02:00,2381.2850196092063
2028-07-04 20:00:00+02:00,2469.6755971136745
2028-07-04 21:00:00+02:00,2391.2276364847207
2028-07-04 22:00:00+02:00,2149.268446731287
2028-07-04 23:00:00+02:00,1830.754278941385
2028-07-05 00:00:00+02:00,1639.606124230235
2028-07-05 01:00:00+02:00,1551.5994372422388
2028-07-05 02:00:00+02:00,1528.5793418644726
2028-07-05 03:00:00+02:00,1496.9966131254014
2028-07-05 04:00:00+02:00,1477.2051873942787
2028-07-05 05:00:00+02:00,1590.614150515788
2028-07-05 06:00:00+02:00,1822.5143341626504
2028-07-05 07:00:00+02:00,2098.9500551085
2028-07-05 08:00:00+02:00,2257.0589591258486
2028-07-05 09:00:00+02:00,2313.9261472300896
2028-07-05 10:00:00+02:00,2343.0499250900984
2028-07-05 11:00:00+02:00,2373.1791451287186
2028-07-05 12:00:00+02:00,2387.416128974193
2028-07-05 13:00:00+02:00,2369.8478214515776
2028-07-05 14:00:00+02:00,2336.0298066351424
2028-07-05 15:00:00+02:00,2313.6448607079296
2028-07-05 16:00:00+02:00,2304.5765105009837
2028-07-05 17:00:00+02:00,2329.4393820748987
2028-07-05 18:00:00+02:00,2379.441101598611
2028-07-05 19:00:00+02:00,2473.411388608088
2028-07-05 20:00:00+02:00,2537.6506961771333
2028-07-05 21:00:00+02:00,2430.200704383033
2028-07-05 22:00:00+02:00,2132.0604796424213
2028-07-05 23:00:00+02:00,1781.3796519157818
2028-07-06 00:00:00+02:00,1563.7408003021144
2028-07-06 01:00:00+02:00,1470.3947025173552
2028-07-06 02:00:00+02:00,1430.7347064442522
2028-07-06 03:00:00+02:00,1411.2533581057253
2028-07-06 04:00:00+02:00,1434.4023631367552
2028-07-06 05:00:00+02:00,1582.9600178605774
2028-07-06 06:00:00+02:00,1832.2476109331228
2028-07-06 07:00:00+02:00,2099.3588164980406
2028-07-06 08:00:00+02:00,2266.046067522925
2028-07-06 09:00:00+02:00,2345.6003532481695
2028-07-06 10:00:00+02:00,2399.751207919199
2028-07-06 11:00:00+02:00,2454.156338258361
2028-07-06 12:00:00+02:00,2494.2382221785106
2028-07-06 13:00:00+02:00,2503.9872813491997
2028-07-06 14:00:00+02:00,2468.8831861792514
2028-07-06 15:00:00+02:00,2419.709239526557
2028-07-06 16:00:00+02:00,2369.378628120074
2028-07-06 17:00:00+02:00,2336.35301108459
2028-07-06 18:00:00+02:00,2338.436147551853
2028-07-06 19:00:00+02:00,2392.274632246959
2028-07-06 20:00:00+02:00,2437.624532926825
2028-07-06 21:00:00+02:00,2311.564337486309
2028-07-06 22:00:00+02:00,2051.5469110488507
2028-07-06 23:00:00+02:00,1736.4232557083956
2028-07-07 00:00:00+02:00,1543.5549761163109
2028-07-07 01:00:00+02:00,1434.0765962288315
2028-07-07 02:00:00+02:00,1373.8028501833078
2028-07-07 03:00:00+02:00,1339.4078940009474
2028-07-07 04:00:00+02:00,1355.654767829891
2028-07-07 05:00:00+02:00,1526.7826039899805
2028-07-07 06:00:00+02:00,1809.9085037570555
2028-07-07 07:00:00+02:00,2107.5057461263646
2028-07-07 08:00:00+02:00,2314.285767499476
2028-07-07 09:00:00+02:00,2418.0203146082185
2028-07-07 10:00:00+02:00,2481.7844322526057
2028-07-07 11:00:00+02:00,2502.0327880188142
2028-07-07 12:00:00+02:00,2487.555868107564
2028-07-07 13:00:00+02:00,2428.82140254151
2028-07-07 14:00:00+02:00,2332.609153617184
2028-07-07 15:00:00+02:00,2278.182704701144
2028-07-07 16:00:00+02:00,2270.045807380608
2028-07-07 17:00:00+02:00,2298.08606839353
2028-07-07 18:00:00+02:00,2354.49554890719
2028-07-07 19:00:00+02:00,2444.892555278799
2028-07-07 20:00:00+02:00,2519.086473908289
2028-07-07 21:00:00+02:00,2388.121811633048
2028-07-07 22:00:00+02:00,2099.5023476242127
2028-07-07 23:00:00+02:00,1767.2795108148678
2028-07-08 00:00:00+02:00,1410.530343323105
2028-07-08 01:00:00+02:00,1321.6492823177887
2028-07-08 02:00:00+02:00,1285.1293695620511
2028-07-08 03:00:00+02:00,1260.16967093116
2028-07-08 04:00:00+02:00,1275.3744269265198
2028-07-08 05:00:00+02:00,1388.5981220066546
2028-07-08 06:00:00+02:00,1599.5839307630947
2028-07-08 07:00:00+02:00,1828.8603706058466
2028-07-08 08:00:00+02:00,1964.394171832669
2028-07-08 09:00:00+02:00,2034.0104259401062
2028-07-08 10:00:00+02:00,2059.2311519156947
2028-07-08 11:00:00+02:00,2088.65112565669
2028-07-08 12:00:00+02:00,2085.7365393975642
2028-07-08 13:00:00+02:00,2071.405016187371
2028-07-08 14:00:00+02:00,2042.2644465732205
2028-07-08 15:00:00+02:00,2016.854504644969
2028-07-08 16:00:00+02:00,1993.9247071085733
2028-07-08 17:00:00+02:00,1994.1229678610432
2028-07-08 18:00:00+02:00,2026.6416258150457
2028-07-08 19:00:00+02:00,2109.1584657422245
2028-07-08 20:00:00+02:00,2168.1833733533513
2028-07-08 21:00:00+02:00,2085.9380244000376
2028-07-08 22:00:00+02:00,1880.6423534985556
2028-07-08 23:00:00+02:00,1631.6412122282923
2028-07-09 00:00:00+02:00,1401.277403847656
2028-07-09 01:00:00+02:00,1321.141329593818
2028-07-09 02:00:00+02:00,1289.6747602000005
2028-07-09 03:00:00+02:00,1261.4091974263324
2028-07-09 04:00:00+02:00,1263.8262840617524
2028-07-09 05:00:00+02:00,1376.197330962019
2028-07-09 06:00:00+02:00,1567.8372864628727
2028-07-09 07:00:00+02:00,1772.9916764194313
2028-07-09 08:00:00+02:00,1876.5539408491748
2028-07-09 09:00:00+02:00,1921.8761476289383
2028-07-09 10:00:00+02:00,1957.573467780154
2028-07-09 11:00:00+02:00,1992.021263149105
2028-07-09 12:00:00+02:00,1996.298912664613
2028-07-09 13:00:00+02:00,1967.4982450062664
2028-07-09 14:00:00+02:00,1927.213162889242
2028-07-09 15:00:00+02:00,1910.0861365336261
2028-07-09 16:00:00+02:00,1920.0892351503255
2028-07-09 17:00:00+02:00,1952.560582851535
2028-07-09 18:00:00+02:00,1992.8251789819149
2028-07-09 19:00:00+02:00,2058.9984063472466
2028-07-09 20:00:00+02:00,2092.8383748042447
2028-07-09 21:00:00+02:00,1986.3543657651187
2028-07-09 22:00:00+02:00,1763.4734584695343
2028-07-09 23:00:00+02:00,1475.297341331662
2028-07-10 00:00:00+02:00,1533.6696839137683
2028-07-10 01:00:00+02:00,1432.496665858891
2028-07-10 02:00:00+02:00,1430.335580152682
2028-07-10 03:00:00+02:00,1447.1554749834986
2028-07-10 04:00:00+02:00,1466.2117918080758
2028-07-10 05:00:00+02:00,1587.4229873835063
2028-07-10 06:00:00+02:00,1807.103996287078
2028-07-10 07:00:00+02:00,2084.739077688951
2028-07-10 08:00:00+02:00,2266.695366143722
2028-07-10 09:00:00+02:00,2333.382475675456
2028-07-10 10:00:00+02:00,2340.4658933247065
2028-07-10 11:00:00+02:00,2338.4614072767877
2028-07-10 12:00:00+02:00,2331.9345039471923
2028-07-10 13:00:00+02:00,2285.6780214806486
2028-07-10 14:00:00+02:00,2225.920179536459
2028-07-10 15:00:00+02:00,2188.069629600052
2028-07-10 16:00:00+02:00,2181.5183635166463
2028-07-10 17:00:00+02:00,2203.328658063968
2028-07-10 18:00:00+02:00,2243.5389909454
2028-07-10 19:00:00+02:00,2345.665694273754
2028-07-10 20:00:00+02:00,2430.2622757911317
2028-07-10 21:00:00+02:00,2354.1441887981823
2028-07-10 22:00:00+02:00,2119.196103290344
2028-07-10 23:00:00+02:00,1803.0558687640632
2028-07-11 00:00:00+02:00,1592.3793456776168
2028-07-11 01:00:00+02:00,1476.3327639577692
2028-07-11 02:00:00+02:00,1442.7589261759354
2028-07-11 03:00:00+02:00,1431.5173249063268
2028-07-11 04:00:00+02:00,1452.1005525977482
2028-07-11 05:00:00+02:00,1564.217902214039
2028-07-11 06:00:00+02:00,1791.2261948780833
2028-07-11 07:00:00+02:00,2076.789978729877
2028-07-11 08:00:00+02:00,2282.986556344846
2028-07-11 09:00:00+02:00,2373.244405622145
2028-07-11 10:00:00+02:00,2371.792151884422
2028-07-11 11:00:00+02:00,2347.443382048105
2028-07-11 12:00:00+02:00,2304.7635115284797
2028-07-11 13:00:00+02:00,2266.4220957443863
2028-07-11 14:00:00+02:00,2236.2503097462372
2028-07-11 15:00:00+02:00,2232.744901603998
2028-07-11 16:00:00+02:00,2227.922623739252
2028-07-11 17:00:00+02:00,2217.020757577698
2028-07-11 18:00:00+02:00,2244.282464758881
2028-07-11 19:00:00+02:00,2344.9728141621226
2028-07-11 20:00:00+02:00,2445.083505025986
2028-07-11 21:00:00+02:00,2376.722535872296
2028-07-11 22:00:00+02:00,2129.647777277371
2028-07-11 23:00:00+02:00,1802.8019381740148
2028-07-12 00:00:00+02:00,1609.1467669370024
2028-07-12 01:00:00+02:00,1477.6340711988346
2028-07-12 02:00:00+02:00,1443.642212899398
2028-07-12 03:00:00+02:00,1422.4452246785434
2028-07-12 04:00:00+02:00,1432.9842251778368
2028-07-12 05:00:00+02:00,1558.4321532622275
2028-07-12 06:00:00+02:00,1800.7173061804674
2028-07-12 07:00:00+02:00,2078.5476264321574
2028-07-12 08:00:00+02:00,2240.4972155741657
2028-07-12 09:00:00+02:00,2299.1923286319743
2028-07-12 10:00:00+02:00,2325.1660731617535
2028-07-12 11:00:00+02:00,2341.1591334279915
2028-07-12 12:00:00+02:00,2341.349058201307
2028-07-12 13:00:00+02:00,2318.969071765377
2028-07-12 14:00:00+02:00,2291.7749749331124
2028-07-12 15:00:00+02:00,2275.290179621769
2028-07-12 16:00:00+02:00,2246.3121252699007
2028-07-12 17:00:00+02:00,2219.255092875688
2028-07-12 18:00:00+02:00,2227.5348836125795
2028-07-12 19:00:00+02:00,2311.4681423272527
2028-07-12 20:00:00+02:00,2409.3869312860866
2028-07-12 21:00:00+02:00,2333.600976214501
2028-07-12 22:00:00+02:00,2096.7970842664417
2028-07-12 23:00:00+02:00,1821.2663076429587
2028-07-13 00:00:00+02:00,1638.7836506177491
2028-07-13 01:00:00+02:00,1566.0540900905546
2028-07-13 02:00:00+02:00,1499.3786356461685
2028-07-13 03:00:00+02:00,1440.4070885452065
2028-07-13 04:00:00+02:00,1418.2129618908782
2028-07-13 05:00:00+02:00,1542.901272924086
2028-07-13 06:00:00+02:00,1806.6158034969988
2028-07-13 07:00:00+02:00,2088.305712701664
2028-07-13 08:00:00+02:00,2250.337381477441
2028-07-13 09:00:00+02:00,2290.162133788003
2028-07-13 10:00:00+02:00,2296.1136332116635
2028-07-13 11:00:00+02:00,2296.4286571966513
2028-07-13 12:00:00+02:00,2292.146869681072
2028-07-13 13:00:00+02:00,2277.6487808631364
2028-07-13 14:00:00+02:00,2260.5545660815196
2028-07-13 15:00:00+02:00,2238.2212802125214
2028-07-13 16:00:00+02:00,2219.4171770468015
2028-07-13 17:00:00+02:00,2197.930761364442
2028-07-13 18:00:00+02:00,2227.9503443969843
2028-07-13 19:00:00+02:00,2309.958398637953
2028-07-13 20:00:00+02:00,2431.495231951843
2028-07-13 21:00:00+02:00,2360.8587644929607
2028-07-13 22:00:00+02:00,2121.7591923713994
2028-07-13 23:00:00+02:00,1764.901906243071
2028-07-14 00:00:00+02:00,1534.470534069057
2028-07-14 01:00:00+02:00,1407.1566817171497
2028-07-14 02:00:00+02:00,1362.0659211316956
2028-07-14 03:00:00+02:00,1350.6215390006525
2028-07-14 04:00:00+02:00,1377.831277889483
2028-07-14 05:00:00+02:00,1553.3572111672117
2028-07-14 06:00:00+02:00,1826.1385188712848
2028-07-14 07:00:00+02:00,2118.188550673048
2028-07-14 08:00:00+02:00,2274.193237911727
2028-07-14 09:00:00+02:00,2341.084859743869
2028-07-14 10:00:00+02:00,2360.6532435033146
2028-07-14 11:00:00+02:00,2375.9997754145325
2028-07-14 12:00:00+02:00,2365.907107354038
2028-07-14 13:00:00+02:00,2331.776160083743
2028-07-14 14:00:00+02:00,2276.666770705899
2028-07-14 15:00:00+02:00,2224.7277745406154
2028-07-14 16:00:00+02:00,2205.674791763614
2028-07-14 17:00:00+02:00,2194.698040339898
2028-07-14 18:00:00+02:00,2217.781395878438
2028-07-14 19:00:00+02:00,2302.751283204732
2028-07-14 20:00:00+02:00,2398.363596082616
2028-07-14 21:00:00+02:00,2339.255716231818
2028-07-14 22:00:00+02:00,2109.6735246241683
2028-07-14 23:00:00+02:00,1797.8051524409707
2028-07-15 00:00:00+02:00,1397.8985424000732
2028-07-15 01:00:00+02:00,1288.9185427879293
2028-07-15 02:00:00+02:00,1244.6576253814574
2028-07-15 03:00:00+02:00,1233.18528790066
2028-07-15 04:00:00+02:00,1251.1075661377313
2028-07-15 05:00:00+02:00,1376.8493682094925
2028-07-15 06:00:00+02:00,1568.530717044042
2028-07-15 07:00:00+02:00,1784.921441517415
2028-07-15 08:00:00+02:00,1899.823244780095
2028-07-15 09:00:00+02:00,1960.273293337259
2028-07-15 10:00:00+02:00,1977.6870970573311
2028-07-15 11:00:00+02:00,1997.0360706728213
2028-07-15 12:00:00+02:00,1997.8867575573838
2028-07-15 13:00:00+02:00,1986.1018162241708
2028-07-15 14:00:00+02:00,1961.9973239376716
2028-07-15 15:00:00+02:00,1948.8854537813597
2028-07-15 16:00:00+02:00,1949.4197487832803
2028-07-15 17:00:00+02:00,1972.1591938177298
2028-07-15 18:00:00+02:00,2010.4146112313933
2028-07-15 19:00:00+02:00,2084.2003407343645
2028-07-15 20:00:00+02:00,2129.4266147146923
2028-07-15 21:00:00+02:00,2026.8502392579544
2028-07-15 22:00:00+02:00,1795.4481372705839
2028-07-15 23:00:00+02:00,1513.4408689716647
2028-07-16 00:00:00+02:00,1283.1293248051772
2028-07-16 01:00:00+02:00,1194.2693411550665
2028-07-16 02:00:00+02:00,1168.1357060964342
2028-07-16 03:00:00+02:00,1155.3649172226744
2028-07-16 04:00:00+02:00,1164.439997209746
2028-07-16 05:00:00+02:00,1300.8673232369667
2028-07-16 06:00:00+02:00,1530.8761787164835
2028-07-16 07:00:00+02:00,1785.388828044137
2028-07-16 08:00:00+02:00,1918.8340191190864
2028-07-16 09:00:00+02:00,1964.6248771986632
2028-07-16 10:00:00+02:00,1971.6695096816097
2028-07-16 11:00:00+02:00,1977.6465745714231
2028-07-16 12:00:00+02:00,1964.5012011796746
2028-07-16 13:00:00+02:00,1930.3922863313348
2028-07-16 14:00:00+02:00,1873.4180876201083
2028-07-16 15:00:00+02:00,1834.3557815045608
2028-07-16 16:00:00+02:00,1827.1839740917228
2028-07-16 17:00:00+02:00,1851.0744853051795
2028-07-16 18:00:00+02:00,1908.8491059902688
2028-07-16 19:00:00+02:00,1997.3838080901628
2028-07-16 20:00:00+02:00,2056.6030640327263
2028-07-16 21:00:00+02:00,1964.5559089029555
2028-07-16 22:00:00+02:00,1748.1598064702696
2028-07-16 23:00:00+02:00,1497.1441677132386
2028-07-17 00:00:00+02:00,1563.7895460259851
2028-07-17 01:00:00+02:00,1446.8595282699305
2028-07-17 02:00:00+02:00,1374.3055807340577
2028-07-17 03:00:00+02:00,1327.1618581549446
2028-07-17 04:00:00+02:00,1337.523036666837
2028-07-17 05:00:00+02:00,1501.7290010483669
2028-07-17 06:00:00+02:00,1770.1598082761002
2028-07-17 07:00:00+02:00,2040.0775424692076
2028-07-17 08:00:00+02:00,2180.9796689879618
2028-07-17 09:00:00+02:00,2201.85174967216
2028-07-17 10:00:00+02:00,2202.1070130607864
2028-07-17 11:00:00+02:00,2208.4379578734743
2028-07-17 12:00:00+02:00,2225.7858749177076
2028-07-17 13:00:00+02:00,2211.1341406982187
2028-07-17 14:00:00+02:00,2190.990936727954
2028-07-17 15:00:00+02:00,2185.1165591927934
2028-07-17 16:00:00+02:00,2202.983688168812
2028-07-17 17:00:00+02:00,2213.0775188407124
2028-07-17 18:00:00+02:00,2239.395170660411
2028-07-17 19:00:00+02:00,2317.4048745915197
2028-07-17 20:00:00+02:00,2393.422245352883
2028-07-17 21:00:00+02:00,2311.6423428364633
2028-07-17 22:00:00+02:00,2064.604776448448
2028-07-17 23:00:00+02:00,1736.6726890245973
2028-07-18 00:00:00+02:00,1523.6328097285545
2028-07-18 01:00:00+02:00,1402.8639308606853
2028-07-18 02:00:00+02:00,1361.5806731806288
2028-07-18 03:00:00+02:00,1358.1315383893825
2028-07-18 04:00:00+02:00,1373.4789263612718
2028-07-18 05:00:00+02:00,1495.0053231979816
2028-07-18 06:00:00+02:00,1701.9624886387328
2028-07-18 07:00:00+02:00,1976.5260440858399
2028-07-18 08:00:00+02:00,2173.452927462748
2028-07-18 09:00:00+02:00,2286.770135400129
2028-07-18 10:00:00+02:00,2347.5072968823615
2028-07-18 11:00:00+02:00,2376.172944801333
2028-07-18 12:00:00+02:00,2370.0174111233623
2028-07-18 13:00:00+02:00,2316.569054442373
2028-07-18 14:00:00+02:00,2254.6040630880193
2028-07-18 15:00:00+02:00,2213.0325490205832
2028-07-18 16:00:00+02:00,2193.81555882928
2028-07-18 17:00:00+02:00,2199.743590025029
2028-07-18 18:00:00+02:00,2226.467554136231
2028-07-18 19:00:00+02:00,2311.325989436554
2028-07-18 20:00:00+02:00,2367.186528825804
2028-07-18 21:00:00+02:00,2247.751205019098
2028-07-18 22:00:00+02:00,1978.8300287472155
2028-07-18 23:00:00+02:00,1669.8889310198408
2028-07-19 00:00:00+02:00,1531.259545530788
2028-07-19 01:00:00+02:00,1440.800400722862
2028-07-19 02:00:00+02:00,1403.6243235209072
2028-07-19 03:00:00+02:00,1397.4213830083481
2028-07-19 04:00:00+02:00,1414.6005972901542
2028-07-19 05:00:00+02:00,1531.999008011422
2028-07-19 06:00:00+02:00,1735.0382755507037
2028-07-19 07:00:00+02:00,1977.1228407632236
2028-07-19 08:00:00+02:00,2144.1555173784327
2028-07-19 09:00:00+02:00,2226.3326086052803
2028-07-19 10:00:00+02:00,2255.371174844351
2028-07-19 11:00:00+02:00,2254.937393006849
2028-07-19 12:00:00+02:00,2221.643184568772
2028-07-19 13:00:00+02:00,2169.056795250231
2028-07-19 14:00:00+02:00,2164.837101947688
2028-07-19 15:00:00+02:00,2177.7661505991136
2028-07-19 16:00:00+02:00,2216.019056139016
2028-07-19 17:00:00+02:00,2225.7915874281152
2028-07-19 18:00:00+02:00,2261.5794995164233
2028-07-19 19:00:00+02:00,2344.446410565314
2028-07-19 20:00:00+02:00,2399.8576798389345
2028-07-19 21:00:00+02:00,2308.655556907715
2028-07-19 22:00:00+02:00,2074.6042588011887
2028-07-19 23:00:00+02:00,1805.5739542894005
2028-07-20 00:00:00+02:00,1616.5976958717763
2028-07-20 01:00:00+02:00,1503.262245634945
2028-07-20 02:00:00+02:00,1437.5451622990531
2028-07-20 03:00:00+02:00,1395.508519251551
2028-07-20 04:00:00+02:00,1402.097330533968
2028-07-20 05:00:00+02:00,1538.0887170110398
2028-07-20 06:00:00+02:00,1747.8844932893828
2028-07-20 07:00:00+02:00,1985.5208800059675
2028-07-20 08:00:00+02:00,2123.909909704448
2028-07-20 09:00:00+02:00,2210.567583033861
2028-07-20 10:00:00+02:00,2271.914641511893
2028-07-20 11:00:00+02:00,2308.5819191152464
2028-07-20 12:00:00+02:00,2323.803263563554
2028-07-20 13:00:00+02:00,2299.2171886952515
2028-07-20 14:00:00+02:00,2246.9949196709626
2028-07-20 15:00:00+02:00,2174.8973933129982
2028-07-20 16:00:00+02:00,2136.7185143447223
2028-07-20 17:00:00+02:00,2131.785371045488
2028-07-20 18:00:00+02:00,2184.4186064349233
2028-07-20 19:00:00+02:00,2279.7630800239813
2028-07-20 20:00:00+02:00,2355.1706635776754
2028-07-20 21:00:00+02:00,2242.393828367314
2028-07-20 22:00:00+02:00,1986.6788524095139
2028-07-20 23:00:00+02:00,1692.2313424188046
2028-07-21 00:00:00+02:00,1505.8694849658698
2028-07-21 01:00:00+02:00,1408.4794622988718
2028-07-21 02:00:00+02:00,1358.3311916553478
2028-07-21 03:00:00+02:00,1349.3150299990027
2028-07-21 04:00:00+02:00,1371.8054389222116
2028-07-21 05:00:00+02:00,1525.433430847588
2028-07-21 06:00:00+02:00,1757.3309102926119
2028-07-21 07:00:00+02:00,2022.381949676123
2028-07-21 08:00:00+02:00,2180.448742636267
2028-07-21 09:00:00+02:00,2263.2223347074882
2028-07-21 10:00:00+02:00,2304.8997727695655
2028-07-21 11:00:00+02:00,2333.024440995374
2028-07-21 12:00:00+02:00,2327.7134989119954
2028-07-21 13:00:00+02:00,2280.835272636355
2028-07-21 14:00:00+02:00,2212.204572637524
2028-07-21 15:00:00+02:00,2151.1430919057157
2028-07-21 16:00:00+02:00,2109.169025717839
2028-07-21 17:00:00+02:00,2115.3153928810275
2028-07-21 18:00:00+02:00,2161.670941084529
2028-07-21 19:00:00+02:00,2281.019586077336
2028-07-21 20:00:00+02:00,2345.5297688743176
2028-07-21 21:00:00+02:00,2246.0896163269217
2028-07-21 22:00:00+02:00,2010.0224532184784
2028-07-21 23:00:00+02:00,1717.0722217500793
2028-07-22 00:00:00+02:00,1344.2772058826347
2028-07-22 01:00:00+02:00,1240.1810480264683
2028-07-22 02:00:00+02:00,1193.6446672602717
2028-07-22 03:00:00+02:00,1178.1293895727522
2028-07-22 04:00:00+02:00,1184.9764845513248
2028-07-22 05:00:00+02:00,1311.7252115907222
2028-07-22 06:00:00+02:00,1498.8199501745341
2028-07-22 07:00:00+02:00,1710.868203380367
2028-07-22 08:00:00+02:00,1829.253108962702
2028-07-22 09:00:00+02:00,1905.9079328275343
2028-07-22 10:00:00+02:00,1955.5610949242687
2028-07-22 11:00:00+02:00,1991.2586605429194
2028-07-22 12:00:00+02:00,1992.145176087243
2028-07-22 13:00:00+02:00,1944.5732809588937
2028-07-22 14:00:00+02:00,1868.0061729783472
2028-07-22 15:00:00+02:00,1809.6701094127707
2028-07-22 16:00:00+02:00,1819.3979102909225
2028-07-22 17:00:00+02:00,1874.6140892605558
2028-07-22 18:00:00+02:00,1949.64457059664
2028-07-22 19:00:00+02:00,2062.219791841023
2028-07-22 20:00:00+02:00,2118.8257735952184
2028-07-22 21:00:00+02:00,2013.5731851946853
2028-07-22 22:00:00+02:00,1752.505736480936
2028-07-22 23:00:00+02:00,1471.9438781821395
2028-07-23 00:00:00+02:00,1256.6763976742118
2028-07-23 01:00:00+02:00,1152.3671460916526
2028-07-23 02:00:00+02:00,1095.9895459102834
2028-07-23 03:00:00+02:00,1060.5308626462909
2028-07-23 04:00:00+02:00,1053.1532601127517
2028-07-23 05:00:00+02:00,1156.4425325189927
2028-07-23 06:00:00+02:00,1361.5678172745886
2028-07-23 07:00:00+02:00,1617.6294346578832
2028-07-23 08:00:00+02:00,1801.5854412401409
2028-07-23 09:00:00+02:00,1892.8669807790243
2028-07-23 10:00:00+02:00,1931.0756659787908
2028-07-23 11:00:00+02:00,1949.849800138279
2028-07-23 12:00:00+02:00,1948.0910689012728
2028-07-23 13:00:00+02:00,1932.254377350386
2028-07-23 14:00:00+02:00,1897.545120514346
2028-07-23 15:00:00+02:00,1884.5573956709097
2028-07-23 16:00:00+02:00,1886.7821528892234
2028-07-23 17:00:00+02:00,1903.4044605404408
2028-07-23 18:00:00+02:00,1930.4093165432203
2028-07-23 19:00:00+02:00,1994.4684684811307
2028-07-23 20:00:00+02:00,2013.6984791547768
2028-07-23 21:00:00+02:00,1876.661432493442
2028-07-23 22:00:00+02:00,1613.5772021380476
2028-07-23 23:00:00+02:00,1330.6984729450892
2028-07-24 00:00:00+02:00,1387.8956745581286
2028-07-24 01:00:00+02:00,1288.6055450657614
2028-07-24 02:00:00+02:00,1246.2478347541214
2028-07-24 03:00:00+02:00,1232.4232521372487
2028-07-24 04:00:00+02:00,1244.4015623917883
2028-07-24 05:00:00+02:00,1383.2239545545272
2028-07-24 06:00:00+02:00,1628.4920522796733
2028-07-24 07:00:00+02:00,1898.9680006361841
2028-07-24 08:00:00+02:00,2063.0020219328144
2028-07-24 09:00:00+02:00,2128.0476776197934
2028-07-24 10:00:00+02:00,2164.334437140075
2028-07-24 11:00:00+02:00,2200.1664596666997
2028-07-24 12:00:00+02:00,2220.917419824543
2028-07-24 13:00:00+02:00,2211.5424593228354
2028-07-24 14:00:00+02:00,2210.8939060727525
2028-07-24 15:00:00+02:00,2223.522039981996
2028-07-24 16:00:00+02:00,2248.351948923848
2028-07-24 17:00:00+02:00,2279.397214500783
2028-07-24 18:00:00+02:00,2322.483770944865
2028-07-24 19:00:00+02:00,2411.5752001251667
2028-07-24 20:00:00+02:00,2410.9569976671064
2028-07-24 21:00:00+02:00,2247.1159653138743
2028-07-24 22:00:00+02:00,1952.6389761521464
2028-07-24 23:00:00+02:00,1669.9012062638355
2028-07-25 00:00:00+02:00,1509.3933186798374
2028-07-25 01:00:00+02:00,1404.7920051198373
2028-07-25 02:00:00+02:00,1347.8217205261012
2028-07-25 03:00:00+02:00,1316.3771359387638
2028-07-25 04:00:00+02:00,1327.0529400882465
2028-07-25 05:00:00+02:00,1437.7668027768973
2028-07-25 06:00:00+02:00,1646.5578452677225
2028-07-25 07:00:00+02:00,1897.2435034185544
2028-07-25 08:00:00+02:00,2085.1089213321716
2028-07-25 09:00:00+02:00,2182.7732102045434
2028-07-25 10:00:00+02:00,2231.1226910642326
2028-07-25 11:00:00+02:00,2260.622864419849
2028-07-25 12:00:00+02:00,2256.0263618577915
2028-07-25 13:00:00+02:00,2226.4682844935996
2028-07-25 14:00:00+02:00,2182.102813619925
2028-07-25 15:00:00+02:00,2148.1131185032386
2028-07-25 16:00:00+02:00,2150.594617068255
2028-07-25 17:00:00+02:00,2191.2108268535108
2028-07-25 18:00:00+02:00,2268.4755810515826
2028-07-25 19:00:00+02:00,2380.523648543022
2028-07-25 20:00:00+02:00,2404.59340504801
2028-07-25 21:00:00+02:00,2230.271381866678
2028-07-25 22:00:00+02:00,1897.8314686062472
2028-07-25 23:00:00+02:00,1589.8465390175177
2028-07-26 00:00:00+02:00,1439.8591325837658
2028-07-26 01:00:00+02:00,1377.3037382169564
2028-07-26 02:00:00+02:00,1343.983826218349
2028-07-26 03:00:00+02:00,1334.8633519915318
2028-07-26 04:00:00+02:00,1340.6581859494272
2028-07-26 05:00:00+02:00,1468.0856257368382
2028-07-26 06:00:00+02:00,1685.224533570874
2028-07-26 07:00:00+02:00,1959.5225099372478
2028-07-26 08:00:00+02:00,2130.79180504847
2028-07-26 09:00:00+02:00,2210.1094562726357
2028-07-26 10:00:00+02:00,2241.885330315356
2028-07-26 11:00:00+02:00,2250.283651088962
2028-07-26 12:00:00+02:00,2237.874236399459
2028-07-26 13:00:00+02:00,2193.993366784342
2028-07-26 14:00:00+02:00,2147.7603525220375
2028-07-26 15:00:00+02:00,2129.97017815354
2028-07-26 16:00:00+02:00,2144.3633043784434
2028-07-26 17:00:00+02:00,2164.812230486794
2028-07-26 18:00:00+02:00,2194.700232153601
2028-07-26 19:00:00+02:00,2271.744616098791
2028-07-26 20:00:00+02:00,2312.0060097998776
2028-07-26 21:00:00+02:00,2203.4074686345775
2028-07-26 22:00:00+02:00,1928.8913101478465
2028-07-26 23:00:00+02:00,1664.405016838157
2028-07-27 00:00:00+02:00,1501.2049376044458
2028-07-27 01:00:00+02:00,1442.2670921592608
2028-07-27 02:00:00+02:00,1400.1788270180928
2028-07-27 03:00:00+02:00,1389.1751448150621
2028-07-27 04:00:00+02:00,1404.0045924943233
2028-07-27 05:00:00+02:00,1539.9528665413368
2028-07-27 06:00:00+02:00,1753.35077912394
2028-07-27 07:00:00+02:00,1994.0070548441365
2028-07-27 08:00:00+02:00,2138.4814099722503
2028-07-27 09:00:00+02:00,2189.91785837833
2028-07-27 10:00:00+02:00,2176.6458922199986
2028-07-27 11:00:00+02:00,2136.3337690622925
2028-07-27 12:00:00+02:00,2084.257824548737
2028-07-27 13:00:00+02:00,2060.7001778530534
2028-07-27 14:00:00+02:00,2061.8197216474114
2028-07-27 15:00:00+02:00,2094.6748207176706
2028-07-27 16:00:00+02:00,2119.700148295759
2028-07-27 17:00:00+02:00,2142.5188272219266
2028-07-27 18:00:00+02:00,2197.9824618642706
2028-07-27 19:00:00+02:00,2290.3044112828206
2028-07-27 20:00:00+02:00,2326.027510507157
2028-07-27 21:00:00+02:00,2181.584487172064
2028-07-27 22:00:00+02:00,1924.1421159319639
2028-07-27 23:00:00+02:00,1652.6085606081265
2028-07-28 00:00:00+02:00,1476.182423563696
2028-07-28 01:00:00+02:00,1373.5552973227875
2028-07-28 02:00:00+02:00,1328.0759960265198
2028-07-28 03:00:00+02:00,1295.974129868841
2028-07-28 04:00:00+02:00,1296.4295413206964
2028-07-28 05:00:00+02:00,1424.0395865219489
2028-07-28 06:00:00+02:00,1658.6896545490877
2028-07-28 07:00:00+02:00,1936.0206356417987
2028-07-28 08:00:00+02:00,2126.108311678145
2028-07-28 09:00:00+02:00,2214.1820968198413
2028-07-28 10:00:00+02:00,2243.917159839158
2028-07-28 11:00:00+02:00,2252.4915477561062
2028-07-28 12:00:00+02:00,2248.7990256885305
2028-07-28 13:00:00+02:00,2224.914358178531
2028-07-28 14:00:00+02:00,2183.9523826909654
2028-07-28 15:00:00+02:00,2144.6845535689718
2028-07-28 16:00:00+02:00,2121.9038472743428
2028-07-28 17:00:00+02:00,2100.4832735476857
2028-07-28 18:00:00+02:00,2121.054180156251
2028-07-28 19:00:00+02:00,2227.7135805227967
2028-07-28 20:00:00+02:00,2288.46253030461
2028-07-28 21:00:00+02:00,2171.322942245823
2028-07-28 22:00:00+02:00,1904.783273506038
2028-07-28 23:00:00+02:00,1605.313864454681
2028-07-29 00:00:00+02:00,1270.7942426279076
2028-07-29 01:00:00+02:00,1164.1721507684804
2028-07-29 02:00:00+02:00,1114.6297062533986
2028-07-29 03:00:00+02:00,1085.1688694027362
2028-07-29 04:00:00+02:00,1095.0389817603195
2028-07-29 05:00:00+02:00,1221.2258623974992
2028-07-29 06:00:00+02:00,1424.418079848557
2028-07-29 07:00:00+02:00,1651.8810863108197
2028-07-29 08:00:00+02:00,1793.283589923438
2028-07-29 09:00:00+02:00,1860.2944808959996
2028-07-29 10:00:00+02:00,1899.959258795689
2028-07-29 11:00:00+02:00,1935.0001166926493
2028-07-29 12:00:00+02:00,1956.7951188696486
2028-07-29 13:00:00+02:00,1948.3092458509634
2028-07-29 14:00:00+02:00,1912.4549965125327
2028-07-29 15:00:00+02:00,1896.7091855651345
2028-07-29 16:00:00+02:00,1893.951630011205
2028-07-29 17:00:00+02:00,1905.8785978796575
2028-07-29 18:00:00+02:00,1920.448441020867
2028-07-29 19:00:00+02:00,1986.4372474888592
2028-07-29 20:00:00+02:00,2003.0113880621686
2028-07-29 21:00:00+02:00,1862.4030820339358
2028-07-29 22:00:00+02:00,1609.3497475431486
2028-07-29 23:00:00+02:00,1365.2472723107483
2028-07-30 00:00:00+02:00,1170.8528878377142
2028-07-30 01:00:00+02:00,1065.446408436164
2028-07-30 02:00:00+02:00,1008.2619627943591
2028-07-30 03:00:00+02:00,998.3583110858438
2028-07-30 04:00:00+02:00,1032.2098430663145
2028-07-30 05:00:00+02:00,1144.116387581918
2028-07-30 06:00:00+02:00,1356.4534399857876
2028-07-30 07:00:00+02:00,1590.222834846148
2028-07-30 08:00:00+02:00,1754.7016009080069
2028-07-30 09:00:00+02:00,1821.7127968920474
2028-07-30 10:00:00+02:00,1855.113772542505
2028-07-30 11:00:00+02:00,1884.0087772984814
2028-07-30 12:00:00+02:00,1900.3917357331793
2028-07-30 13:00:00+02:00,1886.6303963309924
2028-07-30 14:00:00+02:00,1859.6581495774287
2028-07-30 15:00:00+02:00,1838.4141569664778
2028-07-30 16:00:00+02:00,1838.582562806809
2028-07-30 17:00:00+02:00,1838.5120565811546
2028-07-30 18:00:00+02:00,1847.5817438192569
2028-07-30 19:00:00+02:00,1916.6285555357606
2028-07-30 20:00:00+02:00,1947.548877793262
2028-07-30 21:00:00+02:00,1836.457343194313
2028-07-30 22:00:00+02:00,1590.159661599834
2028-07-30 23:00:00+02:00,1321.919810889966
2028-07-31 00:00:00+02:00,1378.2327165327288
2028-07-31 01:00:00+02:00,1278.972390262459
2028-07-31 02:00:00+02:00,1244.5295901336806
2028-07-31 03:00:00+02:00,1232.040858815834
2028-07-31 04:00:00+02:00,1235.7724160543048
2028-07-31 05:00:00+02:00,1348.006112108995
2028-07-31 06:00:00+02:00,1571.5439389791566
2028-07-31 07:00:00+02:00,1846.4906084001727
2028-07-31 08:00:00+02:00,2026.8530324746437
2028-07-31 09:00:00+02:00,2112.912690170894
2028-07-31 10:00:00+02:00,2152.5465899971523
2028-07-31 11:00:00+02:00,2184.482779885503
2028-07-31 12:00:00+02:00,2178.621676692694
2028-07-31 13:00:00+02:00,2137.2885001653594
2028-07-31 14:00:00+02:00,2090.4250875968787
2028-07-31 15:00:00+02:00,2078.3683675530715
2028-07-31 16:00:00+02:00,2099.6515140806914
2028-07-31 17:00:00+02:00,2139.339434335697
2028-07-31 18:00:00+02:00,2185.878757781978
2028-07-31 19:00:00+02:00,2312.868487684087
2028-07-31 20:00:00+02:00,2378.4877553985884
2028-07-31 21:00:00+02:00,2243.0260335544835
2028-07-31 22:00:00+02:00,1897.5951029396933
2028-07-31 23:00:00+02:00,1550.7204979142132
2028-08-01 00:00:00+02:00,1384.0778810055247
2028-08-01 01:00:00+02:00,1294.6283745811088
2028-08-01 02:00:00+02:00,1256.0091930944827
2028-08-01 03:00:00+02:00,1243.8558437730776
2028-08-01 04:00:00+02:00,1263.2791262257945
2028-08-01 05:00:00+02:00,1390.6574242730942
2028-08-01 06:00:00+02:00,1592.6394280474358
2028-08-01 07:00:00+02:00,1837.8576296683182
2028-08-01 08:00:00+02:00,2001.4675770706792
2028-08-01 09:00:00+02:00,2088.828006166508
2028-08-01 10:00:00+02:00,2133.30366019919
2028-08-01 11:00:00+02:00,2148.921476772731
2028-08-01 12:00:00+02:00,2135.906885583017
2028-08-01 13:00:00+02:00,2102.2574329853683
2028-08-01 14:00:00+02:00,2079.615976853219
2028-08-01 15:00:00+02:00,2105.985814899427
2028-08-01 16:00:00+02:00,2155.531404999604
2028-08-01 17:00:00+02:00,2211.9524144558054
2028-08-01 18:00:00+02:00,2263.611289268661
2028-08-01 19:00:00+02:00,2385.620626511961
2028-08-01 20:00:00+02:00,2433.8272397966084
2028-08-01 21:00:00+02:00,2254.5442314563015
2028-08-01 22:00:00+02:00,1890.8320378268513
2028-08-01 23:00:00+02:00,1541.1055704435244
2028-08-02 00:00:00+02:00,1359.6555481111805
2028-08-02 01:00:00+02:00,1264.1551637304408
2028-08-02 02:00:00+02:00,1206.4748254900028
2028-08-02 03:00:00+02:00,1193.988599165037
2028-08-02 04:00:00+02:00,1210.6421799611417
2028-08-02 05:00:00+02:00,1350.5699353096045
2028-08-02 06:00:00+02:00,1582.885263487673
2028-08-02 07:00:00+02:00,1876.020260855654
2028-08-02 08:00:00+02:00,2076.6632714244497
2028-08-02 09:00:00+02:00,2172.0169293981803
2028-08-02 10:00:00+02:00,2185.667009603115
2028-08-02 11:00:00+02:00,2177.9921123442264
2028-08-02 12:00:00+02:00,2159.380141622195
2028-08-02 13:00:00+02:00,2139.3241598299833
2028-08-02 14:00:00+02:00,2108.078539028942
2028-08-02 15:00:00+02:00,2089.49722639403
2028-08-02 16:00:00+02:00,2091.065396881843
2028-08-02 17:00:00+02:00,2124.5447481827546
2028-08-02 18:00:00+02:00,2193.0157527686556
2028-08-02 19:00:00+02:00,2348.3887905863216
2028-08-02 20:00:00+02:00,2412.4196137084123
2028-08-02 21:00:00+02:00,2268.4840347199142
2028-08-02 22:00:00+02:00,1924.4126346158587
2028-08-02 23:00:00+02:00,1589.3678788016912
2028-08-03 00:00:00+02:00,1398.8966811963728
2028-08-03 01:00:00+02:00,1287.715081633907
2028-08-03 02:00:00+02:00,1234.744439363075
2028-08-03 03:00:00+02:00,1210.1248580529107
2028-08-03 04:00:00+02:00,1212.00373751441
2028-08-03 05:00:00+02:00,1328.9009678513303
2028-08-03 06:00:00+02:00,1545.3604523955137
2028-08-03 07:00:00+02:00,1805.4170165145267
2028-08-03 08:00:00+02:00,1970.4031493774678
2028-08-03 09:00:00+02:00,2052.6951618400753
2028-08-03 10:00:00+02:00,2098.1908886774663
2028-08-03 11:00:00+02:00,2121.4556036159847
2028-08-03 12:00:00+02:00,2125.0200623628357
2028-08-03 13:00:00+02:00,2099.8750332030304
2028-08-03 14:00:00+02:00,2091.1279813323986
2028-08-03 15:00:00+02:00,2111.721607044423
2028-08-03 16:00:00+02:00,2155.0718725940724
2028-08-03 17:00:00+02:00,2197.0581210108044
2028-08-03 18:00:00+02:00,2262.821351603958
2028-08-03 19:00:00+02:00,2422.243393061578
2028-08-03 20:00:00+02:00,2493.3143792819997
2028-08-03 21:00:00+02:00,2321.3421388894317
2028-08-03 22:00:00+02:00,1938.993931205761
2028-08-03 23:00:00+02:00,1577.335272382388
2028-08-04 00:00:00+02:00,1384.775291167791
2028-08-04 01:00:00+02:00,1275.286801588844
2028-08-04 02:00:00+02:00,1215.8595373528303
2028-08-04 03:00:00+02:00,1193.6689876788216
2028-08-04 04:00:00+02:00,1196.929148179027
2028-08-04 05:00:00+02:00,1332.2371838074216
2028-08-04 06:00:00+02:00,1552.0605981801234
2028-08-04 07:00:00+02:00,1832.464063734418
2028-08-04 08:00:00+02:00,2016.5061306376604
2028-08-04 09:00:00+02:00,2113.2594322814184
2028-08-04 10:00:00+02:00,2155.830585173499
2028-08-04 11:00:00+02:00,2173.6752547731116
2028-08-04 12:00:00+02:00,2178.2034717387432
2028-08-04 13:00:00+02:00,2138.987746705228
2028-08-04 14:00:00+02:00,2093.0925457381372
2028-08-04 15:00:00+02:00,2081.6967974707713
2028-08-04 16:00:00+02:00,2104.396381677236
2028-08-04 17:00:00+02:00,2146.34923399559
2028-08-04 18:00:00+02:00,2177.024579866925
2028-08-04 19:00:00+02:00,2320.328124903735
2028-08-04 20:00:00+02:00,2375.8348057949997
2028-08-04 21:00:00+02:00,2256.5748017146325
2028-08-04 22:00:00+02:00,1931.2735845704597
2028-08-04 23:00:00+02:00,1607.1439496977603
2028-08-05 00:00:00+02:00,1234.8154031389347
2028-08-05 01:00:00+02:00,1147.9591424312143
2028-08-05 02:00:00+02:00,1110.3268178465364
2028-08-05 03:00:00+02:00,1090.8432059613783
2028-08-05 04:00:00+02:00,1078.8697185693388
2028-08-05 05:00:00+02:00,1174.3449745134646
2028-08-05 06:00:00+02:00,1353.2207614663382
2028-08-05 07:00:00+02:00,1573.2491479160385
2028-08-05 08:00:00+02:00,1720.1527439892743
2028-08-05 09:00:00+02:00,1782.078077066873
2028-08-05 10:00:00+02:00,1820.5472604388456
2028-08-05 11:00:00+02:00,1834.5446794329819
2028-08-05 12:00:00+02:00,1849.4467085814567
2028-08-05 13:00:00+02:00,1845.135238588561
2028-08-05 14:00:00+02:00,1843.124816989059
2028-08-05 15:00:00+02:00,1842.5842145311856
2028-08-05 16:00:00+02:00,1842.3453843528384
2028-08-05 17:00:00+02:00,1846.4801866787425
2028-08-05 18:00:00+02:00,1862.9117371742873
2028-08-05 19:00:00+02:00,1969.8714015664018
2028-08-05 20:00:00+02:00,2011.8432688849382
2028-08-05 21:00:00+02:00,1899.7658348292573
2028-08-05 22:00:00+02:00,1616.7652900465307
2028-08-05 23:00:00+02:00,1339.1042133118265
2028-08-06 00:00:00+02:00,1129.1214222114982
2028-08-06 01:00:00+02:00,1047.385946637589
2028-08-06 02:00:00+02:00,1007.2402225996465
2028-08-06 03:00:00+02:00,996.7595336488654
2028-08-06 04:00:00+02:00,1004.757382035252
2028-08-06 05:00:00+02:00,1102.8060589806998
2028-08-06 06:00:00+02:00,1273.5715713832406
2028-08-06 07:00:00+02:00,1508.6261173118403
2028-08-06 08:00:00+02:00,1673.9418281437781
2028-08-06 09:00:00+02:00,1764.3938547923815
2028-08-06 10:00:00+02:00,1788.812429572695
2028-08-06 11:00:00+02:00,1806.0350261485546
2028-08-06 12:00:00+02:00,1809.3533767307574
2028-08-06 13:00:00+02:00,1796.303929755636
2028-08-06 14:00:00+02:00,1771.4790376430408
2028-08-06 15:00:00+02:00,1755.855834288797
2028-08-06 16:00:00+02:00,1764.89437922385
2028-08-06 17:00:00+02:00,1786.8800268026152
2028-08-06 18:00:00+02:00,1823.5868213819
2028-08-06 19:00:00+02:00,1909.5320669633336
2028-08-06 20:00:00+02:00,1942.4823958065776
2028-08-06 21:00:00+02:00,1821.2434147490474
2028-08-06 22:00:00+02:00,1574.171854638979
2028-08-06 23:00:00+02:00,1291.6167828970315
2028-08-07 00:00:00+02:00,1351.7147420876988
2028-08-07 01:00:00+02:00,1228.1099215819222
2028-08-07 02:00:00+02:00,1198.2199789262158
2028-08-07 03:00:00+02:00,1193.762024629937
2028-08-07 04:00:00+02:00,1207.8282424603046
2028-08-07 05:00:00+02:00,1320.0311026616964
2028-08-07 06:00:00+02:00,1508.7866433615409
2028-08-07 07:00:00+02:00,1742.1340589647064
2028-08-07 08:00:00+02:00,1906.118368871448
2028-08-07 09:00:00+02:00,1984.9911592970077
2028-08-07 10:00:00+02:00,2027.2415886078286
2028-08-07 11:00:00+02:00,2055.733438981409
2028-08-07 12:00:00+02:00,2086.0502483048094
2028-08-07 13:00:00+02:00,2100.612938573415
2028-08-07 14:00:00+02:00,2106.6386327798245
2028-08-07 15:00:00+02:00,2123.610478122937
2028-08-07 16:00:00+02:00,2132.2380253935416
2028-08-07 17:00:00+02:00,2156.5581101949406
2028-08-07 18:00:00+02:00,2188.9723299208044
2028-08-07 19:00:00+02:00,2311.7178713295416
2028-08-07 20:00:00+02:00,2345.9582511319422
2028-08-07 21:00:00+02:00,2183.4809930650144
2028-08-07 22:00:00+02:00,1845.637351410802
2028-08-07 23:00:00+02:00,1521.4637405903045
2028-08-08 00:00:00+02:00,1349.2398865107432
2028-08-08 01:00:00+02:00,1229.6346791230776
2028-08-08 02:00:00+02:00,1167.89491655856
2028-08-08 03:00:00+02:00,1163.9249187173127
2028-08-08 04:00:00+02:00,1201.2074182181416
2028-08-08 05:00:00+02:00,1327.521837836393
2028-08-08 06:00:00+02:00,1546.7874600660568
2028-08-08 07:00:00+02:00,1785.113487279199
2028-08-08 08:00:00+02:00,1942.2362330594183
2028-08-08 09:00:00+02:00,2012.3722910731512
2028-08-08 10:00:00+02:00,2051.4182790315144
2028-08-08 11:00:00+02:00,2103.791324116723
2028-08-08 12:00:00+02:00,2130.2996032450073
2028-08-08 13:00:00+02:00,2108.7441171951155
2028-08-08 14:00:00+02:00,2066.8018284351147
2028-08-08 15:00:00+02:00,2050.0820172318176
2028-08-08 16:00:00+02:00,2072.5441947804607
2028-08-08 17:00:00+02:00,2113.562811492502
2028-08-08 18:00:00+02:00,2178.322356326444
2028-08-08 19:00:00+02:00,2355.0446129337383
2028-08-08 20:00:00+02:00,2423.928716653729
2028-08-08 21:00:00+02:00,2254.0738007676828
2028-08-08 22:00:00+02:00,1888.3364860149463
2028-08-08 23:00:00+02:00,1561.3572853582712
2028-08-09 00:00:00+02:00,1394.387474308553
2028-08-09 01:00:00+02:00,1299.8088649522197
2028-08-09 02:00:00+02:00,1251.332038249989
2028-08-09 03:00:00+02:00,1239.9811329174593
2028-08-09 04:00:00+02:00,1247.5137764420133
2028-08-09 05:00:00+02:00,1371.1644903047459
2028-08-09 06:00:00+02:00,1577.3761637560121
2028-08-09 07:00:00+02:00,1823.2353392319653
2028-08-09 08:00:00+02:00,1948.7502353678144
2028-08-09 09:00:00+02:00,1981.9321438587942
2028-08-09 10:00:00+02:00,2004.187418616228
2028-08-09 11:00:00+02:00,2045.3854542561576
2028-08-09 12:00:00+02:00,2064.7673261654113
2028-08-09 13:00:00+02:00,2047.9285667002164
2028-08-09 14:00:00+02:00,2015.4371225992566
2028-08-09 15:00:00+02:00,1998.0217030733334
2028-08-09 16:00:00+02:00,2006.5056552747465
2028-08-09 17:00:00+02:00,2040.9966117489105
2028-08-09 18:00:00+02:00,2121.328904531291
2028-08-09 19:00:00+02:00,2297.968911931451
2028-08-09 20:00:00+02:00,2383.6923418018973
2028-08-09 21:00:00+02:00,2261.66229336115
2028-08-09 22:00:00+02:00,1928.7213314456142
2028-08-09 23:00:00+02:00,1606.2778300276793
2028-08-10 00:00:00+02:00,1427.8496757715109
2028-08-10 01:00:00+02:00,1335.1941538977067
2028-08-10 02:00:00+02:00,1294.368247996047
2028-08-10 03:00:00+02:00,1282.0014538520065
2028-08-10 04:00:00+02:00,1272.041003187665
2028-08-10 05:00:00+02:00,1373.6750665788222
2028-08-10 06:00:00+02:00,1532.120605488477
2028-08-10 07:00:00+02:00,1735.3366418224139
2028-08-10 08:00:00+02:00,1853.5139883343852
2028-08-10 09:00:00+02:00,1928.422827758787
2028-08-10 10:00:00+02:00,1977.4446979265608
2028-08-10 11:00:00+02:00,2014.2223752521218
2028-08-10 12:00:00+02:00,2018.2020720984046
2028-08-10 13:00:00+02:00,2006.8144308904007
2028-08-10 14:00:00+02:00,2007.1709081332879
2028-08-10 15:00:00+02:00,2046.6769219888592
2028-08-10 16:00:00+02:00,2105.0676561603
2028-08-10 17:00:00+02:00,2139.240365750098
2028-08-10 18:00:00+02:00,2175.9921845967096
2028-08-10 19:00:00+02:00,2315.138521782102
2028-08-10 20:00:00+02:00,2370.4364642943883
2028-08-10 21:00:00+02:00,2217.906919836192
2028-08-10 22:00:00+02:00,1848.846835435618
2028-08-10 23:00:00+02:00,1509.5140253030143
2028-08-11 00:00:00+02:00,1333.966370101618
2028-08-11 01:00:00+02:00,1244.0100845165753
2028-08-11 02:00:00+02:00,1215.6002181231136
2028-08-11 03:00:00+02:00,1207.8191328955413
2028-08-11 04:00:00+02:00,1230.0553859877211
2028-08-11 05:00:00+02:00,1354.3394937138069
2028-08-11 06:00:00+02:00,1547.6851717178877
2028-08-11 07:00:00+02:00,1777.2718965503877
2028-08-11 08:00:00+02:00,1911.5457476476213
2028-08-11 09:00:00+02:00,1988.961429434336
2028-08-11 10:00:00+02:00,2007.6535044654563
2028-08-11 11:00:00+02:00,2032.4802783955304
2028-08-11 12:00:00+02:00,2048.40632043815
2028-08-11 13:00:00+02:00,2062.1254766794636
2028-08-11 14:00:00+02:00,2071.2208238576154
2028-08-11 15:00:00+02:00,2077.4330240227887
2028-08-11 16:00:00+02:00,2109.5478806218816
2028-08-11 17:00:00+02:00,2123.2050636748854
2028-08-11 18:00:00+02:00,2168.493353084229
2028-08-11 19:00:00+02:00,2286.1509953099194
2028-08-11 20:00:00+02:00,2298.336574207333
2028-08-11 21:00:00+02:00,2130.448778002257
2028-08-11 22:00:00+02:00,1772.9397402682796
2028-08-11 23:00:00+02:00,1475.136667465997
2028-08-12 00:00:00+02:00,1108.2435257191758
2028-08-12 01:00:00+02:00,1023.4204054989355
2028-08-12 02:00:00+02:00,993.4205264919489
2028-08-12 03:00:00+02:00,1004.6086999157433
2028-08-12 04:00:00+02:00,1042.1728102734216
2028-08-12 05:00:00+02:00,1177.4226861680247
2028-08-12 06:00:00+02:00,1374.2645092312112
2028-08-12 07:00:00+02:00,1579.1381633649762
2028-08-12 08:00:00+02:00,1698.9249235651514
2028-08-12 09:00:00+02:00,1756.2002963158436
2028-08-12 10:00:00+02:00,1803.2536385861022
2028-08-12 11:00:00+02:00,1833.0473978122734
2028-08-12 12:00:00+02:00,1844.77936949251
2028-08-12 13:00:00+02:00,1822.556928289682
2028-08-12 14:00:00+02:00,1784.772318798627
2028-08-12 15:00:00+02:00,1755.3884733111902
2028-08-12 16:00:00+02:00,1745.3471175310956
2028-08-12 17:00:00+02:00,1752.8417007678
2028-08-12 18:00:00+02:00,1796.0389156991923
2028-08-12 19:00:00+02:00,1905.9971893745999
2028-08-12 20:00:00+02:00,1932.023345963029
2028-08-12 21:00:00+02:00,1807.112039286653
2028-08-12 22:00:00+02:00,1536.6993526652093
2028-08-12 23:00:00+02:00,1295.4295514115713
2028-08-13 00:00:00+02:00,1098.1614822892977
2028-08-13 01:00:00+02:00,1006.2874699282968
2028-08-13 02:00:00+02:00,946.8103685386249
2028-08-13 03:00:00+02:00,928.3980012938277
2028-08-13 04:00:00+02:00,943.380455998436
2028-08-13 05:00:00+02:00,1086.005213086881
2028-08-13 06:00:00+02:00,1291.0349322619375
2028-08-13 07:00:00+02:00,1532.6673846938575
2028-08-13 08:00:00+02:00,1680.62771270793
2028-08-13 09:00:00+02:00,1748.6278157023896
2028-08-13 10:00:00+02:00,1759.1194982002876
2028-08-13 11:00:00+02:00,1755.9347411414806
2028-08-13 12:00:00+02:00,1736.7639505659943
2028-08-13 13:00:00+02:00,1706.084202095693
2028-08-13 14:00:00+02:00,1665.6677775463816
2028-08-13 15:00:00+02:00,1645.190224236879
2028-08-13 16:00:00+02:00,1643.0367450593174
2028-08-13 17:00:00+02:00,1661.528446146504
2028-08-13 18:00:00+02:00,1723.602498302552
2028-08-13 19:00:00+02:00,1872.8914591319685
2028-08-13 20:00:00+02:00,1922.7718163767481
2028-08-13 21:00:00+02:00,1796.9876432300953
2028-08-13 22:00:00+02:00,1516.5797851666714
2028-08-13 23:00:00+02:00,1283.9232610494025
2028-08-14 00:00:00+02:00,1378.6601883377525
2028-08-14 01:00:00+02:00,1289.9610939609388
2028-08-14 02:00:00+02:00,1239.0300270708026
2028-08-14 03:00:00+02:00,1220.1834396085344
2028-08-14 04:00:00+02:00,1215.2448259803766
2028-08-14 05:00:00+02:00,1288.9901977309603
2028-08-14 06:00:00+02:00,1430.6519459280178
2028-08-14 07:00:00+02:00,1636.1423845711781
2028-08-14 08:00:00+02:00,1794.5372161089365
2028-08-14 09:00:00+02:00,1875.1680827442015
2028-08-14 10:00:00+02:00,1909.7383048639374
2028-08-14 11:00:00+02:00,1911.4113797763475
2028-08-14 12:00:00+02:00,1887.9493109032132
2028-08-14 13:00:00+02:00,1858.8932153050357
2028-08-14 14:00:00+02:00,1829.9081640892405
2028-08-14 15:00:00+02:00,1843.1810235617836
2028-08-14 16:00:00+02:00,1876.7174543705844
2028-08-14 17:00:00+02:00,1931.977725044659
2028-08-14 18:00:00+02:00,2017.1194669340646
2028-08-14 19:00:00+02:00,2196.910541186594
2028-08-14 20:00:00+02:00,2270.383131304916
2028-08-14 21:00:00+02:00,2147.839472574179
2028-08-14 22:00:00+02:00,1823.3175641407515
2028-08-14 23:00:00+02:00,1539.7256666031255
2028-08-15 00:00:00+02:00,1342.3859628115056
2028-08-15 01:00:00+02:00,1245.135383986023
2028-08-15 02:00:00+02:00,1196.8024750626669
2028-08-15 03:00:00+02:00,1193.6443490064128
2028-08-15 04:00:00+02:00,1223.8326355312622
2028-08-15 05:00:00+02:00,1319.9323129031384
2028-08-15 06:00:00+02:00,1495.545853415366
2028-08-15 07:00:00+02:00,1700.5567014718306
2028-08-15 08:00:00+02:00,1857.8264404260592
2028-08-15 09:00:00+02:00,1927.4279415812211
2028-08-15 10:00:00+02:00,1957.9321159664798
2028-08-15 11:00:00+02:00,1965.56623531722
2028-08-15 12:00:00+02:00,1950.3863941807213
2028-08-15 13:00:00+02:00,1892.939087652736
2028-08-15 14:00:00+02:00,1840.4558398765246
2028-08-15 15:00:00+02:00,1827.6844783173203
2028-08-15 16:00:00+02:00,1854.7694011024566
2028-08-15 17:00:00+02:00,1910.7413909699096
2028-08-15 18:00:00+02:00,2016.3244689993542
2028-08-15 19:00:00+02:00,2231.642036514534
2028-08-15 20:00:00+02:00,2305.214340081863
2028-08-15 21:00:00+02:00,2142.1097052000646
2028-08-15 22:00:00+02:00,1753.930882763465
2028-08-15 23:00:00+02:00,1445.7564677331975
2028-08-16 00:00:00+02:00,1327.4422059217789
2028-08-16 01:00:00+02:00,1254.93905885709
2028-08-16 02:00:00+02:00,1216.2280320331135
2028-08-16 03:00:00+02:00,1212.1224380313895
2028-08-16 04:00:00+02:00,1200.4173807378622
2028-08-16 05:00:00+02:00,1307.8266098710683
2028-08-16 06:00:00+02:00,1522.2703824165296
2028-08-16 07:00:00+02:00,1790.0979667274203
2028-08-16 08:00:00+02:00,1960.128845728759
2028-08-16 09:00:00+02:00,2028.5894173414204
2028-08-16 10:00:00+02:00,2054.2305657609268
2028-08-16 11:00:00+02:00,2069.909890650024
2028-08-16 12:00:00+02:00,2051.522898032992
2028-08-16 13:00:00+02:00,2010.9168835433125
2028-08-16 14:00:00+02:00,1953.507593251603
2028-08-16 15:00:00+02:00,1939.3116430384794
2028-08-16 16:00:00+02:00,1971.4467876246968
2028-08-16 17:00:00+02:00,2027.9734033064585
2028-08-16 18:00:00+02:00,2141.1549299039757
2028-08-16 19:00:00+02:00,2288.810893485499
2028-08-16 20:00:00+02:00,2293.3995557096023
2028-08-16 21:00:00+02:00,2086.679450711135
2028-08-16 22:00:00+02:00,1744.7047126945952
2028-08-16 23:00:00+02:00,1464.822833487824
2028-08-17 00:00:00+02:00,1297.4245099420216
2028-08-17 01:00:00+02:00,1180.8322943956973
2028-08-17 02:00:00+02:00,1133.1031109534224
2028-08-17 03:00:00+02:00,1144.5633561731388
2028-08-17 04:00:00+02:00,1183.2973863472737
2028-08-17 05:00:00+02:00,1303.2737948057563
2028-08-17 06:00:00+02:00,1528.2746733766917
2028-08-17 07:00:00+02:00,1772.6154072928375
2028-08-17 08:00:00+02:00,1934.7931115093209
2028-08-17 09:00:00+02:00,1991.4438327123705
2028-08-17 10:00:00+02:00,2031.9906386880923
2028-08-17 11:00:00+02:00,2064.5949694945602
2028-08-17 12:00:00+02:00,2074.7171148493267
2028-08-17 13:00:00+02:00,2044.3578484870688
2028-08-17 14:00:00+02:00,2010.3846361267292
2028-08-17 15:00:00+02:00,1987.1437713495218
2028-08-17 16:00:00+02:00,2009.7048082330684
2028-08-17 17:00:00+02:00,2052.112733816549
2028-08-17 18:00:00+02:00,2145.0922763112762
2028-08-17 19:00:00+02:00,2305.724664038453
2028-08-17 20:00:00+02:00,2324.7625022763864
2028-08-17 21:00:00+02:00,2149.4775556577456
2028-08-17 22:00:00+02:00,1788.507201258951
2028-08-17 23:00:00+02:00,1502.6960375924177
2028-08-18 00:00:00+02:00,1321.206553112952
2028-08-18 01:00:00+02:00,1227.3294496185104
2028-08-18 02:00:00+02:00,1173.4086108341448
2028-08-18 03:00:00+02:00,1153.0899118397954
2028-08-18 04:00:00+02:00,1168.5564528190177
2028-08-18 05:00:00+02:00,1323.4212356033797
2028-08-18 06:00:00+02:00,1552.91040393574
2028-08-18 07:00:00+02:00,1830.736433309866
2028-08-18 08:00:00+02:00,1988.9424800549841
2028-08-18 09:00:00+02:00,2057.9406476837385
2028-08-18 10:00:00+02:00,2055.016928966425
2028-08-18 11:00:00+02:00,2052.6870493578826
2028-08-18 12:00:00+02:00,2055.7841973938307
2028-08-18 13:00:00+02:00,2056.231864376154
2028-08-18 14:00:00+02:00,2025.8853567366825
2028-08-18 15:00:00+02:00,1995.2013902175756
2028-08-18 16:00:00+02:00,1980.75453331749
2028-08-18 17:00:00+02:00,1995.8709888473556
2028-08-18 18:00:00+02:00,2068.576598307029
2028-08-18 19:00:00+02:00,2202.430321005353
2028-08-18 20:00:00+02:00,2220.5013775126026
2028-08-18 21:00:00+02:00,2046.8499867185574
2028-08-18 22:00:00+02:00,1726.7818433092514
2028-08-18 23:00:00+02:00,1469.8657665021062
2028-08-19 00:00:00+02:00,1145.8644388889975
2028-08-19 01:00:00+02:00,1062.903442982635
2028-08-19 02:00:00+02:00,1015.8211327274519
2028-08-19 03:00:00+02:00,991.6867357447426
2028-08-19 04:00:00+02:00,991.2450107197247
2028-08-19 05:00:00+02:00,1085.7873550593665
2028-08-19 06:00:00+02:00,1267.0235538075299
2028-08-19 07:00:00+02:00,1494.3539987073102
2028-08-19 08:00:00+02:00,1640.679054364383
2028-08-19 09:00:00+02:00,1705.4436890602283
2028-08-19 10:00:00+02:00,1735.4428368048953
2028-08-19 11:00:00+02:00,1759.4189819539688
2028-08-19 12:00:00+02:00,1755.9402009398766
2028-08-19 13:00:00+02:00,1741.8415240776042
2028-08-19 14:00:00+02:00,1721.0836696779181
2028-08-19 15:00:00+02:00,1710.229705580493
2028-08-19 16:00:00+02:00,1726.7681053437595
2028-08-19 17:00:00+02:00,1762.2574178821403
2028-08-19 18:00:00+02:00,1851.3417270651935
2028-08-19 19:00:00+02:00,1997.2323316070688
2028-08-19 20:00:00+02:00,2023.3016980605087
2028-08-19 21:00:00+02:00,1850.4108460644804
2028-08-19 22:00:00+02:00,1530.3869382415
2028-08-19 23:00:00+02:00,1265.3530167973393
2028-08-20 00:00:00+02:00,1086.4811006911464
2028-08-20 01:00:00+02:00,989.1372340717381
2028-08-20 02:00:00+02:00,938.6527835781832
2028-08-20 03:00:00+02:00,936.6958798953198
2028-08-20 04:00:00+02:00,948.1819420220592
2028-08-20 05:00:00+02:00,1050.9930430266093
2028-08-20 06:00:00+02:00,1242.9773191913775
2028-08-20 07:00:00+02:00,1484.2947998992968
2028-08-20 08:00:00+02:00,1646.7931029699082
2028-08-20 09:00:00+02:00,1709.4184941407013
2028-08-20 10:00:00+02:00,1735.2701294903668
2028-08-20 11:00:00+02:00,1756.4120924206445
2028-08-20 12:00:00+02:00,1769.809064081715
2028-08-20 13:00:00+02:00,1752.1503267233993
2028-08-20 14:00:00+02:00,1701.1438351233965
2028-08-20 15:00:00+02:00,1645.484666639056
2028-08-20 16:00:00+02:00,1605.238976974434
2028-08-20 17:00:00+02:00,1598.5616269123313
2028-08-20 18:00:00+02:00,1692.679137374023
2028-08-20 19:00:00+02:00,1847.4738779377396
2028-08-20 20:00:00+02:00,1906.077742621099
2028-08-20 21:00:00+02:00,1755.9977324513368
2028-08-20 22:00:00+02:00,1469.8949998039188
2028-08-20 23:00:00+02:00,1226.1630816757204
2028-08-21 00:00:00+02:00,1264.373381097696
2028-08-21 01:00:00+02:00,1175.5881381364788
2028-08-21 02:00:00+02:00,1131.1236817843094
2028-08-21 03:00:00+02:00,1110.8543903914558
2028-08-21 04:00:00+02:00,1125.3745006642125
2028-08-21 05:00:00+02:00,1251.3837491690365
2028-08-21 06:00:00+02:00,1440.7537857549576
2028-08-21 07:00:00+02:00,1664.483878272191
2028-08-21 08:00:00+02:00,1810.0884171209216
2028-08-21 09:00:00+02:00,1886.6331254004517
2028-08-21 10:00:00+02:00,1926.336274884615
2028-08-21 11:00:00+02:00,1952.4118367176231
2028-08-21 12:00:00+02:00,1975.0715444658076
2028-08-21 13:00:00+02:00,1960.7336277396528
2028-08-21 14:00:00+02:00,1928.1213350232015
2028-08-21 15:00:00+02:00,1894.7671120510151
2028-08-21 16:00:00+02:00,1907.1180641784981
2028-08-21 17:00:00+02:00,1949.6447921351564
2028-08-21 18:00:00+02:00,2062.5292369878707
2028-08-21 19:00:00+02:00,2228.325220932913
2028-08-21 20:00:00+02:00,2273.869516362111
2028-08-21 21:00:00+02:00,2083.1296895709515
2028-08-21 22:00:00+02:00,1754.2488321974915
2028-08-21 23:00:00+02:00,1449.583139393122
2028-08-22 00:00:00+02:00,1306.392328011135
2028-08-22 01:00:00+02:00,1203.0995443022518
2028-08-22 02:00:00+02:00,1170.9651941101804
2028-08-22 03:00:00+02:00,1156.3278432496468
2028-08-22 04:00:00+02:00,1155.1240575822856
2028-08-22 05:00:00+02:00,1249.4513782576487
2028-08-22 06:00:00+02:00,1423.1479101587531
2028-08-22 07:00:00+02:00,1650.738805505525
2028-08-22 08:00:00+02:00,1793.194611352641
2028-08-22 09:00:00+02:00,1856.3525679471486
2028-08-22 10:00:00+02:00,1886.945004572826
2028-08-22 11:00:00+02:00,1947.8336440787873
2028-08-22 12:00:00+02:00,2000.655259428361
2028-08-22 13:00:00+02:00,2017.7544976225608
2028-08-22 14:00:00+02:00,1994.9507416162808
2028-08-22 15:00:00+02:00,1955.9181021111394
2028-08-22 16:00:00+02:00,1964.6778544414447
2028-08-22 17:00:00+02:00,1989.1234378878191
2028-08-22 18:00:00+02:00,2126.7620552338235
2028-08-22 19:00:00+02:00,2322.9580515821776
2028-08-22 20:00:00+02:00,2342.714674428659
2028-08-22 21:00:00+02:00,2065.527435132924
2028-08-22 22:00:00+02:00,1619.4548322547346
2028-08-22 23:00:00+02:00,1316.4901793199022
2028-08-23 00:00:00+02:00,1194.2786673494243
2028-08-23 01:00:00+02:00,1121.4923053317416
2028-08-23 02:00:00+02:00,1061.5346330234133
2028-08-23 03:00:00+02:00,1052.3201749186003
2028-08-23 04:00:00+02:00,1064.8013449011853
2028-08-23 05:00:00+02:00,1200.695936914445
2028-08-23 06:00:00+02:00,1432.3882383604916
2028-08-23 07:00:00+02:00,1713.6307803801417
2028-08-23 08:00:00+02:00,1883.1320749988015
2028-08-23 09:00:00+02:00,1962.1452553359545
2028-08-23 10:00:00+02:00,2006.5993075488186
2028-08-23 11:00:00+02:00,2055.4459831158456
2028-08-23 12:00:00+02:00,2073.8913599729044
2028-08-23 13:00:00+02:00,2045.9769148207752
2028-08-23 14:00:00+02:00,1992.4026060659291
2028-08-23 15:00:00+02:00,1935.9954393864307
2028-08-23 16:00:00+02:00,1906.234114511908
2028-08-23 17:00:00+02:00,1912.8909958480378
2028-08-23 18:00:00+02:00,2037.5561845421296
2028-08-23 19:00:00+02:00,2252.3412577516783
2028-08-23 20:00:00+02:00,2311.34197201298
2028-08-23 21:00:00+02:00,2102.0745154890074
2028-08-23 22:00:00+02:00,1715.4513428377954
2028-08-23 23:00:00+02:00,1404.9134786940679
2028-08-24 00:00:00+02:00,1243.994840567608
2028-08-24 01:00:00+02:00,1150.8020910425848
2028-08-24 02:00:00+02:00,1118.2375901405467
2028-08-24 03:00:00+02:00,1123.667795709668
2028-08-24 04:00:00+02:00,1148.6289912826185
2028-08-24 05:00:00+02:00,1260.9747317345402
2028-08-24 06:00:00+02:00,1475.5723254692907
2028-08-24 07:00:00+02:00,1729.3572814860543
2028-08-24 08:00:00+02:00,1903.6888081461054
2028-08-24 09:00:00+02:00,1974.511856409432
2028-08-24 10:00:00+02:00,2024.0138527768702
2028-08-24 11:00:00+02:00,2071.1777236682747
2028-08-24 12:00:00+02:00,2077.0179140915866
2028-08-24 13:00:00+02:00,2018.4975444653674
2028-08-24 14:00:00+02:00,1938.9945778768572
2028-08-24 15:00:00+02:00,1879.8922695602496
2028-08-24 16:00:00+02:00,1874.4112533522452
2028-08-24 17:00:00+02:00,1896.27687456492
2028-08-24 18:00:00+02:00,2017.0063220725483
2028-08-24 19:00:00+02:00,2201.0080823188673
2028-08-24 20:00:00+02:00,2228.721358222262
2028-08-24 21:00:00+02:00,2017.609905304086
2028-08-24 22:00:00+02:00,1641.2036661830953
2028-08-24 23:00:00+02:00,1366.9383335467023
2028-08-25 00:00:00+02:00,1194.5910865822207
2028-08-25 01:00:00+02:00,1125.532157680348
2028-08-25 02:00:00+02:00,1094.1519068468654
2028-08-25 03:00:00+02:00,1098.945632155827
2028-08-25 04:00:00+02:00,1131.8074476206211
2028-08-25 05:00:00+02:00,1278.6449485000728
2028-08-25 06:00:00+02:00,1506.864042789913
2028-08-25 07:00:00+02:00,1762.384234815897
2028-08-25 08:00:00+02:00,1916.633754378753
2028-08-25 09:00:00+02:00,1978.646102270425
2028-08-25 10:00:00+02:00,2008.707840159098
2028-08-25 11:00:00+02:00,2042.272925156255
2028-08-25 12:00:00+02:00,2048.825311114488
2028-08-25 13:00:00+02:00,2010.998048049733
2028-08-25 14:00:00+02:00,1947.3090983072618
2028-08-25 15:00:00+02:00,1895.7338062391364
2028-08-25 16:00:00+02:00,1885.5366251707437
2028-08-25 17:00:00+02:00,1907.055544874953
2028-08-25 18:00:00+02:00,2037.7723896705074
2028-08-25 19:00:00+02:00,2222.478004079497
2028-08-25 20:00:00+02:00,2230.699938355387
2028-08-25 21:00:00+02:00,1981.8101075288234
2028-08-25 22:00:00+02:00,1592.6820682139178
2028-08-25 23:00:00+02:00,1311.1380449249318
2028-08-26 00:00:00+02:00,1022.1578859656141
2028-08-26 01:00:00+02:00,947.6132220012573
2028-08-26 02:00:00+02:00,909.345476372693
2028-08-26 03:00:00+02:00,905.4458375062784
2028-08-26 04:00:00+02:00,930.2540764896511
2028-08-26 05:00:00+02:00,1060.0754924976193
2028-08-26 06:00:00+02:00,1250.573918252729
2028-08-26 07:00:00+02:00,1462.4707980553274
2028-08-26 08:00:00+02:00,1598.6676406071433
2028-08-26 09:00:00+02:00,1662.2913773440475
2028-08-26 10:00:00+02:00,1706.8588067337294
2028-08-26 11:00:00+02:00,1734.3633469269032
2028-08-26 12:00:00+02:00,1741.1137358046783
2028-08-26 13:00:00+02:00,1716.1560838920516
2028-08-26 14:00:00+02:00,1676.7559986777783
2028-08-26 15:00:00+02:00,1648.7245716784594
2028-08-26 16:00:00+02:00,1638.2836518736835
2028-08-26 17:00:00+02:00,1647.2239559066973
2028-08-26 18:00:00+02:00,1747.8537997808758
2028-08-26 19:00:00+02:00,1915.857802606324
2028-08-26 20:00:00+02:00,1955.2215460437972
2028-08-26 21:00:00+02:00,1775.0456476079974
2028-08-26 22:00:00+02:00,1441.2449781486025
2028-08-26 23:00:00+02:00,1169.7664051510988
2028-08-27 00:00:00+02:00,964.0822049422367
2028-08-27 01:00:00+02:00,898.4178831848194
2028-08-27 02:00:00+02:00,884.7855801144759
2028-08-27 03:00:00+02:00,890.6586199637256
2028-08-27 04:00:00+02:00,908.7694036235681
2028-08-27 05:00:00+02:00,1029.976005289997
2028-08-27 06:00:00+02:00,1230.9788596784663
2028-08-27 07:00:00+02:00,1467.3730353926849
2028-08-27 08:00:00+02:00,1613.42391333651
2028-08-27 09:00:00+02:00,1670.3429169415303
2028-08-27 10:00:00+02:00,1678.5946255352108
2028-08-27 11:00:00+02:00,1675.5898957026534
2028-08-27 12:00:00+02:00,1659.1196052322466
2028-08-27 13:00:00+02:00,1618.0635159048534
2028-08-27 14:00:00+02:00,1565.468737787501
2028-08-27 15:00:00+02:00,1523.240862402352
2028-08-27 16:00:00+02:00,1512.154309829993
2028-08-27 17:00:00+02:00,1539.9462446863643
2028-08-27 18:00:00+02:00,1663.320177825161
2028-08-27 19:00:00+02:00,1823.9117106838903
2028-08-27 20:00:00+02:00,1856.4228950822726
2028-08-27 21:00:00+02:00,1673.416008823275
2028-08-27 22:00:00+02:00,1358.0104171381863
2028-08-27 23:00:00+02:00,1106.2780449265906
2028-08-28 00:00:00+02:00,1174.0286247353959
2028-08-28 01:00:00+02:00,1089.1737579849562
2028-08-28 02:00:00+02:00,1045.2585823390834
2028-08-28 03:00:00+02:00,1014.6671355835783
2028-08-28 04:00:00+02:00,1033.7141671560637
2028-08-28 05:00:00+02:00,1154.9986566236078
2028-08-28 06:00:00+02:00,1375.12970499476
2028-08-28 07:00:00+02:00,1646.3710125833582
2028-08-28 08:00:00+02:00,1840.889706909144
2028-08-28 09:00:00+02:00,1937.3686908119678
2028-08-28 10:00:00+02:00,1950.4506241394831
2028-08-28 11:00:00+02:00,1926.5739574545646
2028-08-28 12:00:00+02:00,1893.1650274572619
2028-08-28 13:00:00+02:00,1866.5534024967394
2028-08-28 14:00:00+02:00,1853.3531020112825
2028-08-28 15:00:00+02:00,1848.2240368113394
2028-08-28 16:00:00+02:00,1861.9365511622866
2028-08-28 17:00:00+02:00,1908.7748856414655
2028-08-28 18:00:00+02:00,2071.0007899792195
2028-08-28 19:00:00+02:00,2256.8063916709543
2028-08-28 20:00:00+02:00,2269.3624105628587
2028-08-28 21:00:00+02:00,2026.083974901028
2028-08-28 22:00:00+02:00,1655.8575838453276
2028-08-28 23:00:00+02:00,1380.839793122638
2028-08-29 00:00:00+02:00,1214.5082129587677
2028-08-29 01:00:00+02:00,1114.257477611649
2028-08-29 02:00:00+02:00,1065.6224626221094
2028-08-29 03:00:00+02:00,1074.9382901027316
2028-08-29 04:00:00+02:00,1124.5587978176407
2028-08-29 05:00:00+02:00,1263.206281660428
2028-08-29 06:00:00+02:00,1471.4359616508966
2028-08-29 07:00:00+02:00,1698.689928163422
2028-08-29 08:00:00+02:00,1821.188873071105
2028-08-29 09:00:00+02:00,1858.6899565908539
2028-08-29 10:00:00+02:00,1874.1204521225586
2028-08-29 11:00:00+02:00,1894.9478501198807
2028-08-29 12:00:00+02:00,1895.5177881060197
2028-08-29 13:00:00+02:00,1868.4011935945114
2028-08-29 14:00:00+02:00,1853.2709840998843
2028-08-29 15:00:00+02:00,1859.2146204251605
2028-08-29 16:00:00+02:00,1887.5914884847014
2028-08-29 17:00:00+02:00,1916.0795735167019
2028-08-29 18:00:00+02:00,2063.510858901294
2028-08-29 19:00:00+02:00,2268.0111167469354
2028-08-29 20:00:00+02:00,2298.9102054952687
2028-08-29 21:00:00+02:00,2043.307773523696
2028-08-29 22:00:00+02:00,1631.2561730700138
2028-08-29 23:00:00+02:00,1349.7917779651082
2028-08-30 00:00:00+02:00,1206.3842835650935
2028-08-30 01:00:00+02:00,1126.8125320335832
2028-08-30 02:00:00+02:00,1078.18749842461
2028-08-30 03:00:00+02:00,1076.6841528219452
2028-08-30 04:00:00+02:00,1110.6001537635946
2028-08-30 05:00:00+02:00,1238.7190983611658
2028-08-30 06:00:00+02:00,1450.5069812368486
2028-08-30 07:00:00+02:00,1690.1872803856522
2028-08-30 08:00:00+02:00,1840.7712906188842
2028-08-30 09:00:00+02:00,1889.611162482858
2028-08-30 10:00:00+02:00,1905.294784178402
2028-08-30 11:00:00+02:00,1959.7447643577755
2028-08-30 12:00:00+02:00,1991.1509915828328
2028-08-30 13:00:00+02:00,1988.940506367846
2028-08-30 14:00:00+02:00,1947.1082109686743
2028-08-30 15:00:00+02:00,1923.6307017587508
2028-08-30 16:00:00+02:00,1920.5477814840237
2028-08-30 17:00:00+02:00,1921.6181710270662
2028-08-30 18:00:00+02:00,2038.1620713642444
2028-08-30 19:00:00+02:00,2195.65670537549
2028-08-30 20:00:00+02:00,2184.818096642128
2028-08-30 21:00:00+02:00,1903.7411404589106
2028-08-30 22:00:00+02:00,1510.383243053575
2028-08-30 23:00:00+02:00,1255.9376367289976
2028-08-31 00:00:00+02:00,1164.2345641282427
2028-08-31 01:00:00+02:00,1123.244955410771
2028-08-31 02:00:00+02:00,1109.8687337846645
2028-08-31 03:00:00+02:00,1122.1114415975703
2028-08-31 04:00:00+02:00,1169.3047798478333
2028-08-31 05:00:00+02:00,1285.0303025652888
2028-08-31 06:00:00+02:00,1481.2870716098023
2028-08-31 07:00:00+02:00,1699.3980871474075
2028-08-31 08:00:00+02:00,1836.8597332430793
2028-08-31 09:00:00+02:00,1873.412271194849
2028-08-31 10:00:00+02:00,1883.6044060533752
2028-08-31 11:00:00+02:00,1907.4151963535248
2028-08-31 12:00:00+02:00,1889.4770668042543
2028-08-31 13:00:00+02:00,1839.0422547511457
2028-08-31 14:00:00+02:00,1775.53902203838
2028-08-31 15:00:00+02:00,1773.881660616901
2028-08-31 16:00:00+02:00,1809.3045752837943
2028-08-31 17:00:00+02:00,1885.7366706021724
2028-08-31 18:00:00+02:00,2080.787240358333
2028-08-31 19:00:00+02:00,2279.1675748132525
2028-08-31 20:00:00+02:00,2292.0977771790417
2028-08-31 21:00:00+02:00,2012.7180942250009
2028-08-31 22:00:00+02:00,1637.1209796709195
2028-08-31 23:00:00+02:00,1365.4894216057558
2028-09-01 00:00:00+02:00,1194.426279505213
2028-09-01 01:00:00+02:00,1097.9490639264143
2028-09-01 02:00:00+02:00,1048.4717058286249
2028-09-01 03:00:00+02:00,1046.659445472728
2028-09-01 04:00:00+02:00,1097.326258641083
2028-09-01 05:00:00+02:00,1265.2407533003443
2028-09-01 06:00:00+02:00,1495.517118395578
2028-09-01 07:00:00+02:00,1722.0035737944709
2028-09-01 08:00:00+02:00,1848.2665877498894
2028-09-01 09:00:00+02:00,1899.1354645725369
2028-09-01 10:00:00+02:00,1921.4121905151612
2028-09-01 11:00:00+02:00,1916.1120708362619
2028-09-01 12:00:00+02:00,1894.2182290191192
2028-09-01 13:00:00+02:00,1861.0032942143496
2028-09-01 14:00:00+02:00,1842.558316260265
2028-09-01 15:00:00+02:00,1836.6610646736358
2028-09-01 16:00:00+02:00,1852.5080437694212
2028-09-01 17:00:00+02:00,1896.1854407671483
2028-09-01 18:00:00+02:00,2059.328419977354
2028-09-01 19:00:00+02:00,2227.7455038364947
2028-09-01 20:00:00+02:00,2221.1589507341664
2028-09-01 21:00:00+02:00,1960.3325277823283
2028-09-01 22:00:00+02:00,1591.8649923336156
2028-09-01 23:00:00+02:00,1318.4318315263065
2028-09-02 00:00:00+02:00,1004.6463651821987
2028-09-02 01:00:00+02:00,940.8803874473898
2028-09-02 02:00:00+02:00,923.5019235664174
2028-09-02 03:00:00+02:00,938.6369234369803
2028-09-02 04:00:00+02:00,967.9319360437339
2028-09-02 05:00:00+02:00,1083.2707575368338
2028-09-02 06:00:00+02:00,1246.1447171380937
2028-09-02 07:00:00+02:00,1434.4942947980046
2028-09-02 08:00:00+02:00,1542.8819205472207
2028-09-02 09:00:00+02:00,1594.5396047536383
2028-09-02 10:00:00+02:00,1614.152481733596
2028-09-02 11:00:00+02:00,1627.5666301820272
2028-09-02 12:00:00+02:00,1627.7304087509258
2028-09-02 13:00:00+02:00,1609.148770048297
2028-09-02 14:00:00+02:00,1574.429646217476
2028-09-02 15:00:00+02:00,1544.73183885219
2028-09-02 16:00:00+02:00,1539.0950129625194
2028-09-02 17:00:00+02:00,1588.3463742988129
2028-09-02 18:00:00+02:00,1739.9242523075782
2028-09-02 19:00:00+02:00,1903.3342543390775
2028-09-02 20:00:00+02:00,1908.3151074119633
2028-09-02 21:00:00+02:00,1694.4437582966684
2028-09-02 22:00:00+02:00,1397.4507957480619
2028-09-02 23:00:00+02:00,1179.5112680793259
2028-09-03 00:00:00+02:00,1019.0088325466872
2028-09-03 01:00:00+02:00,954.8476153276752
2028-09-03 02:00:00+02:00,915.4626268993627
2028-09-03 03:00:00+02:00,897.3022707326691
2028-09-03 04:00:00+02:00,903.9523804117156
2028-09-03 05:00:00+02:00,1007.7598270483976
2028-09-03 06:00:00+02:00,1177.4662242452737
2028-09-03 07:00:00+02:00,1382.5061204758206
2028-09-03 08:00:00+02:00,1493.6654278698045
2028-09-03 09:00:00+02:00,1526.9094100086431
2028-09-03 10:00:00+02:00,1504.895618176597
2028-09-03 11:00:00+02:00,1516.1384485708782
2028-09-03 12:00:00+02:00,1530.489851484509
2028-09-03 13:00:00+02:00,1530.1883409682223
2028-09-03 14:00:00+02:00,1499.7392725138345
2028-09-03 15:00:00+02:00,1469.1483970742765
2028-09-03 16:00:00+02:00,1478.91602599211
2028-09-03 17:00:00+02:00,1526.146712628109
2028-09-03 18:00:00+02:00,1695.3418971442595
2028-09-03 19:00:00+02:00,1850.2091527013426
2028-09-03 20:00:00+02:00,1856.9165320630384
2028-09-03 21:00:00+02:00,1635.602172178304
2028-09-03 22:00:00+02:00,1328.5818938042082
2028-09-03 23:00:00+02:00,1093.854216907579
2028-09-04 00:00:00+02:00,1154.774579386989
2028-09-04 01:00:00+02:00,1080.8199133768312
2028-09-04 02:00:00+02:00,1051.633896430098
2028-09-04 03:00:00+02:00,1049.2123439459456
2028-09-04 04:00:00+02:00,1085.4870047185898
2028-09-04 05:00:00+02:00,1221.325031729578
2028-09-04 06:00:00+02:00,1440.181317819973
2028-09-04 07:00:00+02:00,1679.9189421720162
2028-09-04 08:00:00+02:00,1827.9513436548245
2028-09-04 09:00:00+02:00,1878.744912207184
2028-09-04 10:00:00+02:00,1864.7069543121622
2028-09-04 11:00:00+02:00,1847.80875614424
2028-09-04 12:00:00+02:00,1798.2045171113998
2028-09-04 13:00:00+02:00,1755.2517177849468
2028-09-04 14:00:00+02:00,1707.3750416882278
2028-09-04 15:00:00+02:00,1695.9185942892966
2028-09-04 16:00:00+02:00,1711.0287413890906
2028-09-04 17:00:00+02:00,1791.462301099915
2028-09-04 18:00:00+02:00,2019.8588083067407
2028-09-04 19:00:00+02:00,2214.7873521389506
2028-09-04 20:00:00+02:00,2209.0979683232545
2028-09-04 21:00:00+02:00,1922.469364285915
2028-09-04 22:00:00+02:00,1581.2498281969106
2028-09-04 23:00:00+02:00,1346.59085274822
2028-09-05 00:00:00+02:00,1231.8940484453494
2028-09-05 01:00:00+02:00,1152.5704748693724
2028-09-05 02:00:00+02:00,1093.5677044384975
2028-09-05 03:00:00+02:00,1073.2991244328093
2028-09-05 04:00:00+02:00,1100.8658516481526
2028-09-05 05:00:00+02:00,1248.3836174804717
2028-09-05 06:00:00+02:00,1492.3881407558254
2028-09-05 07:00:00+02:00,1761.8738720020408
2028-09-05 08:00:00+02:00,1917.3338745359342
2028-09-05 09:00:00+02:00,1919.5569808899224
2028-09-05 10:00:00+02:00,1850.8662831042384
2028-09-05 11:00:00+02:00,1795.7260357655284
2028-09-05 12:00:00+02:00,1769.8393989691122
2028-09-05 13:00:00+02:00,1739.1309939541202
2028-09-05 14:00:00+02:00,1703.0970987486805
2028-09-05 15:00:00+02:00,1693.9309917691396
2028-09-05 16:00:00+02:00,1729.1648137977306
2028-09-05 17:00:00+02:00,1807.6006391932558
2028-09-05 18:00:00+02:00,2017.968927210227
2028-09-05 19:00:00+02:00,2183.181036359638
2028-09-05 20:00:00+02:00,2182.920340346111
2028-09-05 21:00:00+02:00,1916.2832767052928
2028-09-05 22:00:00+02:00,1592.5437621817043
2028-09-05 23:00:00+02:00,1335.182615718707
2028-09-06 00:00:00+02:00,1167.9772756151472
2028-09-06 01:00:00+02:00,1076.9382045479092
2028-09-06 02:00:00+02:00,1039.656461225492
2028-09-06 03:00:00+02:00,1030.433916938557
2028-09-06 04:00:00+02:00,1080.431656285821
2028-09-06 05:00:00+02:00,1239.2655946567595
2028-09-06 06:00:00+02:00,1487.5687678936401
2028-09-06 07:00:00+02:00,1735.701033744692
2028-09-06 08:00:00+02:00,1871.4945898083347
2028-09-06 09:00:00+02:00,1882.91726322133
2028-09-06 10:00:00+02:00,1859.2022423729732
2028-09-06 11:00:00+02:00,1836.3589813804192
2028-09-06 12:00:00+02:00,1811.9159374568321
2028-09-06 13:00:00+02:00,1770.3680339429638
2028-09-06 14:00:00+02:00,1740.3686622096204
2028-09-06 15:00:00+02:00,1718.3944300268918
2028-09-06 16:00:00+02:00,1740.6744119932555
2028-09-06 17:00:00+02:00,1801.6227740776246
2028-09-06 18:00:00+02:00,2027.0772350287543
2028-09-06 19:00:00+02:00,2217.5328371964947
2028-09-06 20:00:00+02:00,2217.637896949092
2028-09-06 21:00:00+02:00,1940.2795897108444
2028-09-06 22:00:00+02:00,1587.6469426381752
2028-09-06 23:00:00+02:00,1331.345987050463
2028-09-07 00:00:00+02:00,1196.5012946344511
2028-09-07 01:00:00+02:00,1105.2515105011819
2028-09-07 02:00:00+02:00,1075.7040022485196
2028-09-07 03:00:00+02:00,1084.6892229703606
2028-09-07 04:00:00+02:00,1134.0454675158146
2028-09-07 05:00:00+02:00,1271.9209454794745
2028-09-07 06:00:00+02:00,1469.595158205883
2028-09-07 07:00:00+02:00,1677.6375731897026
2028-09-07 08:00:00+02:00,1770.651017365819
2028-09-07 09:00:00+02:00,1773.984446511613
2028-09-07 10:00:00+02:00,1738.4934278864887
2028-09-07 11:00:00+02:00,1711.509883972383
2028-09-07 12:00:00+02:00,1691.8110867931443
2028-09-07 13:00:00+02:00,1684.6504194498928
2028-09-07 14:00:00+02:00,1676.344128415155
2028-09-07 15:00:00+02:00,1692.3025530184245
2028-09-07 16:00:00+02:00,1722.3991095356
2028-09-07 17:00:00+02:00,1818.185119366667
2028-09-07 18:00:00+02:00,2057.2295621255776
2028-09-07 19:00:00+02:00,2276.3718839618223
2028-09-07 20:00:00+02:00,2313.442317049842
2028-09-07 21:00:00+02:00,2050.346711289281
2028-09-07 22:00:00+02:00,1710.9579601694893
2028-09-07 23:00:00+02:00,1433.6249313548092
2028-09-08 00:00:00+02:00,1269.070738801466
2028-09-08 01:00:00+02:00,1179.347623606818
2028-09-08 02:00:00+02:00,1146.5937924469556
2028-09-08 03:00:00+02:00,1133.536449913542
2028-09-08 04:00:00+02:00,1140.1417838794716
2028-09-08 05:00:00+02:00,1245.1697868997378
2028-09-08 06:00:00+02:00,1440.7735898271928
2028-09-08 07:00:00+02:00,1680.6316650429108
2028-09-08 08:00:00+02:00,1815.3642501190461
2028-09-08 09:00:00+02:00,1845.064489030104
2028-09-08 10:00:00+02:00,1818.6553016851792
2028-09-08 11:00:00+02:00,1811.954768385347
2028-09-08 12:00:00+02:00,1805.8331281712508
2028-09-08 13:00:00+02:00,1785.8979328933913
2028-09-08 14:00:00+02:00,1752.683642949112
2028-09-08 15:00:00+02:00,1739.030345481689
2028-09-08 16:00:00+02:00,1745.5174443804342
2028-09-08 17:00:00+02:00,1792.3641375126565
2028-09-08 18:00:00+02:00,1968.8334984818262
2028-09-08 19:00:00+02:00,2118.304588935241
2028-09-08 20:00:00+02:00,2115.1588581285946
2028-09-08 21:00:00+02:00,1860.9578855592395
2028-09-08 22:00:00+02:00,1544.626809315927
2028-09-08 23:00:00+02:00,1298.6852331989453
2028-09-09 00:00:00+02:00,982.6347439035799
2028-09-09 01:00:00+02:00,921.416453560765
2028-09-09 02:00:00+02:00,898.2892285464293
2028-09-09 03:00:00+02:00,893.4790564600119
2028-09-09 04:00:00+02:00,929.1105602054793
2028-09-09 05:00:00+02:00,1062.4029959836807
2028-09-09 06:00:00+02:00,1267.25593325379
2028-09-09 07:00:00+02:00,1466.6653115311594
2028-09-09 08:00:00+02:00,1576.8008122073857
2028-09-09 09:00:00+02:00,1600.6171538897336
2028-09-09 10:00:00+02:00,1582.9546257300178
2028-09-09 11:00:00+02:00,1555.136240759662
2028-09-09 12:00:00+02:00,1525.1083816828998
2028-09-09 13:00:00+02:00,1493.808352825511
2028-09-09 14:00:00+02:00,1467.116911601799
2028-09-09 15:00:00+02:00,1461.402635827062
2028-09-09 16:00:00+02:00,1492.7644666307378
2028-09-09 17:00:00+02:00,1562.367580156804
2028-09-09 18:00:00+02:00,1733.648353226345
2028-09-09 19:00:00+02:00,1868.6259823922808
2028-09-09 20:00:00+02:00,1870.9065675042339
2028-09-09 21:00:00+02:00,1613.5297263579762
2028-09-09 22:00:00+02:00,1301.2063386737555
2028-09-09 23:00:00+02:00,1057.4659265478501
2028-09-10 00:00:00+02:00,924.0811647536042
2028-09-10 01:00:00+02:00,885.376664251986
2028-09-10 02:00:00+02:00,866.9510997929381
2028-09-10 03:00:00+02:00,878.9611788851221
2028-09-10 04:00:00+02:00,914.8024453793779
2028-09-10 05:00:00+02:00,1037.6690840235801
2028-09-10 06:00:00+02:00,1197.6733358812573
2028-09-10 07:00:00+02:00,1389.3671375421272
2028-09-10 08:00:00+02:00,1503.0064730709237
2028-09-10 09:00:00+02:00,1551.276863909223
2028-09-10 10:00:00+02:00,1541.7409835661595
2028-09-10 11:00:00+02:00,1519.9818090262133
2028-09-10 12:00:00+02:00,1487.9139289481766
2028-09-10 13:00:00+02:00,1434.7280006042665
2028-09-10 14:00:00+02:00,1396.9876427023485
2028-09-10 15:00:00+02:00,1377.8521979588659
2028-09-10 16:00:00+02:00,1393.2911742627953
2028-09-10 17:00:00+02:00,1441.2373504551726
2028-09-10 18:00:00+02:00,1622.7872733600236
2028-09-10 19:00:00+02:00,1762.394099582609
2028-09-10 20:00:00+02:00,1773.3282726090963
2028-09-10 21:00:00+02:00,1534.7147005444526
2028-09-10 22:00:00+02:00,1275.6416234569847
2028-09-10 23:00:00+02:00,1063.2435468793785
2028-09-11 00:00:00+02:00,1146.330539166561
2028-09-11 01:00:00+02:00,1070.4424558494275
2028-09-11 02:00:00+02:00,1051.5370740356416
2028-09-11 03:00:00+02:00,1057.554855350882
2028-09-11 04:00:00+02:00,1117.4000741646623
2028-09-11 05:00:00+02:00,1246.2181714500546
2028-09-11 06:00:00+02:00,1435.9007621711175
2028-09-11 07:00:00+02:00,1622.8613644623588
2028-09-11 08:00:00+02:00,1729.439182329682
2028-09-11 09:00:00+02:00,1748.8948687789823
2028-09-11 10:00:00+02:00,1729.3374964237519
2028-09-11 11:00:00+02:00,1718.8721200958112
2028-09-11 12:00:00+02:00,1694.5762215221673
2028-09-11 13:00:00+02:00,1685.8321536532146
2028-09-11 14:00:00+02:00,1674.9146465576316
2028-09-11 15:00:00+02:00,1684.716710069701
2028-09-11 16:00:00+02:00,1717.4793047832804
2028-09-11 17:00:00+02:00,1779.0737770128078
2028-09-11 18:00:00+02:00,1998.363103941482
2028-09-11 19:00:00+02:00,2135.7674444273393
2028-09-11 20:00:00+02:00,2122.511686656346
2028-09-11 21:00:00+02:00,1818.4620365528895
2028-09-11 22:00:00+02:00,1484.140692516491
2028-09-11 23:00:00+02:00,1241.4119660850388
2028-09-12 00:00:00+02:00,1106.9437475419252
2028-09-12 01:00:00+02:00,1048.1871137672101
2028-09-12 02:00:00+02:00,1027.2700060507696
2028-09-12 03:00:00+02:00,1071.2210753944748
2028-09-12 04:00:00+02:00,1147.3874296118029
2028-09-12 05:00:00+02:00,1315.5839253429099
2028-09-12 06:00:00+02:00,1522.324786033589
2028-09-12 07:00:00+02:00,1726.1030873350742
2028-09-12 08:00:00+02:00,1813.958882595774
2028-09-12 09:00:00+02:00,1799.562563970729
2028-09-12 10:00:00+02:00,1740.1279792218945
2028-09-12 11:00:00+02:00,1693.4072646093168
2028-09-12 12:00:00+02:00,1664.6447760536294
2028-09-12 13:00:00+02:00,1624.4058007500591
2028-09-12 14:00:00+02:00,1585.9875200317397
2028-09-12 15:00:00+02:00,1564.1221705994137
2028-09-12 16:00:00+02:00,1613.0686045910734
2028-09-12 17:00:00+02:00,1722.371453439608
2028-09-12 18:00:00+02:00,1998.2259972694349
2028-09-12 19:00:00+02:00,2219.2172546102083
2028-09-12 20:00:00+02:00,2231.9944613180805
2028-09-12 21:00:00+02:00,1929.7306687305525
2028-09-12 22:00:00+02:00,1585.6183745726155
2028-09-12 23:00:00+02:00,1334.4974189200009
2028-09-13 00:00:00+02:00,1213.0008647508032
2028-09-13 01:00:00+02:00,1112.7748133933567
2028-09-13 02:00:00+02:00,1069.3138774395647
2028-09-13 03:00:00+02:00,1077.2377359628513
2028-09-13 04:00:00+02:00,1142.6858104126022
2028-09-13 05:00:00+02:00,1297.6145338581046
2028-09-13 06:00:00+02:00,1473.4520663399844
2028-09-13 07:00:00+02:00,1629.3709313271884
2028-09-13 08:00:00+02:00,1693.1549573413483
2028-09-13 09:00:00+02:00,1692.1847980320397
2028-09-13 10:00:00+02:00,1683.255191223605
2028-09-13 11:00:00+02:00,1691.2812540841694
2028-09-13 12:00:00+02:00,1695.2897033911672
2028-09-13 13:00:00+02:00,1672.7845088423571
2028-09-13 14:00:00+02:00,1641.575268893266
2028-09-13 15:00:00+02:00,1643.8438448571112
2028-09-13 16:00:00+02:00,1687.5830965807122
2028-09-13 17:00:00+02:00,1782.2299133857755
2028-09-13 18:00:00+02:00,2037.7393499770806
2028-09-13 19:00:00+02:00,2230.505254672695
2028-09-13 20:00:00+02:00,2220.0211679565814
2028-09-13 21:00:00+02:00,1905.393687242677
2028-09-13 22:00:00+02:00,1538.8696627207303
2028-09-13 23:00:00+02:00,1273.048942817042
2028-09-14 00:00:00+02:00,1121.060522036727
2028-09-14 01:00:00+02:00,1052.304397102479
2028-09-14 02:00:00+02:00,1015.3939664583687
2028-09-14 03:00:00+02:00,1009.7185276755333
2028-09-14 04:00:00+02:00,1053.3227258225888
2028-09-14 05:00:00+02:00,1221.5053477849292
2028-09-14 06:00:00+02:00,1455.6567323920297
2028-09-14 07:00:00+02:00,1688.544331472731
2028-09-14 08:00:00+02:00,1797.5787949190974
2028-09-14 09:00:00+02:00,1817.2966415712692
2028-09-14 10:00:00+02:00,1768.4966402783778
2028-09-14 11:00:00+02:00,1735.596125610135
2028-09-14 12:00:00+02:00,1699.8983031065495
2028-09-14 13:00:00+02:00,1675.1346302279244
2028-09-14 14:00:00+02:00,1653.4588483101727
2028-09-14 15:00:00+02:00,1664.5830425897896
2028-09-14 16:00:00+02:00,1723.2749114303908
2028-09-14 17:00:00+02:00,1857.7532243669184
2028-09-14 18:00:00+02:00,2104.1941284429417
2028-09-14 19:00:00+02:00,2252.6707784633754
2028-09-14 20:00:00+02:00,2188.9677699260965
2028-09-14 21:00:00+02:00,1854.4887269550259
2028-09-14 22:00:00+02:00,1495.1376348979586
2028-09-14 23:00:00+02:00,1194.5924981714647
2028-09-15 00:00:00+02:00,1007.6815221884485
2028-09-15 01:00:00+02:00,911.9283082740242
2028-09-15 02:00:00+02:00,895.1304123998401
2028-09-15 03:00:00+02:00,920.7199509312185
2028-09-15 04:00:00+02:00,1008.4242096762242
2028-09-15 05:00:00+02:00,1222.1296369763736
2028-09-15 06:00:00+02:00,1474.4698227674462
2028-09-15 07:00:00+02:00,1715.3685994517195
2028-09-15 08:00:00+02:00,1800.733526877531
2028-09-15 09:00:00+02:00,1812.7905927190507
2028-09-15 10:00:00+02:00,1783.0901759717822
2028-09-15 11:00:00+02:00,1770.4438348596461
2028-09-15 12:00:00+02:00,1765.210077418911
2028-09-15 13:00:00+02:00,1748.1884208304857
2028-09-15 14:00:00+02:00,1729.9874917385146
2028-09-15 15:00:00+02:00,1713.181656152591
2028-09-15 16:00:00+02:00,1758.9815910227494
2028-09-15 17:00:00+02:00,1867.617319902777
2028-09-15 18:00:00+02:00,2112.4710445734604
2028-09-15 19:00:00+02:00,2239.2542414142117
2028-09-15 20:00:00+02:00,2174.0126502213907
2028-09-15 21:00:00+02:00,1839.2779661515472
2028-09-15 22:00:00+02:00,1490.4395824169396
2028-09-15 23:00:00+02:00,1217.0215324333235
2028-09-16 00:00:00+02:00,912.7256333107916
2028-09-16 01:00:00+02:00,832.0085419572382
2028-09-16 02:00:00+02:00,805.0784610789581
2028-09-16 03:00:00+02:00,820.648171766876
2028-09-16 04:00:00+02:00,872.9350632199004
2028-09-16 05:00:00+02:00,1023.9284601420819
2028-09-16 06:00:00+02:00,1211.3288686923613
2028-09-16 07:00:00+02:00,1400.36732423564
2028-09-16 08:00:00+02:00,1474.2697281205574
2028-09-16 09:00:00+02:00,1486.7927998488358
2028-09-16 10:00:00+02:00,1488.8077196133067
2028-09-16 11:00:00+02:00,1507.4611913889012
2028-09-16 12:00:00+02:00,1506.0274295955517
2028-09-16 13:00:00+02:00,1473.1888039693274
2028-09-16 14:00:00+02:00,1437.951050773166
2028-09-16 15:00:00+02:00,1426.3146325867772
2028-09-16 16:00:00+02:00,1458.299344621162
2028-09-16 17:00:00+02:00,1540.0470352235716
2028-09-16 18:00:00+02:00,1749.8839442988053
2028-09-16 19:00:00+02:00,1867.6275385918273
2028-09-16 20:00:00+02:00,1834.6502127678639
2028-09-16 21:00:00+02:00,1560.2942915748915
2028-09-16 22:00:00+02:00,1271.4325513887254
2028-09-16 23:00:00+02:00,1041.9657261257528
2028-09-17 00:00:00+02:00,836.2965598854853
2028-09-17 01:00:00+02:00,765.9463433042055
2028-09-17 02:00:00+02:00,735.244622274215
2028-09-17 03:00:00+02:00,755.745561933786
2028-09-17 04:00:00+02:00,825.7630986076215
2028-09-17 05:00:00+02:00,998.6171250985477
2028-09-17 06:00:00+02:00,1191.6080687005888
2028-09-17 07:00:00+02:00,1357.7251645035694
2028-09-17 08:00:00+02:00,1412.8430115942786
2028-09-17 09:00:00+02:00,1418.06397264791
2028-09-17 10:00:00+02:00,1403.051677304526
2028-09-17 11:00:00+02:00,1400.3108079459034
2028-09-17 12:00:00+02:00,1385.1950787464327
2028-09-17 13:00:00+02:00,1372.6388328924252
2028-09-17 14:00:00+02:00,1361.4817146159423
2028-09-17 15:00:00+02:00,1383.0689839871775
2028-09-17 16:00:00+02:00,1425.1171412493445
2028-09-17 17:00:00+02:00,1503.988929451128
2028-09-17 18:00:00+02:00,1713.0020693882077
2028-09-17 19:00:00+02:00,1837.7719803747862
2028-09-17 20:00:00+02:00,1809.0722629584677
2028-09-17 21:00:00+02:00,1528.5769437923245
2028-09-17 22:00:00+02:00,1227.0411756644924
2028-09-17 23:00:00+02:00,987.4572078664705
2028-09-18 00:00:00+02:00,1053.2910626188634
2028-09-18 01:00:00+02:00,953.7051101523133
2028-09-18 02:00:00+02:00,917.4297705805122
2028-09-18 03:00:00+02:00,911.7245793966104
2028-09-18 04:00:00+02:00,980.3526652695955
2028-09-18 05:00:00+02:00,1145.029285692158
2028-09-18 06:00:00+02:00,1356.2239024859912
2028-09-18 07:00:00+02:00,1569.3477109887713
2028-09-18 08:00:00+02:00,1665.5823180472503
2028-09-18 09:00:00+02:00,1693.6715785681577
2028-09-18 10:00:00+02:00,1690.884703059405
2028-09-18 11:00:00+02:00,1718.3772960143874
2028-09-18 12:00:00+02:00,1740.6295073426488
2028-09-18 13:00:00+02:00,1739.7340162538437
2028-09-18 14:00:00+02:00,1723.7668599210629
2028-09-18 15:00:00+02:00,1709.7351395510102
2028-09-18 16:00:00+02:00,1724.0988847662588
2028-09-18 17:00:00+02:00,1812.4870366518405
2028-09-18 18:00:00+02:00,2089.096054225119
2028-09-18 19:00:00+02:00,2259.852334947235
2028-09-18 20:00:00+02:00,2196.974946727895
2028-09-18 21:00:00+02:00,1812.9450544994734
2028-09-18 22:00:00+02:00,1411.2343606592199
2028-09-18 23:00:00+02:00,1129.6878470767635
2028-09-19 00:00:00+02:00,994.0575762620308
2028-09-19 01:00:00+02:00,930.0466221931663
2028-09-19 02:00:00+02:00,916.6222139502254
2028-09-19 03:00:00+02:00,940.0172958126443
2028-09-19 04:00:00+02:00,1036.5558984962704
2028-09-19 05:00:00+02:00,1247.5526065623806
2028-09-19 06:00:00+02:00,1485.2521224884952
2028-09-19 07:00:00+02:00,1709.6392851644846
2028-09-19 08:00:00+02:00,1804.8843769500247
2028-09-19 09:00:00+02:00,1820.047573780074
2028-09-19 10:00:00+02:00,1793.8842910092583
2028-09-19 11:00:00+02:00,1760.668272005565
2028-09-19 12:00:00+02:00,1724.6693237454713
2028-09-19 13:00:00+02:00,1675.2424519469034
2028-09-19 14:00:00+02:00,1645.9267825828676
2028-09-19 15:00:00+02:00,1644.4906691035465
2028-09-19 16:00:00+02:00,1672.0427034109805
2028-09-19 17:00:00+02:00,1771.2197838237694
2028-09-19 18:00:00+02:00,1996.645964931742
2028-09-19 19:00:00+02:00,2148.2893355973024
2028-09-19 20:00:00+02:00,2105.146800642068
2028-09-19 21:00:00+02:00,1802.2794789293462
2028-09-19 22:00:00+02:00,1493.8713669525353
2028-09-19 23:00:00+02:00,1244.2047084675255
2028-09-20 00:00:00+02:00,1090.5766569337954
2028-09-20 01:00:00+02:00,1006.2892249364489
2028-09-20 02:00:00+02:00,971.1911267886929
2028-09-20 03:00:00+02:00,983.0986243055418
2028-09-20 04:00:00+02:00,1055.6099872770558
2028-09-20 05:00:00+02:00,1253.020555594003
2028-09-20 06:00:00+02:00,1466.9191445420943
2028-09-20 07:00:00+02:00,1655.5751009402625
2028-09-20 08:00:00+02:00,1712.721870548605
2028-09-20 09:00:00+02:00,1692.9227652682725
2028-09-20 10:00:00+02:00,1642.847770600864
2028-09-20 11:00:00+02:00,1620.9731167992927
2028-09-20 12:00:00+02:00,1617.1291722495982
2028-09-20 13:00:00+02:00,1602.9358985431327
2028-09-20 14:00:00+02:00,1589.4858184846191
2028-09-20 15:00:00+02:00,1614.5832256867234
2028-09-20 16:00:00+02:00,1698.7747709049709
2028-09-20 17:00:00+02:00,1868.5651369098937
2028-09-20 18:00:00+02:00,2161.244413976166
2028-09-20 19:00:00+02:00,2329.9616903653728
2028-09-20 20:00:00+02:00,2234.7132849601153
2028-09-20 21:00:00+02:00,1846.8861910491928
2028-09-20 22:00:00+02:00,1453.4470242574955
2028-09-20 23:00:00+02:00,1183.8393681044101
2028-09-21 00:00:00+02:00,1063.7706012347955
2028-09-21 01:00:00+02:00,995.4270793175116
2028-09-21 02:00:00+02:00,966.631949557625
2028-09-21 03:00:00+02:00,979.0209398386042
2028-09-21 04:00:00+02:00,1048.896587703048
2028-09-21 05:00:00+02:00,1236.9320750932745
2028-09-21 06:00:00+02:00,1457.0712669312522
2028-09-21 07:00:00+02:00,1667.8987698056544
2028-09-21 08:00:00+02:00,1746.5899185539147
2028-09-21 09:00:00+02:00,1751.4064887545635
2028-09-21 10:00:00+02:00,1698.3579097798738
2028-09-21 11:00:00+02:00,1652.0570149942641
2028-09-21 12:00:00+02:00,1613.5762105674376
2028-09-21 13:00:00+02:00,1579.9534495602281
2028-09-21 14:00:00+02:00,1582.9634786075587
2028-09-21 15:00:00+02:00,1615.2894666699651
2028-09-21 16:00:00+02:00,1702.623932406129
2028-09-21 17:00:00+02:00,1858.99436081647
2028-09-21 18:00:00+02:00,2110.723233635565
2028-09-21 19:00:00+02:00,2245.8762601954645
2028-09-21 20:00:00+02:00,2160.2225385791808
2028-09-21 21:00:00+02:00,1837.0426105493045
2028-09-21 22:00:00+02:00,1518.1467169625066
2028-09-21 23:00:00+02:00,1267.2724039564932
2028-09-22 00:00:00+02:00,1084.857792934745
2028-09-22 01:00:00+02:00,981.7587590187286
2028-09-22 02:00:00+02:00,930.5247558950075
2028-09-22 03:00:00+02:00,930.77419491729
2028-09-22 04:00:00+02:00,986.0820847101816
2028-09-22 05:00:00+02:00,1182.753731459899
2028-09-22 06:00:00+02:00,1466.5293363111748
2028-09-22 07:00:00+02:00,1739.257048012407
2028-09-22 08:00:00+02:00,1869.383276511007
2028-09-22 09:00:00+02:00,1867.1443369483725
2028-09-22 10:00:00+02:00,1821.1133673380739
2028-09-22 11:00:00+02:00,1763.6811266687157
2028-09-22 12:00:00+02:00,1715.1256957182281
2028-09-22 13:00:00+02:00,1657.8231703466822
2028-09-22 14:00:00+02:00,1611.2269920544547
2028-09-22 15:00:00+02:00,1586.2770826875064
2028-09-22 16:00:00+02:00,1617.8520163981586
2028-09-22 17:00:00+02:00,1757.050826863333
2028-09-22 18:00:00+02:00,2036.2067626143348
2028-09-22 19:00:00+02:00,2198.213383088968
2028-09-22 20:00:00+02:00,2108.902492529377
2028-09-22 21:00:00+02:00,1745.854891214543
2028-09-22 22:00:00+02:00,1400.7027485721421
2028-09-22 23:00:00+02:00,1137.427506500604
2028-09-23 00:00:00+02:00,857.4575281977662
2028-09-23 01:00:00+02:00,789.1275083684445
2028-09-23 02:00:00+02:00,770.6191481123625
2028-09-23 03:00:00+02:00,770.7322573729053
2028-09-23 04:00:00+02:00,833.9019216366562
2028-09-23 05:00:00+02:00,1016.8848702404463
2028-09-23 06:00:00+02:00,1249.9921648580892
2028-09-23 07:00:00+02:00,1468.1322302713083
2028-09-23 08:00:00+02:00,1568.6282767448272
2028-09-23 09:00:00+02:00,1554.0778701370011
2028-09-23 10:00:00+02:00,1476.9677404729357
2028-09-23 11:00:00+02:00,1420.5538824047312
2028-09-23 12:00:00+02:00,1403.718182695254
2028-09-23 13:00:00+02:00,1396.766002019626
2028-09-23 14:00:00+02:00,1368.474194363965
2028-09-23 15:00:00+02:00,1345.750865220856
2028-09-23 16:00:00+02:00,1375.2289318981523
2028-09-23 17:00:00+02:00,1518.6403915607996
2028-09-23 18:00:00+02:00,1774.029441446587
2028-09-23 19:00:00+02:00,1923.052000694814
2028-09-23 20:00:00+02:00,1846.7903793442508
2028-09-23 21:00:00+02:00,1522.0301436348072
2028-09-23 22:00:00+02:00,1202.200891833927
2028-09-23 23:00:00+02:00,977.1402571549058
2028-09-24 00:00:00+02:00,837.0148548281377
2028-09-24 01:00:00+02:00,787.594253599615
2028-09-24 02:00:00+02:00,758.6027452571093
2028-09-24 03:00:00+02:00,761.2174609665999
2028-09-24 04:00:00+02:00,802.4230748811623
2028-09-24 05:00:00+02:00,961.0068664282979
2028-09-24 06:00:00+02:00,1167.9990753098648
2028-09-24 07:00:00+02:00,1369.1621015139467
2028-09-24 08:00:00+02:00,1455.1729457447973
2028-09-24 09:00:00+02:00,1465.725073848036
2028-09-24 10:00:00+02:00,1437.2935040737902
2028-09-24 11:00:00+02:00,1405.7411837373418
2028-09-24 12:00:00+02:00,1377.6557472036636
2028-09-24 13:00:00+02:00,1354.503471493618
2028-09-24 14:00:00+02:00,1328.845100473248
2028-09-24 15:00:00+02:00,1314.7235390228657
2028-09-24 16:00:00+02:00,1351.684686071392
2028-09-24 17:00:00+02:00,1483.010756674719
2028-09-24 18:00:00+02:00,1702.6732851620227
2028-09-24 19:00:00+02:00,1814.0013279826014
2028-09-24 20:00:00+02:00,1722.350076879712
2028-09-24 21:00:00+02:00,1418.9253466102405
2028-09-24 22:00:00+02:00,1120.5488622456762
2028-09-24 23:00:00+02:00,922.1580400724017
2028-09-25 00:00:00+02:00,1000.4709184316616
2028-09-25 01:00:00+02:00,955.458771098448
2028-09-25 02:00:00+02:00,923.6028925396164
2028-09-25 03:00:00+02:00,931.0449809573845
2028-09-25 04:00:00+02:00,1000.1755045123316
2028-09-25 05:00:00+02:00,1187.6325279178313
2028-09-25 06:00:00+02:00,1440.4424667309308
2028-09-25 07:00:00+02:00,1677.5217430376463
2028-09-25 08:00:00+02:00,1800.463786109142
2028-09-25 09:00:00+02:00,1803.3132369072314
2028-09-25 10:00:00+02:00,1753.8717120661909
2028-09-25 11:00:00+02:00,1710.8719581949538
2028-09-25 12:00:00+02:00,1686.5294208656783
2028-09-25 13:00:00+02:00,1653.9846645548234
2028-09-25 14:00:00+02:00,1596.7096064122543
2028-09-25 15:00:00+02:00,1566.037059330541
2028-09-25 16:00:00+02:00,1616.0266405256448
2028-09-25 17:00:00+02:00,1791.2382142796978
2028-09-25 18:00:00+02:00,2081.3210789057803
2028-09-25 19:00:00+02:00,2200.3891203888675
2028-09-25 20:00:00+02:00,2081.2840172492106
2028-09-25 21:00:00+02:00,1718.2157799323104
2028-09-25 22:00:00+02:00,1406.599990887962
2028-09-25 23:00:00+02:00,1168.5095634948289
2028-09-26 00:00:00+02:00,1065.574803334706
2028-09-26 01:00:00+02:00,982.2808000776645
2028-09-26 02:00:00+02:00,955.569995134967
2028-09-26 03:00:00+02:00,959.1825366394648
2028-09-26 04:00:00+02:00,1011.0760700478771
2028-09-26 05:00:00+02:00,1187.4130448883977
2028-09-26 06:00:00+02:00,1402.0206137900975
2028-09-26 07:00:00+02:00,1617.1133027345688
2028-09-26 08:00:00+02:00,1713.9507277646478
2028-09-26 09:00:00+02:00,1756.4927075256373
2028-09-26 10:00:00+02:00,1741.2042974530227
2028-09-26 11:00:00+02:00,1727.353216909173
2028-09-26 12:00:00+02:00,1686.0429142349167
2028-09-26 13:00:00+02:00,1660.0566496032807
2028-09-26 14:00:00+02:00,1628.9302364752841
2028-09-26 15:00:00+02:00,1622.3664004040918
2028-09-26 16:00:00+02:00,1660.8292171002192
2028-09-26 17:00:00+02:00,1818.284360463558
2028-09-26 18:00:00+02:00,2110.9014830122437
2028-09-26 19:00:00+02:00,2259.1229693515975
2028-09-26 20:00:00+02:00,2159.569414272164
2028-09-26 21:00:00+02:00,1812.4832545386057
2028-09-26 22:00:00+02:00,1473.286298439985
2028-09-26 23:00:00+02:00,1219.3925494119549
2028-09-27 00:00:00+02:00,1100.8428181385643
2028-09-27 01:00:00+02:00,1045.9821789540983
2028-09-27 02:00:00+02:00,1050.6061608624925
2028-09-27 03:00:00+02:00,1052.9291366254965
2028-09-27 04:00:00+02:00,1122.4911580583387
2028-09-27 05:00:00+02:00,1303.9710815281396
2028-09-27 06:00:00+02:00,1533.2824832705576
2028-09-27 07:00:00+02:00,1733.4254042529717
2028-09-27 08:00:00+02:00,1775.8117318468817
2028-09-27 09:00:00+02:00,1716.4488489998478
2028-09-27 10:00:00+02:00,1637.0626549318256
2028-09-27 11:00:00+02:00,1584.8351035346943
2028-09-27 12:00:00+02:00,1560.9791206713794
2028-09-27 13:00:00+02:00,1525.5858766212225
2028-09-27 14:00:00+02:00,1479.3637372952808
2028-09-27 15:00:00+02:00,1472.0826230844525
2028-09-27 16:00:00+02:00,1564.7945565356588
2028-09-27 17:00:00+02:00,1803.4389967404295
2028-09-27 18:00:00+02:00,2138.4085089227174
2028-09-27 19:00:00+02:00,2316.8806221338077
2028-09-27 20:00:00+02:00,2225.209157716609
2028-09-27 21:00:00+02:00,1871.1347621066682
2028-09-27 22:00:00+02:00,1509.5690171998865
2028-09-27 23:00:00+02:00,1249.5944157767522
2028-09-28 00:00:00+02:00,1104.7557389894557
2028-09-28 01:00:00+02:00,1063.134612397886
2028-09-28 02:00:00+02:00,1057.1456529343336
2028-09-28 03:00:00+02:00,1085.1038548786596
2028-09-28 04:00:00+02:00,1150.3233656217494
2028-09-28 05:00:00+02:00,1307.9857655308354
2028-09-28 06:00:00+02:00,1522.1408266674077
2028-09-28 07:00:00+02:00,1712.2289096550571
2028-09-28 08:00:00+02:00,1796.8805343943197
2028-09-28 09:00:00+02:00,1776.9571769255665
2028-09-28 10:00:00+02:00,1729.3284037086862
2028-09-28 11:00:00+02:00,1681.8170531472704
2028-09-28 12:00:00+02:00,1633.1205173973053
2028-09-28 13:00:00+02:00,1587.961018786428
2028-09-28 14:00:00+02:00,1549.2167732308135
2028-09-28 15:00:00+02:00,1544.6633321471672
2028-09-28 16:00:00+02:00,1578.7228496851815
2028-09-28 17:00:00+02:00,1780.7696745785372
2028-09-28 18:00:00+02:00,2089.5130956407656
2028-09-28 19:00:00+02:00,2253.356815334625
2028-09-28 20:00:00+02:00,2124.4518522280678
2028-09-28 21:00:00+02:00,1736.3754938322195
2028-09-28 22:00:00+02:00,1396.930583596685
2028-09-28 23:00:00+02:00,1156.4777528254222
2028-09-29 00:00:00+02:00,1021.7638226075737
2028-09-29 01:00:00+02:00,952.0213371140654
2028-09-29 02:00:00+02:00,918.0350734965582
2028-09-29 03:00:00+02:00,942.5261110612562
2028-09-29 04:00:00+02:00,1042.7479960790506
2028-09-29 05:00:00+02:00,1277.155314928243
2028-09-29 06:00:00+02:00,1555.5513158754816
2028-09-29 07:00:00+02:00,1784.1809338327748
2028-09-29 08:00:00+02:00,1847.4224288290768
2028-09-29 09:00:00+02:00,1791.4730611662087
2028-09-29 10:00:00+02:00,1710.7293578786791
2028-09-29 11:00:00+02:00,1642.6452454860296
2028-09-29 12:00:00+02:00,1612.5497642934426
2028-09-29 13:00:00+02:00,1595.4492790081858
2028-09-29 14:00:00+02:00,1589.2095446502008
2028-09-29 15:00:00+02:00,1581.9272378075977
2028-09-29 16:00:00+02:00,1636.5793743026575
2028-09-29 17:00:00+02:00,1852.980602860688
2028-09-29 18:00:00+02:00,2193.286088485189
2028-09-29 19:00:00+02:00,2339.0574393329803
2028-09-29 20:00:00+02:00,2164.1194886138114
2028-09-29 21:00:00+02:00,1756.100650962587
2028-09-29 22:00:00+02:00,1408.0025870510385
2028-09-29 23:00:00+02:00,1157.5593130469165
2028-09-30 00:00:00+02:00,853.2932754951622
2028-09-30 01:00:00+02:00,785.4572674863118
2028-09-30 02:00:00+02:00,778.8782338894372
2028-09-30 03:00:00+02:00,814.0578072982787
2028-09-30 04:00:00+02:00,881.690021057317
2028-09-30 05:00:00+02:00,1033.674260840176
2028-09-30 06:00:00+02:00,1214.5550104368108
2028-09-30 07:00:00+02:00,1400.5193627184026
2028-09-30 08:00:00+02:00,1495.7535597005556
2028-09-30 09:00:00+02:00,1530.9521251973647
2028-09-30 10:00:00+02:00,1522.612188916751
2028-09-30 11:00:00+02:00,1496.259446974053
2028-09-30 12:00:00+02:00,1467.066752521355
2028-09-30 13:00:00+02:00,1431.0230396617353
2028-09-30 14:00:00+02:00,1406.4624068864277
2028-09-30 15:00:00+02:00,1393.468648014021
2028-09-30 16:00:00+02:00,1408.1129010397333
2028-09-30 17:00:00+02:00,1543.0296519573578
2028-09-30 18:00:00+02:00,1748.3249054658393
2028-09-30 19:00:00+02:00,1865.8513927762365
2028-09-30 20:00:00+02:00,1777.4535681623215
2028-09-30 21:00:00+02:00,1503.2165825680472
2028-09-30 22:00:00+02:00,1209.1768874927807
2028-09-30 23:00:00+02:00,968.5441959472242
2028-10-01 00:00:00+02:00,795.2536418471719
2028-10-01 01:00:00+02:00,738.1840480242658
2028-10-01 02:00:00+02:00,724.5444156725288
2028-10-01 03:00:00+02:00,750.0737465157223
2028-10-01 04:00:00+02:00,814.6505873537146
2028-10-01 05:00:00+02:00,969.0355333006198
2028-10-01 06:00:00+02:00,1171.7699093186786
2028-10-01 07:00:00+02:00,1370.5181295585112
2028-10-01 08:00:00+02:00,1463.5621990189757
2028-10-01 09:00:00+02:00,1482.382678684014
2028-10-01 10:00:00+02:00,1464.8191166081997
2028-10-01 11:00:00+02:00,1440.322349624483
2028-10-01 12:00:00+02:00,1400.1034962785352
2028-10-01 13:00:00+02:00,1354.2831803511733
2028-10-01 14:00:00+02:00,1325.2213318173183
2028-10-01 15:00:00+02:00,1325.1167489408413
2028-10-01 16:00:00+02:00,1368.1546856632567
2028-10-01 17:00:00+02:00,1514.5454420105466
2028-10-01 18:00:00+02:00,1741.9419347673609
2028-10-01 19:00:00+02:00,1839.4554818281465
2028-10-01 20:00:00+02:00,1722.1761186383637
2028-10-01 21:00:00+02:00,1409.487467680906
2028-10-01 22:00:00+02:00,1140.3264027115529
2028-10-01 23:00:00+02:00,940.6609523974308
2028-10-02 00:00:00+02:00,978.3880372428465
2028-10-02 01:00:00+02:00,902.4922432112548
2028-10-02 02:00:00+02:00,871.1617166064118
2028-10-02 03:00:00+02:00,879.5826539358966
2028-10-02 04:00:00+02:00,969.9137904025689
2028-10-02 05:00:00+02:00,1188.338902291242
2028-10-02 06:00:00+02:00,1444.68693979047
2028-10-02 07:00:00+02:00,1648.8354048604551
2028-10-02 08:00:00+02:00,1709.298480297016
2028-10-02 09:00:00+02:00,1701.4613924848045
2028-10-02 10:00:00+02:00,1660.987218968445
2028-10-02 11:00:00+02:00,1622.778167562564
2028-10-02 12:00:00+02:00,1587.7773843243026
2028-10-02 13:00:00+02:00,1538.382072807677
2028-10-02 14:00:00+02:00,1503.6035397083403
2028-10-02 15:00:00+02:00,1491.366462468314
2028-10-02 16:00:00+02:00,1529.0460423848936
2028-10-02 17:00:00+02:00,1733.404180224568
2028-10-02 18:00:00+02:00,2038.6063673113224
2028-10-02 19:00:00+02:00,2200.344262402333
2028-10-02 20:00:00+02:00,2069.8945693826167
2028-10-02 21:00:00+02:00,1692.7182343129336
2028-10-02 22:00:00+02:00,1394.86692616635
2028-10-02 23:00:00+02:00,1181.6273552150456
2028-10-03 00:00:00+02:00,1047.2805036434065
2028-10-03 01:00:00+02:00,946.5157938126239
2028-10-03 02:00:00+02:00,889.4394565779439
2028-10-03 03:00:00+02:00,874.8057247306166
2028-10-03 04:00:00+02:00,955.3069418187907
2028-10-03 05:00:00+02:00,1149.8062549247577
2028-10-03 06:00:00+02:00,1397.5016700012532
2028-10-03 07:00:00+02:00,1621.833790374129
2028-10-03 08:00:00+02:00,1702.266477372391
2028-10-03 09:00:00+02:00,1679.1978448452887
2028-10-03 10:00:00+02:00,1600.015686737515
2028-10-03 11:00:00+02:00,1551.9851288878933
2028-10-03 12:00:00+02:00,1524.1317921439763
2028-10-03 13:00:00+02:00,1491.6732900049385
2028-10-03 14:00:00+02:00,1451.5720451783807
2028-10-03 15:00:00+02:00,1462.5401342035725
2028-10-03 16:00:00+02:00,1554.0954495238511
2028-10-03 17:00:00+02:00,1817.982734502305
2028-10-03 18:00:00+02:00,2145.635793328728
2028-10-03 19:00:00+02:00,2311.5687026361356
2028-10-03 20:00:00+02:00,2147.4668767162366
2028-10-03 21:00:00+02:00,1746.4363335648675
2028-10-03 22:00:00+02:00,1375.8046826730408
2028-10-03 23:00:00+02:00,1120.857005131376
2028-10-04 00:00:00+02:00,996.5042455873108
2028-10-04 01:00:00+02:00,909.6639540000327
2028-10-04 02:00:00+02:00,856.34312227607
2028-10-04 03:00:00+02:00,847.4517345841522
2028-10-04 04:00:00+02:00,911.8872184050551
2028-10-04 05:00:00+02:00,1122.0812201495905
2028-10-04 06:00:00+02:00,1394.024289260855
2028-10-04 07:00:00+02:00,1638.6066436948054
2028-10-04 08:00:00+02:00,1725.2919847082212
2028-10-04 09:00:00+02:00,1712.5829375899264
2028-10-04 10:00:00+02:00,1654.476650506325
2028-10-04 11:00:00+02:00,1606.447076393839
2028-10-04 12:00:00+02:00,1573.2214431896052
2028-10-04 13:00:00+02:00,1532.3702709351794
2028-10-04 14:00:00+02:00,1511.7532278664921
2028-10-04 15:00:00+02:00,1516.150169780595
2028-10-04 16:00:00+02:00,1590.1454568356673
2028-10-04 17:00:00+02:00,1810.5724416342916
2028-10-04 18:00:00+02:00,2126.151862934269
2028-10-04 19:00:00+02:00,2278.6183835500224
2028-10-04 20:00:00+02:00,2114.0945640445843
2028-10-04 21:00:00+02:00,1711.003030381142
2028-10-04 22:00:00+02:00,1351.0630248108305
2028-10-04 23:00:00+02:00,1101.803257810805
2028-10-05 00:00:00+02:00,978.3268013396412
2028-10-05 01:00:00+02:00,909.8729890446714
2028-10-05 02:00:00+02:00,901.6207094849674
2028-10-05 03:00:00+02:00,915.661701017683
2028-10-05 04:00:00+02:00,984.2361004911999
2028-10-05 05:00:00+02:00,1180.7088581189491
2028-10-05 06:00:00+02:00,1412.496196703115
2028-10-05 07:00:00+02:00,1634.50987162058
2028-10-05 08:00:00+02:00,1716.6808898551676
2028-10-05 09:00:00+02:00,1718.3525944409314
2028-10-05 10:00:00+02:00,1670.668643708431
2028-10-05 11:00:00+02:00,1620.0385703887382
2028-10-05 12:00:00+02:00,1593.0904030411848
2028-10-05 13:00:00+02:00,1575.3164193120415
2028-10-05 14:00:00+02:00,1566.068674904404
2028-10-05 15:00:00+02:00,1565.70797062064
2028-10-05 16:00:00+02:00,1615.5492173800778
2028-10-05 17:00:00+02:00,1825.2052758718553
2028-10-05 18:00:00+02:00,2085.872946455395
2028-10-05 19:00:00+02:00,2210.726365453736
2028-10-05 20:00:00+02:00,2028.0327156189505
2028-10-05 21:00:00+02:00,1630.0681938533764
2028-10-05 22:00:00+02:00,1265.1897209194635
2028-10-05 23:00:00+02:00,1015.6301757193461
